"id";"date_demande";"montant_demande";"pd";"score";"motif_1";"motif_2";"motif_3";"classe";"pd_classe";"decision"
"P016579";2024-07-01;15100;0,0429593769516286;592;NA;NA;NA;5;0,0514905149051491;"Accord"
"P016580";2024-07-01;3100;0,0190112864752032;616;NA;NA;NA;3;0,0298755186721992;"Accord"
"P016581";2024-07-01;23300;0,0544209147956188;584;NA;NA;NA;6;0,0623481781376518;"Accord"
"P016582";2024-07-01;9100;0,0277112003472159;604;NA;NA;NA;4;0,0305174701459531;"Accord"
"P016583";2024-07-01;12800;0,025987208630777;606;NA;NA;NA;4;0,0305174701459531;"Accord"
"P016584";2024-07-01;5900;0,0128048628886689;628;NA;NA;NA;2;0,0177364864864865;"Accord"
"P016585";2024-07-01;8700;0,0319736509851421;602;NA;NA;NA;4;0,0305174701459531;"Accord"
"P016586";2024-07-01;10900;0,00953206917099465;636;NA;NA;NA;1;0,00912106135986733;"Accord"
"P016587";2024-07-01;8900;0,0599551650888157;581;NA;NA;NA;6;0,0623481781376518;"Accord"
"P016588";2024-07-01;4300;0,0379242103749829;595;NA;NA;NA;4;0,0305174701459531;"Accord"
"P016589";2024-07-01;5400;0,0345207360134186;599;NA;NA;NA;4;0,0305174701459531;"Accord"
"P016590";2024-07-01;5100;0,102575945330598;565;NA;NA;NA;7;0,0828970331588133;"Accord"
"P016591";2024-07-01;8700;0,0284838657196046;603;NA;NA;NA;4;0,0305174701459531;"Accord"
"P016592";2024-07-01;2200;0,0602693912657461;581;NA;NA;NA;6;0,0623481781376518;"Accord"
"P016593";2024-07-01;6400;0,0575791511065587;584;NA;NA;NA;6;0,0623481781376518;"Accord"
"P016594";2024-07-01;7300;0,084507857331684;571;NA;NA;NA;7;0,0828970331588133;"Accord"
"P016595";2024-07-01;6200;0,0586878707190345;583;NA;NA;NA;6;0,0623481781376518;"Accord"
"P016596";2024-07-01;2500;0,0294612363073511;603;NA;NA;NA;4;0,0305174701459531;"Accord"
"P016597";2024-07-01;5600;0,0545595022182018;584;NA;NA;NA;6;0,0623481781376518;"Accord"
"P016598";2024-07-01;6200;0,0581090510147956;583;NA;NA;NA;6;0,0623481781376518;"Accord"
"P016599";2024-07-01;4500;0,0142234480750597;624;NA;NA;NA;2;0,0177364864864865;"Accord"
"P016600";2024-07-02;5700;0,0335145272006124;600;NA;NA;NA;4;0,0305174701459531;"Accord"
"P016601";2024-07-02;10800;0,122628069145864;559;"jours_decouvert_6m";"revenu_mensuel";"statut_logement";8;0,126416739319965;"Refus"
"P016602";2024-07-02;8400;0,0211174892013549;613;NA;NA;NA;3;0,0298755186721992;"Accord"
"P016603";2024-07-02;11000;0,00938913745151536;636;NA;NA;NA;1;0,00912106135986733;"Accord"
"P016604";2024-07-02;11300;0,235999579510865;536;"jours_decouvert_6m";"revenu_mensuel";"incidents_12m";9;0,268402154398564;"Refus"
"P016605";2024-07-02;2700;0,139638496936344;554;"jours_decouvert_6m";"utilisation_revolving";"revenu_mensuel";8;0,126416739319965;"Refus"
"P016606";2024-07-02;7600;0,0703398999764482;577;NA;NA;NA;6;0,0623481781376518;"Accord"
"P016607";2024-07-02;9700;0,025253929629507;607;NA;NA;NA;4;0,0305174701459531;"Accord"
"P016608";2024-07-02;9500;0,0809845274638728;573;NA;NA;NA;7;0,0828970331588133;"Accord"
"P016609";2024-07-02;10900;0,0285390826083848;605;NA;NA;NA;4;0,0305174701459531;"Accord"
"P016610";2024-07-02;4100;0,0275464301803087;606;NA;NA;NA;4;0,0305174701459531;"Accord"
"P016611";2024-07-02;4300;0,0520029780477652;585;NA;NA;NA;5;0,0514905149051491;"Accord"
"P016612";2024-07-02;5100;0,0603923273741355;582;NA;NA;NA;6;0,0623481781376518;"Accord"
"P016613";2024-07-02;23500;0,0110422080361113;631;NA;NA;NA;1;0,00912106135986733;"Accord"
"P016614";2024-07-02;8400;0,00421591487122849;660;NA;NA;NA;1;0,00912106135986733;"Accord"
"P016615";2024-07-02;19600;0,0319790204378269;601;NA;NA;NA;4;0,0305174701459531;"Accord"
"P016616";2024-07-02;6400;0,013688697986443;626;NA;NA;NA;2;0,0177364864864865;"Accord"
"P016617";2024-07-03;4300;0,036750687289722;597;NA;NA;NA;4;0,0305174701459531;"Accord"
"P016618";2024-07-03;8600;0,078022156555792;574;NA;NA;NA;7;0,0828970331588133;"Accord"
"P016619";2024-07-03;3100;0,0180238808857815;617;NA;NA;NA;2;0,0177364864864865;"Accord"
"P016620";2024-07-03;7200;0,0257299007759119;607;NA;NA;NA;4;0,0305174701459531;"Accord"
"P016621";2024-07-03;15600;0,160757698763124;551;"jours_decouvert_6m";"revenu_mensuel";"statut_logement";8;0,126416739319965;"Refus"
"P016622";2024-07-03;2700;0,297873332165213;527;"jours_decouvert_6m";"revenu_mensuel";"statut_logement";9;0,268402154398564;"Refus"
"P016623";2024-07-03;4600;0,0890699273913941;569;NA;NA;NA;7;0,0828970331588133;"Accord"
"P016624";2024-07-03;5700;0,0414970980540631;594;NA;NA;NA;4;0,0305174701459531;"Accord"
"P016625";2024-07-03;5100;0,110006932852682;562;"revenu_mensuel";"jours_decouvert_6m";"statut_logement";8;0,126416739319965;"Refus"
"P016626";2024-07-03;12300;0,0705855937253918;576;NA;NA;NA;6;0,0623481781376518;"Accord"
"P016627";2024-07-03;11300;0,100647615260892;566;NA;NA;NA;7;0,0828970331588133;"Accord"
"P016628";2024-07-03;14800;0,066603265836817;579;NA;NA;NA;6;0,0623481781376518;"Accord"
"P016629";2024-07-03;9300;0,0791323226218884;573;NA;NA;NA;7;0,0828970331588133;"Accord"
"P016630";2024-07-03;5900;0,0545231747905148;584;NA;NA;NA;6;0,0623481781376518;"Accord"
"P016631";2024-07-03;14900;0,0153654067683038;622;NA;NA;NA;2;0,0177364864864865;"Accord"
"P016632";2024-07-03;15100;0,117788455125044;560;"revenu_mensuel";"jours_decouvert_6m";"taux_endettement";8;0,126416739319965;"Refus"
"P016633";2024-07-03;9800;0,0275110607833204;605;NA;NA;NA;4;0,0305174701459531;"Accord"
"P016634";2024-07-03;10700;0,261665957007563;532;"jours_decouvert_6m";"revenu_mensuel";"taux_endettement";9;0,268402154398564;"Refus"
"P016635";2024-07-03;5800;0,247752104370069;535;"jours_decouvert_6m";"revenu_mensuel";"taux_endettement";9;0,268402154398564;"Refus"
"P016636";2024-07-03;6800;0,0416918856692734;593;NA;NA;NA;4;0,0305174701459531;"Accord"
"P016637";2024-07-03;3600;0,012177582318931;629;NA;NA;NA;1;0,00912106135986733;"Accord"
"P016638";2024-07-03;25200;0,0227213104262153;611;NA;NA;NA;3;0,0298755186721992;"Accord"
"P016639";2024-07-03;22700;0,147099098217795;553;"revenu_mensuel";"taux_endettement";"jours_decouvert_6m";8;0,126416739319965;"Refus"
"P016640";2024-07-03;8100;0,0165584152799815;620;NA;NA;NA;2;0,0177364864864865;"Accord"
"P016641";2024-07-03;16500;0,0364709484521414;597;NA;NA;NA;4;0,0305174701459531;"Accord"
"P016642";2024-07-03;3700;0,0418340674141377;593;NA;NA;NA;4;0,0305174701459531;"Accord"
"P016643";2024-07-03;16100;0,111927755582862;561;"jours_decouvert_6m";"revenu_mensuel";"taux_endettement";8;0,126416739319965;"Refus"
"P016644";2024-07-04;4900;0,13490994055543;556;"jours_decouvert_6m";"revenu_mensuel";"utilisation_revolving";8;0,126416739319965;"Refus"
"P016645";2024-07-04;13700;0,483360505316637;504;"jours_decouvert_6m";"revenu_mensuel";"taux_endettement";9;0,268402154398564;"Refus"
"P016646";2024-07-04;30100;0,143941233951162;554;"revenu_mensuel";"jours_decouvert_6m";"taux_endettement";8;0,126416739319965;"Refus"
"P016647";2024-07-04;14000;0,00952036971374434;636;NA;NA;NA;1;0,00912106135986733;"Accord"
"P016648";2024-07-04;7400;0,0663660036069224;578;NA;NA;NA;6;0,0623481781376518;"Accord"
"P016649";2024-07-04;5500;0,0157703939880476;622;NA;NA;NA;2;0,0177364864864865;"Accord"
"P016650";2024-07-04;11800;0,019970041390301;615;NA;NA;NA;3;0,0298755186721992;"Accord"
"P016651";2024-07-04;3100;0,0446719143198363;589;NA;NA;NA;5;0,0514905149051491;"Accord"
"P016652";2024-07-04;2900;0,173213681707976;547;"jours_decouvert_6m";"revenu_mensuel";"statut_logement";9;0,268402154398564;"Refus"
"P016653";2024-07-04;6700;0,130159098738639;557;"revenu_mensuel";"jours_decouvert_6m";"statut_logement";8;0,126416739319965;"Refus"
"P016654";2024-07-04;4100;0,0561540833104599;584;NA;NA;NA;6;0,0623481781376518;"Accord"
"P016655";2024-07-04;2100;0,19261369283811;543;"jours_decouvert_6m";"revenu_mensuel";"utilisation_revolving";9;0,268402154398564;"Refus"
"P016656";2024-07-04;4200;0,0189703090974675;616;NA;NA;NA;3;0,0298755186721992;"Accord"
"P016657";2024-07-04;2100;0,129959358053029;557;"jours_decouvert_6m";"revenu_mensuel";"utilisation_revolving";8;0,126416739319965;"Refus"
"P016658";2024-07-04;8000;0,0550367729049528;584;NA;NA;NA;6;0,0623481781376518;"Accord"
"P016659";2024-07-04;20400;0,0384001792898786;595;NA;NA;NA;4;0,0305174701459531;"Accord"
"P016660";2024-07-04;12800;0,0871961055645232;570;NA;NA;NA;7;0,0828970331588133;"Accord"
"P016661";2024-07-04;2700;0,0640591599271304;580;NA;NA;NA;6;0,0623481781376518;"Accord"
"P016662";2024-07-05;8600;0,00814406824779026;641;NA;NA;NA;1;0,00912106135986733;"Accord"
"P016663";2024-07-05;18400;0,00708756813640809;645;NA;NA;NA;1;0,00912106135986733;"Accord"
"P016664";2024-07-05;6200;0,0974599390007767;567;NA;NA;NA;7;0,0828970331588133;"Accord"
"P016665";2024-07-05;16400;0,0102885993770274;634;NA;NA;NA;1;0,00912106135986733;"Accord"
"P016666";2024-07-05;3200;0,0100376636910103;634;NA;NA;NA;1;0,00912106135986733;"Accord"
"P016667";2024-07-05;11800;0,0954185989290105;567;NA;NA;NA;7;0,0828970331588133;"Accord"
"P016668";2024-07-05;11400;0,111806454865181;561;"revenu_mensuel";"jours_decouvert_6m";"utilisation_revolving";8;0,126416739319965;"Refus"
"P016669";2024-07-05;4900;0,0161229417331303;621;NA;NA;NA;2;0,0177364864864865;"Accord"
"P016670";2024-07-05;3000;0,0191436723207557;615;NA;NA;NA;3;0,0298755186721992;"Accord"
"P016671";2024-07-05;7600;0,0302673701772451;602;NA;NA;NA;4;0,0305174701459531;"Accord"
"P016672";2024-07-05;7200;0,0986307341053922;566;NA;NA;NA;7;0,0828970331588133;"Accord"
"P016673";2024-07-05;8300;0,0604459145803802;582;NA;NA;NA;6;0,0623481781376518;"Accord"
"P016674";2024-07-05;15200;0,0292641805910193;603;NA;NA;NA;4;0,0305174701459531;"Accord"
"P016675";2024-07-05;50200;0,0659277468472484;578;NA;NA;NA;6;0,0623481781376518;"Accord"
"P016676";2024-07-06;10200;0,211001843325334;541;"jours_decouvert_6m";"revenu_mensuel";"taux_endettement";9;0,268402154398564;"Refus"
"P016677";2024-07-06;5700;0,395548533769321;514;"jours_decouvert_6m";"revenu_mensuel";"utilisation_revolving";9;0,268402154398564;"Refus"
"P016678";2024-07-06;5100;0,0317917735067826;600;NA;NA;NA;4;0,0305174701459531;"Accord"
"P016679";2024-07-06;12200;0,0288893577520729;603;NA;NA;NA;4;0,0305174701459531;"Accord"
"P016680";2024-07-06;2300;0,00868274389707079;639;NA;NA;NA;1;0,00912106135986733;"Accord"
"P016681";2024-07-06;27600;0,0324632029270167;601;NA;NA;NA;4;0,0305174701459531;"Accord"
"P016682";2024-07-06;2000;0,054951553977586;583;NA;NA;NA;6;0,0623481781376518;"Accord"
"P016683";2024-07-06;6500;0,0583494109845975;582;NA;NA;NA;6;0,0623481781376518;"Accord"
"P016684";2024-07-06;6900;0,116263214878317;561;"revenu_mensuel";"jours_decouvert_6m";"statut_logement";8;0,126416739319965;"Refus"
"P016685";2024-07-06;29600;0,0507977630406483;587;NA;NA;NA;5;0,0514905149051491;"Accord"
"P016686";2024-07-06;11600;0,17895100191847;546;"jours_decouvert_6m";"utilisation_revolving";"revenu_mensuel";9;0,268402154398564;"Refus"
"P016687";2024-07-06;6100;0,0171289005118337;620;NA;NA;NA;2;0,0177364864864865;"Accord"
"P016688";2024-07-06;4800;0,0186281874394057;617;NA;NA;NA;2;0,0177364864864865;"Accord"
"P016689";2024-07-06;11700;0,0861815660762379;571;NA;NA;NA;7;0,0828970331588133;"Accord"
"P016690";2024-07-06;7500;0,134438654885858;557;"jours_decouvert_6m";"statut_logement";"taux_endettement";8;0,126416739319965;"Refus"
"P016691";2024-07-06;12000;0,0364436422892206;597;NA;NA;NA;4;0,0305174701459531;"Accord"
"P016692";2024-07-07;7200;0,180340449740285;546;"jours_decouvert_6m";"revenu_mensuel";"taux_endettement";9;0,268402154398564;"Refus"
"P016693";2024-07-07;18300;0,155497233505661;551;"revenu_mensuel";"jours_decouvert_6m";"taux_endettement";8;0,126416739319965;"Refus"
"P016694";2024-07-07;6800;0,132199215707117;557;"jours_decouvert_6m";"revenu_mensuel";"statut_logement";8;0,126416739319965;"Refus"
"P016695";2024-07-07;13700;0,0259051873133515;606;NA;NA;NA;4;0,0305174701459531;"Accord"
"P016696";2024-07-07;6400;0,0321470705414655;600;NA;NA;NA;4;0,0305174701459531;"Accord"
"P016697";2024-07-07;5700;0,0809775669043639;572;NA;NA;NA;7;0,0828970331588133;"Accord"
"P016698";2024-07-07;6500;0,069638815298811;577;NA;NA;NA;6;0,0623481781376518;"Accord"
"P016699";2024-07-07;26200;0,0464541288338976;590;NA;NA;NA;5;0,0514905149051491;"Accord"
"P016700";2024-07-07;5400;0,032458305369706;599;NA;NA;NA;4;0,0305174701459531;"Accord"
"P016701";2024-07-07;16700;0,0112463612266521;631;NA;NA;NA;1;0,00912106135986733;"Accord"
"P016702";2024-07-07;15900;0,0346505588997267;598;NA;NA;NA;4;0,0305174701459531;"Accord"
"P016703";2024-07-07;10200;0,00666103544023272;647;NA;NA;NA;1;0,00912106135986733;"Accord"
"P016704";2024-07-07;4400;0,0385602984287633;596;NA;NA;NA;4;0,0305174701459531;"Accord"
"P016705";2024-07-07;5800;0,0459864150547871;590;NA;NA;NA;5;0,0514905149051491;"Accord"
"P016706";2024-07-08;7800;0,011562641669382;631;NA;NA;NA;1;0,00912106135986733;"Accord"
"P016707";2024-07-08;1800;0,0139628541501915;624;NA;NA;NA;2;0,0177364864864865;"Accord"
"P016708";2024-07-08;18900;0,0348040350340491;599;NA;NA;NA;4;0,0305174701459531;"Accord"
"P016709";2024-07-08;7300;0,051565240803804;587;NA;NA;NA;5;0,0514905149051491;"Accord"
"P016710";2024-07-08;5800;0,0461394652371889;589;NA;NA;NA;5;0,0514905149051491;"Accord"
"P016711";2024-07-08;7500;0,0775548909393984;573;NA;NA;NA;7;0,0828970331588133;"Accord"
"P016712";2024-07-08;14100;0,158096222892343;550;"jours_decouvert_6m";"revenu_mensuel";"taux_endettement";8;0,126416739319965;"Refus"
"P016713";2024-07-08;7300;0,0755987347125329;573;NA;NA;NA;7;0,0828970331588133;"Accord"
"P016714";2024-07-08;9000;0,0340682399078814;598;NA;NA;NA;4;0,0305174701459531;"Accord"
"P016715";2024-07-08;11300;0,0272329835379924;606;NA;NA;NA;4;0,0305174701459531;"Accord"
"P016716";2024-07-08;24400;0,0804512542606034;572;NA;NA;NA;7;0,0828970331588133;"Accord"
"P016717";2024-07-08;28900;0,0426775680315146;592;NA;NA;NA;5;0,0514905149051491;"Accord"
"P016718";2024-07-08;7700;0,10496261355089;564;"jours_decouvert_6m";"revenu_mensuel";"statut_logement";7;0,0828970331588133;"Refus"
"P016719";2024-07-08;15000;0,251536169617303;534;"jours_decouvert_6m";"revenu_mensuel";"statut_logement";9;0,268402154398564;"Refus"
"P016720";2024-07-09;1600;0,0121636346375685;629;NA;NA;NA;1;0,00912106135986733;"Accord"
"P016721";2024-07-09;3400;0,0245175225640732;609;NA;NA;NA;3;0,0298755186721992;"Accord"
"P016722";2024-07-09;10400;0,0222437503094571;611;NA;NA;NA;3;0,0298755186721992;"Accord"
"P016723";2024-07-09;2300;0,0203922385627322;614;NA;NA;NA;3;0,0298755186721992;"Accord"
"P016724";2024-07-09;7400;0,048863889384889;588;NA;NA;NA;5;0,0514905149051491;"Accord"
"P016725";2024-07-09;10700;0,0441150692704849;591;NA;NA;NA;5;0,0514905149051491;"Accord"
"P016726";2024-07-09;8000;0,0701452819878492;578;NA;NA;NA;6;0,0623481781376518;"Accord"
"P016727";2024-07-09;9800;0,0551890512581282;585;NA;NA;NA;5;0,0514905149051491;"Accord"
"P016728";2024-07-09;9500;0,0220930897369348;611;NA;NA;NA;3;0,0298755186721992;"Accord"
"P016729";2024-07-09;8400;0,0208177932679332;614;NA;NA;NA;3;0,0298755186721992;"Accord"
"P016730";2024-07-09;11200;0,0396697652681539;595;NA;NA;NA;4;0,0305174701459531;"Accord"
"P016731";2024-07-09;23700;0,0224179145665837;612;NA;NA;NA;3;0,0298755186721992;"Accord"
"P016732";2024-07-09;34500;0,210512912607883;541;"jours_decouvert_6m";"revenu_mensuel";"taux_endettement";9;0,268402154398564;"Refus"
"P016733";2024-07-10;3100;0,0107903591424454;633;NA;NA;NA;1;0,00912106135986733;"Accord"
"P016734";2024-07-10;2200;0,059161600688684;582;NA;NA;NA;6;0,0623481781376518;"Accord"
"P016735";2024-07-10;16400;0,0244339890455599;609;NA;NA;NA;3;0,0298755186721992;"Accord"
"P016736";2024-07-10;5900;0,14512717383972;552;"jours_decouvert_6m";"revenu_mensuel";"utilisation_revolving";8;0,126416739319965;"Refus"
"P016737";2024-07-10;11900;0,0488651318367032;588;NA;NA;NA;5;0,0514905149051491;"Accord"
"P016738";2024-07-10;9100;0,012953770844212;627;NA;NA;NA;2;0,0177364864864865;"Accord"
"P016739";2024-07-10;9600;0,051462199606216;586;NA;NA;NA;5;0,0514905149051491;"Accord"
"P016740";2024-07-10;5600;0,0336798823538566;600;NA;NA;NA;4;0,0305174701459531;"Accord"
"P016741";2024-07-10;6300;0,052042217966826;586;NA;NA;NA;5;0,0514905149051491;"Accord"
"P016742";2024-07-10;1500;0,0296354671915945;604;NA;NA;NA;4;0,0305174701459531;"Accord"
"P016743";2024-07-10;13700;0,0575565459426451;583;NA;NA;NA;6;0,0623481781376518;"Accord"
"P016744";2024-07-10;4600;0,0448244687932312;591;NA;NA;NA;5;0,0514905149051491;"Accord"
"P016745";2024-07-10;8400;0,0683690460183867;578;NA;NA;NA;6;0,0623481781376518;"Accord"
"P016746";2024-07-10;12600;0,00825017352374651;640;NA;NA;NA;1;0,00912106135986733;"Accord"
"P016747";2024-07-10;12800;0,0422081459482138;593;NA;NA;NA;4;0,0305174701459531;"Accord"
"P016748";2024-07-10;17300;0,0117721565247453;630;NA;NA;NA;1;0,00912106135986733;"Accord"
"P016749";2024-07-10;4100;0,0356139815013399;598;NA;NA;NA;4;0,0305174701459531;"Accord"
"P016750";2024-07-10;2300;0,0282579388116424;605;NA;NA;NA;4;0,0305174701459531;"Accord"
"P016751";2024-07-10;2200;0,0548687974305938;584;NA;NA;NA;6;0,0623481781376518;"Accord"
"P016752";2024-07-10;6400;0,0498484732395121;588;NA;NA;NA;5;0,0514905149051491;"Accord"
"P016753";2024-07-10;1700;0,0780003545292788;574;NA;NA;NA;7;0,0828970331588133;"Accord"
"P016754";2024-07-10;4600;0,0307384678364233;602;NA;NA;NA;4;0,0305174701459531;"Accord"
"P016755";2024-07-10;13400;0,0318249002324499;601;NA;NA;NA;4;0,0305174701459531;"Accord"
"P016756";2024-07-10;8100;0,00881863915981093;637;NA;NA;NA;1;0,00912106135986733;"Accord"
"P016757";2024-07-11;8600;0,0724293386650019;576;NA;NA;NA;6;0,0623481781376518;"Accord"
"P016758";2024-07-11;6200;0,012953770844212;627;NA;NA;NA;2;0,0177364864864865;"Accord"
"P016759";2024-07-11;9200;0,154668053297304;552;"jours_decouvert_6m";"revenu_mensuel";"taux_endettement";8;0,126416739319965;"Refus"
"P016760";2024-07-11;6000;0,0104114439569353;633;NA;NA;NA;1;0,00912106135986733;"Accord"
"P016761";2024-07-11;28100;0,0258250033288331;606;NA;NA;NA;4;0,0305174701459531;"Accord"
"P016762";2024-07-11;5600;0,053867779540793;585;NA;NA;NA;5;0,0514905149051491;"Accord"
"P016763";2024-07-11;26900;0,534605591468834;498;"jours_decouvert_6m";"revenu_mensuel";"utilisation_revolving";9;0,268402154398564;"Refus"
"P016764";2024-07-11;4400;0,027380996002879;605;NA;NA;NA;4;0,0305174701459531;"Accord"
"P016765";2024-07-11;22800;0,0309616617032429;603;NA;NA;NA;4;0,0305174701459531;"Accord"
"P016766";2024-07-11;9700;0,183941329399563;545;"jours_decouvert_6m";"revenu_mensuel";"statut_logement";9;0,268402154398564;"Refus"
"P016767";2024-07-11;12000;0,0496057743759043;586;NA;NA;NA;5;0,0514905149051491;"Accord"
"P016768";2024-07-11;3700;0,169316627289919;547;"jours_decouvert_6m";"revenu_mensuel";"utilisation_revolving";9;0,268402154398564;"Refus"
"P016769";2024-07-11;8800;0,161913619452092;550;"jours_decouvert_6m";"revenu_mensuel";"statut_logement";8;0,126416739319965;"Refus"
"P016770";2024-07-11;30700;0,172707758822656;547;"jours_decouvert_6m";"revenu_mensuel";"utilisation_revolving";9;0,268402154398564;"Refus"
"P016771";2024-07-12;5800;0,0519044430836397;586;NA;NA;NA;5;0,0514905149051491;"Accord"
"P016772";2024-07-12;5300;0,0161725696728457;621;NA;NA;NA;2;0,0177364864864865;"Accord"
"P016773";2024-07-12;8800;0,0136156433224656;626;NA;NA;NA;2;0,0177364864864865;"Accord"
"P016774";2024-07-12;13100;0,0397893676748719;594;NA;NA;NA;4;0,0305174701459531;"Accord"
"P016775";2024-07-12;18700;0,0450999424953201;591;NA;NA;NA;5;0,0514905149051491;"Accord"
"P016776";2024-07-12;6100;0,0976677715013652;566;NA;NA;NA;7;0,0828970331588133;"Accord"
"P016777";2024-07-12;13600;0,017274837413885;618;NA;NA;NA;2;0,0177364864864865;"Accord"
"P016778";2024-07-12;13100;0,0268288733855348;606;NA;NA;NA;4;0,0305174701459531;"Accord"
"P016779";2024-07-12;16300;0,133182375444202;556;"jours_decouvert_6m";"revenu_mensuel";"statut_logement";8;0,126416739319965;"Refus"
"P016780";2024-07-12;2600;0,0725983481332834;575;NA;NA;NA;6;0,0623481781376518;"Accord"
"P016781";2024-07-12;10000;0,0327067783861722;600;NA;NA;NA;4;0,0305174701459531;"Accord"
"P016782";2024-07-12;6700;0,0412648156186815;593;NA;NA;NA;4;0,0305174701459531;"Accord"
"P016783";2024-07-12;6400;0,187963440907046;545;"jours_decouvert_6m";"revenu_mensuel";"taux_endettement";9;0,268402154398564;"Refus"
"P016784";2024-07-12;17000;0,0681492852997747;578;NA;NA;NA;6;0,0623481781376518;"Accord"
"P016785";2024-07-12;16000;0,036038751833448;597;NA;NA;NA;4;0,0305174701459531;"Accord"
"P016786";2024-07-12;6300;0,012953770844212;627;NA;NA;NA;2;0,0177364864864865;"Accord"
"P016787";2024-07-12;4300;0,128030093195389;559;"jours_decouvert_6m";"revenu_mensuel";"taux_endettement";8;0,126416739319965;"Refus"
"P016788";2024-07-12;37000;0,0318640937596726;600;NA;NA;NA;4;0,0305174701459531;"Accord"
"P016789";2024-07-12;6800;0,223192720997605;538;"jours_decouvert_6m";"revenu_mensuel";"utilisation_revolving";9;0,268402154398564;"Refus"
"P016790";2024-07-12;17600;0,040501937784124;594;NA;NA;NA;4;0,0305174701459531;"Accord"
"P016791";2024-07-12;2200;0,366813529051178;518;"jours_decouvert_6m";"revenu_mensuel";"incidents_12m";9;0,268402154398564;"Refus"
"P016792";2024-07-12;44800;0,0109740211506921;632;NA;NA;NA;1;0,00912106135986733;"Accord"
"P016793";2024-07-12;12700;0,124418773874801;558;"jours_decouvert_6m";"revenu_mensuel";"statut_logement";8;0,126416739319965;"Refus"
"P016794";2024-07-13;17500;0,016633908515012;620;NA;NA;NA;2;0,0177364864864865;"Accord"
"P016795";2024-07-13;8800;0,0649776102374579;580;NA;NA;NA;6;0,0623481781376518;"Accord"
"P016796";2024-07-13;9600;0,0249239064798902;608;NA;NA;NA;3;0,0298755186721992;"Accord"
"P016797";2024-07-13;2300;0,0209386201178764;614;NA;NA;NA;3;0,0298755186721992;"Accord"
"P016798";2024-07-13;6100;0,0231149005481042;610;NA;NA;NA;3;0,0298755186721992;"Accord"
"P016799";2024-07-13;21000;0,0881666817746043;570;NA;NA;NA;7;0,0828970331588133;"Accord"
"P016800";2024-07-13;4400;0,0222019450088594;613;NA;NA;NA;3;0,0298755186721992;"Accord"
"P016801";2024-07-13;4800;0,0234022451301155;610;NA;NA;NA;3;0,0298755186721992;"Accord"
"P016802";2024-07-13;6300;0,0542334924547574;585;NA;NA;NA;5;0,0514905149051491;"Accord"
"P016803";2024-07-13;3000;0,0124860815564495;629;NA;NA;NA;1;0,00912106135986733;"Accord"
"P016804";2024-07-13;10900;0,0359830688653681;598;NA;NA;NA;4;0,0305174701459531;"Accord"
"P016805";2024-07-13;15400;0,053569620529079;585;NA;NA;NA;5;0,0514905149051491;"Accord"
"P016806";2024-07-13;3400;0,0842924935578616;570;NA;NA;NA;7;0,0828970331588133;"Accord"
"P016807";2024-07-13;7900;0,184870182788161;545;"jours_decouvert_6m";"revenu_mensuel";"incidents_12m";9;0,268402154398564;"Refus"
"P016808";2024-07-13;6000;0,012017053391058;628;NA;NA;NA;2;0,0177364864864865;"Accord"
"P016809";2024-07-13;14000;0,0291463515485346;602;NA;NA;NA;4;0,0305174701459531;"Accord"
"P016810";2024-07-14;8200;0,0404382975898924;593;NA;NA;NA;4;0,0305174701459531;"Accord"
"P016811";2024-07-14;13100;0,223652315443291;539;"jours_decouvert_6m";"revenu_mensuel";"statut_logement";9;0,268402154398564;"Refus"
"P016812";2024-07-14;13600;0,0483975045567554;588;NA;NA;NA;5;0,0514905149051491;"Accord"
"P016813";2024-07-14;13800;0,0246469318539297;608;NA;NA;NA;3;0,0298755186721992;"Accord"
"P016814";2024-07-14;6500;0,0845459495197554;571;NA;NA;NA;7;0,0828970331588133;"Accord"
"P016815";2024-07-14;12300;0,146576752708535;553;"jours_decouvert_6m";"utilisation_revolving";"taux_endettement";8;0,126416739319965;"Refus"
"P016816";2024-07-14;8100;0,035908563515428;597;NA;NA;NA;4;0,0305174701459531;"Accord"
"P016817";2024-07-14;7900;0,203208410735392;541;"jours_decouvert_6m";"revenu_mensuel";"statut_logement";9;0,268402154398564;"Refus"
"P016818";2024-07-14;14700;0,344768083101859;521;"jours_decouvert_6m";"revenu_mensuel";"taux_endettement";9;0,268402154398564;"Refus"
"P016819";2024-07-14;16000;0,0748600118920529;574;NA;NA;NA;7;0,0828970331588133;"Accord"
"P016820";2024-07-14;31100;0,329718848973839;523;"jours_decouvert_6m";"revenu_mensuel";"taux_endettement";9;0,268402154398564;"Refus"
"P016821";2024-07-14;14900;0,380892107375911;517;"jours_decouvert_6m";"revenu_mensuel";"taux_endettement";9;0,268402154398564;"Refus"
"P016822";2024-07-14;8600;0,0862165122309036;570;NA;NA;NA;7;0,0828970331588133;"Accord"
"P016823";2024-07-15;19600;0,0199778578389007;615;NA;NA;NA;3;0,0298755186721992;"Accord"
"P016824";2024-07-15;10800;0,181812666331713;545;"jours_decouvert_6m";"revenu_mensuel";"utilisation_revolving";9;0,268402154398564;"Refus"
"P016825";2024-07-15;10500;0,0150667532003502;623;NA;NA;NA;2;0,0177364864864865;"Accord"
"P016826";2024-07-15;4300;0,151965380081356;552;"jours_decouvert_6m";"revenu_mensuel";"statut_logement";8;0,126416739319965;"Refus"
"P016827";2024-07-15;8000;0,0150587434951739;622;NA;NA;NA;2;0,0177364864864865;"Accord"
"P016828";2024-07-15;8300;0,100317164988594;566;NA;NA;NA;7;0,0828970331588133;"Accord"
"P016829";2024-07-15;19800;0,126070585528533;557;"jours_decouvert_6m";"revenu_mensuel";"taux_endettement";8;0,126416739319965;"Refus"
"P016830";2024-07-15;9300;0,374417629328582;517;"jours_decouvert_6m";"revenu_mensuel";"taux_endettement";9;0,268402154398564;"Refus"
"P016831";2024-07-15;3100;0,0381258868526523;595;NA;NA;NA;4;0,0305174701459531;"Accord"
"P016832";2024-07-15;27700;0,0129590194917475;626;NA;NA;NA;2;0,0177364864864865;"Accord"
"P016833";2024-07-15;5000;0,0603556819821072;581;NA;NA;NA;6;0,0623481781376518;"Accord"
"P016834";2024-07-15;7600;0,0585107000986839;583;NA;NA;NA;6;0,0623481781376518;"Accord"
"P016835";2024-07-15;9300;0,0272212836909232;606;NA;NA;NA;4;0,0305174701459531;"Accord"
"P016836";2024-07-15;5800;0,0198340195423974;615;NA;NA;NA;3;0,0298755186721992;"Accord"
"P016837";2024-07-15;4600;0,123676188587308;558;"jours_decouvert_6m";"revenu_mensuel";"statut_logement";8;0,126416739319965;"Refus"
"P016838";2024-07-15;7900;0,0405568113446965;594;NA;NA;NA;4;0,0305174701459531;"Accord"
"P016839";2024-07-15;8700;0,128366239779799;558;"jours_decouvert_6m";"revenu_mensuel";"statut_logement";8;0,126416739319965;"Refus"
"P016840";2024-07-15;15200;0,389766089238293;515;"jours_decouvert_6m";"revenu_mensuel";"utilisation_revolving";9;0,268402154398564;"Refus"
"P016841";2024-07-15;4900;0,0968229870073344;567;NA;NA;NA;7;0,0828970331588133;"Accord"
"P016842";2024-07-15;11600;0,00934177055666912;637;NA;NA;NA;1;0,00912106135986733;"Accord"
"P016843";2024-07-16;9900;0,0360272610038192;597;NA;NA;NA;4;0,0305174701459531;"Accord"
"P016844";2024-07-16;2300;0,0248648920894068;609;NA;NA;NA;3;0,0298755186721992;"Accord"
"P016845";2024-07-16;10500;0,0858639340310795;571;NA;NA;NA;7;0,0828970331588133;"Accord"
"P016846";2024-07-16;11100;0,111541074416107;563;"jours_decouvert_6m";"revenu_mensuel";"utilisation_revolving";7;0,0828970331588133;"Refus"
"P016847";2024-07-16;14900;0,125781876090413;557;"jours_decouvert_6m";"revenu_mensuel";"utilisation_revolving";8;0,126416739319965;"Refus"
"P016848";2024-07-16;10000;0,160428972018645;549;"jours_decouvert_6m";"revenu_mensuel";"utilisation_revolving";8;0,126416739319965;"Refus"
"P016849";2024-07-16;19100;0,0308828990861365;602;NA;NA;NA;4;0,0305174701459531;"Accord"
"P016850";2024-07-16;5000;0,0359012181581177;597;NA;NA;NA;4;0,0305174701459531;"Accord"
"P016851";2024-07-16;10300;0,0316355310701644;600;NA;NA;NA;4;0,0305174701459531;"Accord"
"P016852";2024-07-16;19300;0,534605591468834;498;"jours_decouvert_6m";"revenu_mensuel";"utilisation_revolving";9;0,268402154398564;"Refus"
"P016853";2024-07-16;4800;0,0444964737379489;591;NA;NA;NA;5;0,0514905149051491;"Accord"
"P016854";2024-07-16;11800;0,0121419948320823;630;NA;NA;NA;1;0,00912106135986733;"Accord"
"P016855";2024-07-16;9500;0,0320052995452441;600;NA;NA;NA;4;0,0305174701459531;"Accord"
"P016856";2024-07-16;3800;0,0115228370549553;630;NA;NA;NA;1;0,00912106135986733;"Accord"
"P016857";2024-07-16;5700;0,0559275327929415;584;NA;NA;NA;6;0,0623481781376518;"Accord"
"P016858";2024-07-16;11800;0,0482174345756318;588;NA;NA;NA;5;0,0514905149051491;"Accord"
"P016859";2024-07-16;33500;0,0328708894346157;600;NA;NA;NA;4;0,0305174701459531;"Accord"
"P016860";2024-07-16;5600;0,234575897670605;537;"jours_decouvert_6m";"revenu_mensuel";"utilisation_revolving";9;0,268402154398564;"Refus"
"P016861";2024-07-16;16500;0,0532566707766338;586;NA;NA;NA;5;0,0514905149051491;"Accord"
"P016862";2024-07-16;13500;0,00965714411158156;635;NA;NA;NA;1;0,00912106135986733;"Accord"
"P016863";2024-07-16;1900;0,0607075223676996;581;NA;NA;NA;6;0,0623481781376518;"Accord"
"P016864";2024-07-16;19300;0,0590819896155651;582;NA;NA;NA;6;0,0623481781376518;"Accord"
"P016865";2024-07-16;24000;0,00670931729003605;646;NA;NA;NA;1;0,00912106135986733;"Accord"
"P016866";2024-07-17;16700;0,349311088930708;521;"jours_decouvert_6m";"revenu_mensuel";"taux_endettement";9;0,268402154398564;"Refus"
"P016867";2024-07-17;15600;0,0332805832381715;600;NA;NA;NA;4;0,0305174701459531;"Accord"
"P016868";2024-07-17;9900;0,010066365477844;634;NA;NA;NA;1;0,00912106135986733;"Accord"
"P016869";2024-07-17;3000;0,0180928813502192;617;NA;NA;NA;2;0,0177364864864865;"Accord"
"P016870";2024-07-17;7500;0,00874302340810761;638;NA;NA;NA;1;0,00912106135986733;"Accord"
"P016871";2024-07-17;14800;0,135185901146601;556;"revenu_mensuel";"jours_decouvert_6m";"taux_endettement";8;0,126416739319965;"Refus"
"P016872";2024-07-17;31500;0,0447012903769037;590;NA;NA;NA;5;0,0514905149051491;"Accord"
"P016873";2024-07-17;3300;0,0735033575563186;574;NA;NA;NA;7;0,0828970331588133;"Accord"
"P016874";2024-07-17;21500;0,0491183344951633;587;NA;NA;NA;5;0,0514905149051491;"Accord"
"P016875";2024-07-17;5300;0,0489954718430017;586;NA;NA;NA;5;0,0514905149051491;"Accord"
"P016876";2024-07-17;52500;0,290154035929498;529;"jours_decouvert_6m";"revenu_mensuel";"taux_endettement";9;0,268402154398564;"Refus"
"P016877";2024-07-17;14800;0,0161795395878758;620;NA;NA;NA;2;0,0177364864864865;"Accord"
"P016878";2024-07-17;1400;0,0650261426551828;578;NA;NA;NA;6;0,0623481781376518;"Accord"
"P016879";2024-07-17;25500;0,0364709484521414;597;NA;NA;NA;4;0,0305174701459531;"Accord"
"P016880";2024-07-17;15100;0,0257067409962961;607;NA;NA;NA;4;0,0305174701459531;"Accord"
"P016881";2024-07-17;14900;0,0364541325005787;597;NA;NA;NA;4;0,0305174701459531;"Accord"
"P016882";2024-07-17;8100;0,197656610141651;543;"jours_decouvert_6m";"revenu_mensuel";"incidents_12m";9;0,268402154398564;"Refus"
"P016883";2024-07-17;2300;0,1046024879428;563;"revenu_mensuel";"statut_logement";"taux_endettement";7;0,0828970331588133;"Refus"
"P016884";2024-07-17;25300;0,204749452845264;542;"jours_decouvert_6m";"revenu_mensuel";"taux_endettement";9;0,268402154398564;"Refus"
"P016885";2024-07-17;5200;0,0516385219806635;587;NA;NA;NA;5;0,0514905149051491;"Accord"
"P016886";2024-07-17;18400;0,040501937784124;594;NA;NA;NA;4;0,0305174701459531;"Accord"
"P016887";2024-07-17;25600;0,0571271048258235;583;NA;NA;NA;6;0,0623481781376518;"Accord"
"P016888";2024-07-18;2700;0,150969599183366;552;"jours_decouvert_6m";"revenu_mensuel";"utilisation_revolving";8;0,126416739319965;"Refus"
"P016889";2024-07-18;12400;0,0275148236954031;604;NA;NA;NA;4;0,0305174701459531;"Accord"
"P016890";2024-07-18;11900;0,0306570517254748;603;NA;NA;NA;4;0,0305174701459531;"Accord"
"P016891";2024-07-18;40500;0,0191129439492416;615;NA;NA;NA;3;0,0298755186721992;"Accord"
"P016892";2024-07-18;6200;0,0231407800286398;611;NA;NA;NA;3;0,0298755186721992;"Accord"
"P016893";2024-07-18;2800;0,0144531971225821;625;NA;NA;NA;2;0,0177364864864865;"Accord"
"P016894";2024-07-18;11100;0,0432836025981935;592;NA;NA;NA;5;0,0514905149051491;"Accord"
"P016895";2024-07-18;17500;0,0386912444775725;595;NA;NA;NA;4;0,0305174701459531;"Accord"
"P016896";2024-07-18;14700;0,128851493500025;558;"jours_decouvert_6m";"revenu_mensuel";"statut_logement";8;0,126416739319965;"Refus"
"P016897";2024-07-18;18400;0,0422446038269786;593;NA;NA;NA;4;0,0305174701459531;"Accord"
"P016898";2024-07-18;10600;0,0453777485952212;590;NA;NA;NA;5;0,0514905149051491;"Accord"
"P016899";2024-07-18;11100;0,0633662878142555;581;NA;NA;NA;6;0,0623481781376518;"Accord"
"P016900";2024-07-18;11200;0,0660016783338385;578;NA;NA;NA;6;0,0623481781376518;"Accord"
"P016901";2024-07-18;23600;0,252808066444078;533;"jours_decouvert_6m";"revenu_mensuel";"taux_endettement";9;0,268402154398564;"Refus"
"P016902";2024-07-18;10300;0,0450814006823235;590;NA;NA;NA;5;0,0514905149051491;"Accord"
"P016903";2024-07-18;8600;0,0748960953867584;574;NA;NA;NA;7;0,0828970331588133;"Accord"
"P016904";2024-07-18;5800;0,347628220421266;520;"jours_decouvert_6m";"revenu_mensuel";"utilisation_revolving";9;0,268402154398564;"Refus"
"P016905";2024-07-18;9800;0,256043246218982;533;"jours_decouvert_6m";"revenu_mensuel";"utilisation_revolving";9;0,268402154398564;"Refus"
"P016906";2024-07-18;37700;0,0216340686636911;612;NA;NA;NA;3;0,0298755186721992;"Accord"
"P016907";2024-07-18;34900;0,101410678330881;566;NA;NA;NA;7;0,0828970331588133;"Accord"
"P016908";2024-07-18;17400;0,0988987792911524;567;NA;NA;NA;7;0,0828970331588133;"Accord"
"P016909";2024-07-18;8300;0,047999776247342;589;NA;NA;NA;5;0,0514905149051491;"Accord"
"P016910";2024-07-18;2700;0,0126924719534984;628;NA;NA;NA;2;0,0177364864864865;"Accord"
"P016911";2024-07-18;20500;0,0042606902930325;659;NA;NA;NA;1;0,00912106135986733;"Accord"
"P016912";2024-07-18;11200;0,0241186469675649;609;NA;NA;NA;3;0,0298755186721992;"Accord"
"P016913";2024-07-18;5500;0,0172976325398641;618;NA;NA;NA;2;0,0177364864864865;"Accord"
"P016914";2024-07-19;18300;0,0124905131412293;629;NA;NA;NA;1;0,00912106135986733;"Accord"
"P016915";2024-07-19;2400;0,0437737893570306;591;NA;NA;NA;5;0,0514905149051491;"Accord"
"P016916";2024-07-19;22000;0,112099143634759;562;"revenu_mensuel";"jours_decouvert_6m";"taux_endettement";8;0,126416739319965;"Refus"
"P016917";2024-07-19;11700;0,00910950509512162;637;NA;NA;NA;1;0,00912106135986733;"Accord"
"P016918";2024-07-19;4500;0,0170193954591219;620;NA;NA;NA;2;0,0177364864864865;"Accord"
"P016919";2024-07-19;21700;0,0781082610006539;573;NA;NA;NA;7;0,0828970331588133;"Accord"
"P016920";2024-07-19;33300;0,0063251626665459;647;NA;NA;NA;1;0,00912106135986733;"Accord"
"P016921";2024-07-19;9300;0,118562468674079;560;"revenu_mensuel";"jours_decouvert_6m";"statut_logement";8;0,126416739319965;"Refus"
"P016922";2024-07-19;10300;0,0104154157700565;635;NA;NA;NA;1;0,00912106135986733;"Accord"
"P016923";2024-07-19;9400;0,315324874880625;524;"jours_decouvert_6m";"revenu_mensuel";"utilisation_revolving";9;0,268402154398564;"Refus"
"P016924";2024-07-19;6400;0,0293580506205303;604;NA;NA;NA;4;0,0305174701459531;"Accord"
"P016925";2024-07-19;9100;0,0621034109491596;580;NA;NA;NA;6;0,0623481781376518;"Accord"
"P016926";2024-07-19;18000;0,0035253233979768;665;NA;NA;NA;1;0,00912106135986733;"Accord"
"P016927";2024-07-19;17100;0,0723199368062542;576;NA;NA;NA;6;0,0623481781376518;"Accord"
"P016928";2024-07-19;9000;0,0352305918164627;598;NA;NA;NA;4;0,0305174701459531;"Accord"
"P016929";2024-07-19;3200;0,0570379295540862;583;NA;NA;NA;6;0,0623481781376518;"Accord"
"P016930";2024-07-19;67700;0,149588110001611;552;"jours_decouvert_6m";"revenu_mensuel";"utilisation_revolving";8;0,126416739319965;"Refus"
"P016931";2024-07-19;6600;0,283406729418344;529;"jours_decouvert_6m";"revenu_mensuel";"utilisation_revolving";9;0,268402154398564;"Refus"
"P016932";2024-07-19;1500;0,0180243424741351;619;NA;NA;NA;2;0,0177364864864865;"Accord"
"P016933";2024-07-19;7800;0,0822002499094514;571;NA;NA;NA;7;0,0828970331588133;"Accord"
"P016934";2024-07-19;3400;0,0812497258706938;571;NA;NA;NA;7;0,0828970331588133;"Accord"
"P016935";2024-07-19;7100;0,0107161247500806;633;NA;NA;NA;1;0,00912106135986733;"Accord"
"P016936";2024-07-20;13100;0,0217305118215268;611;NA;NA;NA;3;0,0298755186721992;"Accord"
"P016937";2024-07-20;10700;0,111083944474849;563;"jours_decouvert_6m";"statut_logement";"taux_endettement";7;0,0828970331588133;"Refus"
"P016938";2024-07-20;8800;0,0706744881929853;576;NA;NA;NA;6;0,0623481781376518;"Accord"
"P016939";2024-07-20;4500;0,0365227453400757;597;NA;NA;NA;4;0,0305174701459531;"Accord"
"P016940";2024-07-20;31300;0,0685660780414906;578;NA;NA;NA;6;0,0623481781376518;"Accord"
"P016941";2024-07-20;10700;0,0435105044117319;590;NA;NA;NA;5;0,0514905149051491;"Accord"
"P016942";2024-07-20;5700;0,0367710439808291;597;NA;NA;NA;4;0,0305174701459531;"Accord"
"P016943";2024-07-20;6800;0,0382877812262435;595;NA;NA;NA;4;0,0305174701459531;"Accord"
"P016944";2024-07-20;5800;0,00805881285379348;642;NA;NA;NA;1;0,00912106135986733;"Accord"
"P016945";2024-07-20;16700;0,05364702946531;585;NA;NA;NA;5;0,0514905149051491;"Accord"
"P016946";2024-07-20;8700;0,0242646638444448;608;NA;NA;NA;3;0,0298755186721992;"Accord"
"P016947";2024-07-20;9700;0,0261773587758429;607;NA;NA;NA;4;0,0305174701459531;"Accord"
"P016948";2024-07-20;4100;0,0169705247830646;619;NA;NA;NA;2;0,0177364864864865;"Accord"
"P016949";2024-07-20;2800;0,00582700669117972;651;NA;NA;NA;1;0,00912106135986733;"Accord"
"P016950";2024-07-20;16300;0,0537860634702401;585;NA;NA;NA;5;0,0514905149051491;"Accord"
"P016951";2024-07-20;12000;0,165713963657865;548;"jours_decouvert_6m";"revenu_mensuel";"incidents_12m";8;0,126416739319965;"Refus"
"P016952";2024-07-20;8800;0,0398839688782159;594;NA;NA;NA;4;0,0305174701459531;"Accord"
"P016953";2024-07-20;3100;0,0286139278503548;604;NA;NA;NA;4;0,0305174701459531;"Accord"
"P016954";2024-07-20;9900;0,157895534383678;550;"jours_decouvert_6m";"revenu_mensuel";"utilisation_revolving";8;0,126416739319965;"Refus"
"P016955";2024-07-20;13000;0,0486319833643038;588;NA;NA;NA;5;0,0514905149051491;"Accord"
"P016956";2024-07-20;32300;0,022295102341856;612;NA;NA;NA;3;0,0298755186721992;"Accord"
"P016957";2024-07-20;14900;0,225254421224319;538;"jours_decouvert_6m";"revenu_mensuel";"taux_endettement";9;0,268402154398564;"Refus"
"P016958";2024-07-21;17900;0,0576963984860155;582;NA;NA;NA;6;0,0623481781376518;"Accord"
"P016959";2024-07-21;9700;0,0257525219666553;606;NA;NA;NA;4;0,0305174701459531;"Accord"
"P016960";2024-07-21;8000;0,313838401726345;525;"jours_decouvert_6m";"revenu_mensuel";"statut_logement";9;0,268402154398564;"Refus"
"P016961";2024-07-21;8500;0,04505256744933;589;NA;NA;NA;5;0,0514905149051491;"Accord"
"P016962";2024-07-21;2400;0,043737309490501;592;NA;NA;NA;5;0,0514905149051491;"Accord"
"P016963";2024-07-21;13600;0,0123210399916643;629;NA;NA;NA;1;0,00912106135986733;"Accord"
"P016964";2024-07-21;8700;0,0700314884293848;577;NA;NA;NA;6;0,0623481781376518;"Accord"
"P016965";2024-07-21;11200;0,0141964849743058;625;NA;NA;NA;2;0,0177364864864865;"Accord"
"P016966";2024-07-21;5500;0,118121311320186;560;"jours_decouvert_6m";"revenu_mensuel";"taux_endettement";8;0,126416739319965;"Refus"
"P016967";2024-07-21;18400;0,0109726987465463;631;NA;NA;NA;1;0,00912106135986733;"Accord"
"P016968";2024-07-21;6700;0,0449108783655445;590;NA;NA;NA;5;0,0514905149051491;"Accord"
"P016969";2024-07-21;11600;0,025209095834044;607;NA;NA;NA;4;0,0305174701459531;"Accord"
"P016970";2024-07-21;18600;0,099357463459631;566;NA;NA;NA;7;0,0828970331588133;"Accord"
"P016971";2024-07-21;2700;0,121349076442152;559;"jours_decouvert_6m";"revenu_mensuel";"incidents_12m";8;0,126416739319965;"Refus"
"P016972";2024-07-21;3000;0,0264144222897265;606;NA;NA;NA;4;0,0305174701459531;"Accord"
"P016973";2024-07-21;4700;0,217233376807351;540;"jours_decouvert_6m";"revenu_mensuel";"taux_endettement";9;0,268402154398564;"Refus"
"P016974";2024-07-21;20700;0,0983886112323645;566;NA;NA;NA;7;0,0828970331588133;"Accord"
"P016975";2024-07-21;6500;0,0232327686270635;610;NA;NA;NA;3;0,0298755186721992;"Accord"
"P016976";2024-07-22;19600;0,131934463041907;557;"revenu_mensuel";"jours_decouvert_6m";"taux_endettement";8;0,126416739319965;"Refus"
"P016977";2024-07-22;5400;0,0207137784913709;614;NA;NA;NA;3;0,0298755186721992;"Accord"
"P016978";2024-07-22;7600;0,0878164114719899;570;NA;NA;NA;7;0,0828970331588133;"Accord"
"P016979";2024-07-22;6300;0,0363315742905208;597;NA;NA;NA;4;0,0305174701459531;"Accord"
"P016980";2024-07-22;2300;0,0208415699486912;612;NA;NA;NA;3;0,0298755186721992;"Accord"
"P016981";2024-07-22;9100;0,0502832679069161;587;NA;NA;NA;5;0,0514905149051491;"Accord"
"P016982";2024-07-22;8000;0,0895280705565913;568;NA;NA;NA;7;0,0828970331588133;"Accord"
"P016983";2024-07-22;9800;0,0254828075011617;608;NA;NA;NA;3;0,0298755186721992;"Accord"
"P016984";2024-07-22;8600;0,0697858648229485;577;NA;NA;NA;6;0,0623481781376518;"Accord"
"P016985";2024-07-22;9100;0,0527773365013307;585;NA;NA;NA;5;0,0514905149051491;"Accord"
"P016986";2024-07-22;7400;0,0564867094482118;584;NA;NA;NA;6;0,0623481781376518;"Accord"
"P016987";2024-07-22;12700;0,0270860157444685;605;NA;NA;NA;4;0,0305174701459531;"Accord"
"P016988";2024-07-22;13900;0,0866330123716937;571;NA;NA;NA;7;0,0828970331588133;"Accord"
"P016989";2024-07-22;29700;0,019731749266833;615;NA;NA;NA;3;0,0298755186721992;"Accord"
"P016990";2024-07-22;6900;0,0333653745544409;599;NA;NA;NA;4;0,0305174701459531;"Accord"
"P016991";2024-07-22;12600;0,0168760263493206;619;NA;NA;NA;2;0,0177364864864865;"Accord"
"P016992";2024-07-22;7200;0,0412337621421795;593;NA;NA;NA;4;0,0305174701459531;"Accord"
"P016993";2024-07-22;4700;0,211591169200783;540;"jours_decouvert_6m";"revenu_mensuel";"incidents_12m";9;0,268402154398564;"Refus"
"P016994";2024-07-23;6000;0,0603893176211903;582;NA;NA;NA;6;0,0623481781376518;"Accord"
"P016995";2024-07-23;6500;0,183585803533106;545;"jours_decouvert_6m";"revenu_mensuel";"utilisation_revolving";9;0,268402154398564;"Refus"
"P016996";2024-07-23;2300;0,0444645284129666;591;NA;NA;NA;5;0,0514905149051491;"Accord"
"P016997";2024-07-23;14600;0,200339661440577;542;"jours_decouvert_6m";"utilisation_revolving";"revenu_mensuel";9;0,268402154398564;"Refus"
"P016998";2024-07-23;9900;0,0274091009400212;605;NA;NA;NA;4;0,0305174701459531;"Accord"
"P016999";2024-07-23;12500;0,161913619452092;550;"jours_decouvert_6m";"revenu_mensuel";"statut_logement";8;0,126416739319965;"Refus"
"P017000";2024-07-23;2600;0,154627968530653;551;"jours_decouvert_6m";"revenu_mensuel";"statut_logement";8;0,126416739319965;"Refus"
"P017001";2024-07-23;14300;0,0193224690254424;616;NA;NA;NA;3;0,0298755186721992;"Accord"
"P017002";2024-07-23;11400;0,0280218679238178;604;NA;NA;NA;4;0,0305174701459531;"Accord"
"P017003";2024-07-23;14700;0,455880229882842;507;"jours_decouvert_6m";"revenu_mensuel";"utilisation_revolving";9;0,268402154398564;"Refus"
"P017004";2024-07-23;3300;0,106842217991908;564;"revenu_mensuel";"jours_decouvert_6m";"statut_logement";7;0,0828970331588133;"Refus"
"P017005";2024-07-23;5200;0,0459864150547871;590;NA;NA;NA;5;0,0514905149051491;"Accord"
"P017006";2024-07-23;9600;0,0947260709374168;566;NA;NA;NA;7;0,0828970331588133;"Accord"
"P017007";2024-07-23;19500;0,13164753927281;556;"revenu_mensuel";"jours_decouvert_6m";"taux_endettement";8;0,126416739319965;"Refus"
"P017008";2024-07-23;10700;0,0392420665451569;593;NA;NA;NA;4;0,0305174701459531;"Accord"
"P017009";2024-07-23;14600;0,0105888985348347;633;NA;NA;NA;1;0,00912106135986733;"Accord"
"P017010";2024-07-24;24000;0,0322003721894951;602;NA;NA;NA;4;0,0305174701459531;"Accord"
"P017011";2024-07-24;8700;0,0159173806682234;621;NA;NA;NA;2;0,0177364864864865;"Accord"
"P017012";2024-07-24;2800;0,0077614311664969;642;NA;NA;NA;1;0,00912106135986733;"Accord"
"P017013";2024-07-24;1500;0,012978974721413;628;NA;NA;NA;2;0,0177364864864865;"Accord"
"P017014";2024-07-24;5000;0,0137577333531435;625;NA;NA;NA;2;0,0177364864864865;"Accord"
"P017015";2024-07-24;1900;0,0583940274414078;582;NA;NA;NA;6;0,0623481781376518;"Accord"
"P017016";2024-07-24;4800;0,0845553448302963;571;NA;NA;NA;7;0,0828970331588133;"Accord"
"P017017";2024-07-24;11600;0,0145861491867528;623;NA;NA;NA;2;0,0177364864864865;"Accord"
"P017018";2024-07-24;26400;0,367135573950914;518;"jours_decouvert_6m";"revenu_mensuel";"utilisation_revolving";9;0,268402154398564;"Refus"
"P017019";2024-07-24;5200;0,019573455880974;616;NA;NA;NA;3;0,0298755186721992;"Accord"
"P017020";2024-07-24;5000;0,0686604317939777;578;NA;NA;NA;6;0,0623481781376518;"Accord"
"P017021";2024-07-24;4700;0,0163880512194186;620;NA;NA;NA;2;0,0177364864864865;"Accord"
"P017022";2024-07-24;11000;0,0678930536267527;578;NA;NA;NA;6;0,0623481781376518;"Accord"
"P017023";2024-07-24;9400;0,141641697985967;555;"jours_decouvert_6m";"revenu_mensuel";"statut_logement";8;0,126416739319965;"Refus"
"P017024";2024-07-24;10600;0,0230039542834314;609;NA;NA;NA;3;0,0298755186721992;"Accord"
"P017025";2024-07-24;24000;0,0968490929340474;567;NA;NA;NA;7;0,0828970331588133;"Accord"
"P017026";2024-07-24;7600;0,0339773598782557;598;NA;NA;NA;4;0,0305174701459531;"Accord"
"P017027";2024-07-24;2800;0,029828138870103;604;NA;NA;NA;4;0,0305174701459531;"Accord"
"P017028";2024-07-24;16600;0,139305166472542;555;"jours_decouvert_6m";"incidents_12m";"statut_logement";8;0,126416739319965;"Refus"
"P017029";2024-07-24;16900;0,0419495413247034;593;NA;NA;NA;4;0,0305174701459531;"Accord"
"P017030";2024-07-24;29300;0,0365715686741503;597;NA;NA;NA;4;0,0305174701459531;"Accord"
"P017031";2024-07-24;16000;0,161067686016646;550;"jours_decouvert_6m";"revenu_mensuel";"statut_logement";8;0,126416739319965;"Refus"
"P017032";2024-07-24;8000;0,247747669014622;535;"jours_decouvert_6m";"revenu_mensuel";"statut_logement";9;0,268402154398564;"Refus"
"P017033";2024-07-25;4200;0,201689184735802;543;"jours_decouvert_6m";"revenu_mensuel";"statut_logement";9;0,268402154398564;"Refus"
"P017034";2024-07-25;4600;0,0142943971558598;625;NA;NA;NA;2;0,0177364864864865;"Accord"
"P017035";2024-07-25;6100;0,050572913425805;588;NA;NA;NA;5;0,0514905149051491;"Accord"
"P017036";2024-07-25;14800;0,0479367319703328;589;NA;NA;NA;5;0,0514905149051491;"Accord"
"P017037";2024-07-25;11900;0,181265733849554;546;"jours_decouvert_6m";"revenu_mensuel";"taux_endettement";9;0,268402154398564;"Refus"
"P017038";2024-07-25;8500;0,116494293725447;561;"jours_decouvert_6m";"incidents_12m";"statut_logement";8;0,126416739319965;"Refus"
"P017039";2024-07-25;3200;0,0444283072727102;590;NA;NA;NA;5;0,0514905149051491;"Accord"
"P017040";2024-07-25;5100;0,109828238766663;563;"jours_decouvert_6m";"statut_logement";"incidents_12m";7;0,0828970331588133;"Refus"
"P017041";2024-07-25;12000;0,043539311164795;590;NA;NA;NA;5;0,0514905149051491;"Accord"
"P017042";2024-07-25;26100;0,0681184914389372;578;NA;NA;NA;6;0,0623481781376518;"Accord"
"P017043";2024-07-25;12200;0,0724438298128554;576;NA;NA;NA;6;0,0623481781376518;"Accord"
"P017044";2024-07-25;8600;0,149117413224094;553;"jours_decouvert_6m";"revenu_mensuel";"taux_endettement";8;0,126416739319965;"Refus"
"P017045";2024-07-25;3900;0,0481784645912324;589;NA;NA;NA;5;0,0514905149051491;"Accord"
"P017046";2024-07-25;17600;0,344768083101859;521;"jours_decouvert_6m";"revenu_mensuel";"taux_endettement";9;0,268402154398564;"Refus"
"P017047";2024-07-25;10400;0,227794203825984;538;"jours_decouvert_6m";"revenu_mensuel";"taux_endettement";9;0,268402154398564;"Refus"
"P017048";2024-07-26;32500;0,0734654426225109;575;NA;NA;NA;6;0,0623481781376518;"Accord"
"P017049";2024-07-26;7000;0,0426286123136946;593;NA;NA;NA;4;0,0305174701459531;"Accord"
"P017050";2024-07-26;42100;0,347899758060057;520;"jours_decouvert_6m";"revenu_mensuel";"taux_endettement";9;0,268402154398564;"Refus"
"P017051";2024-07-26;3000;0,0523306259483972;585;NA;NA;NA;5;0,0514905149051491;"Accord"
"P017052";2024-07-26;5300;0,0432099368952552;591;NA;NA;NA;5;0,0514905149051491;"Accord"
"P017053";2024-07-26;14400;0,106570691547676;564;"jours_decouvert_6m";"revenu_mensuel";"statut_logement";7;0,0828970331588133;"Refus"
"P017054";2024-07-26;3000;0,0132806210507683;627;NA;NA;NA;2;0,0177364864864865;"Accord"
"P017055";2024-07-26;3600;0,331826593922283;523;"jours_decouvert_6m";"revenu_mensuel";"utilisation_revolving";9;0,268402154398564;"Refus"
"P017056";2024-07-26;10400;0,0633662878142555;581;NA;NA;NA;6;0,0623481781376518;"Accord"
"P017057";2024-07-26;12400;0,0320852191048653;601;NA;NA;NA;4;0,0305174701459531;"Accord"
"P017058";2024-07-26;10300;0,0136356491192509;626;NA;NA;NA;2;0,0177364864864865;"Accord"
"P017059";2024-07-26;21200;0,0501917464537047;587;NA;NA;NA;5;0,0514905149051491;"Accord"
"P017060";2024-07-26;5400;0,0167704166572094;619;NA;NA;NA;2;0,0177364864864865;"Accord"
"P017061";2024-07-26;14800;0,127100116224352;558;"jours_decouvert_6m";"revenu_mensuel";"incidents_12m";8;0,126416739319965;"Refus"
"P017062";2024-07-26;13100;0,0374377855276648;596;NA;NA;NA;4;0,0305174701459531;"Accord"
"P017063";2024-07-26;7300;0,214358128909664;540;"revenu_mensuel";"jours_decouvert_6m";"taux_endettement";9;0,268402154398564;"Refus"
"P017064";2024-07-26;22800;0,00764947185384875;642;NA;NA;NA;1;0,00912106135986733;"Accord"
"P017065";2024-07-26;5500;0,0070114392163779;646;NA;NA;NA;1;0,00912106135986733;"Accord"
"P017066";2024-07-26;14800;0,0263497212698559;607;NA;NA;NA;4;0,0305174701459531;"Accord"
"P017067";2024-07-26;17200;0,026476079646511;606;NA;NA;NA;4;0,0305174701459531;"Accord"
"P017068";2024-07-27;6900;0,036038751833448;597;NA;NA;NA;4;0,0305174701459531;"Accord"
"P017069";2024-07-27;3500;0,0420313292724357;593;NA;NA;NA;4;0,0305174701459531;"Accord"
"P017070";2024-07-27;6100;0,0319964498656633;600;NA;NA;NA;4;0,0305174701459531;"Accord"
"P017071";2024-07-27;10100;0,0889984503646486;569;NA;NA;NA;7;0,0828970331588133;"Accord"
"P017072";2024-07-27;17200;0,158374718852953;551;"revenu_mensuel";"jours_decouvert_6m";"taux_endettement";8;0,126416739319965;"Refus"
"P017073";2024-07-27;4400;0,12983176131124;558;"jours_decouvert_6m";"statut_logement";"taux_endettement";8;0,126416739319965;"Refus"
"P017074";2024-07-27;18900;0,0518490184508609;586;NA;NA;NA;5;0,0514905149051491;"Accord"
"P017075";2024-07-27;9800;0,0404374206966317;593;NA;NA;NA;4;0,0305174701459531;"Accord"
"P017076";2024-07-27;15100;0,166638373780937;549;"jours_decouvert_6m";"revenu_mensuel";"utilisation_revolving";8;0,126416739319965;"Refus"
"P017077";2024-07-27;2800;0,0703764794381672;577;NA;NA;NA;6;0,0623481781376518;"Accord"
"P017078";2024-07-27;5700;0,0342851413319258;600;NA;NA;NA;4;0,0305174701459531;"Accord"
"P017079";2024-07-27;15300;0,0850665226021685;571;NA;NA;NA;7;0,0828970331588133;"Accord"
"P017080";2024-07-27;11900;0,0528262593862626;585;NA;NA;NA;5;0,0514905149051491;"Accord"
"P017081";2024-07-27;15900;0,0221622500745594;611;NA;NA;NA;3;0,0298755186721992;"Accord"
"P017082";2024-07-27;42300;0,214060423993826;539;"revenu_mensuel";"jours_decouvert_6m";"utilisation_revolving";9;0,268402154398564;"Refus"
"P017083";2024-07-27;12000;0,0376601538833177;596;NA;NA;NA;4;0,0305174701459531;"Accord"
"P017084";2024-07-27;11600;0,0211723797898559;614;NA;NA;NA;3;0,0298755186721992;"Accord"
"P017085";2024-07-27;9100;0,0473976801052052;589;NA;NA;NA;5;0,0514905149051491;"Accord"
"P017086";2024-07-27;8700;0,0208282424023338;614;NA;NA;NA;3;0,0298755186721992;"Accord"
"P017087";2024-07-27;5100;0,13576355905965;556;"jours_decouvert_6m";"revenu_mensuel";"statut_logement";8;0,126416739319965;"Refus"
"P017088";2024-07-27;31400;0,137562426157374;554;"jours_decouvert_6m";"revenu_mensuel";"utilisation_revolving";8;0,126416739319965;"Refus"
"P017089";2024-07-27;5500;0,00308127031528322;669;NA;NA;NA;1;0,00912106135986733;"Accord"
"P017090";2024-07-27;12800;0,00879142923111338;639;NA;NA;NA;1;0,00912106135986733;"Accord"
"P017091";2024-07-27;5300;0,0178441565479813;618;NA;NA;NA;2;0,0177364864864865;"Accord"
"P017092";2024-07-27;14200;0,0661032883790978;578;NA;NA;NA;6;0,0623481781376518;"Accord"
"P017093";2024-07-28;13100;0,00413727573322498;660;NA;NA;NA;1;0,00912106135986733;"Accord"
"P017094";2024-07-28;9200;0,097062029762617;567;NA;NA;NA;7;0,0828970331588133;"Accord"
"P017095";2024-07-28;3100;0,158968147642357;551;"jours_decouvert_6m";"statut_logement";"incidents_12m";8;0,126416739319965;"Refus"
"P017096";2024-07-28;6000;0,0267009465470025;606;NA;NA;NA;4;0,0305174701459531;"Accord"
"P017097";2024-07-28;5200;0,0925546843769553;568;NA;NA;NA;7;0,0828970331588133;"Accord"
"P017098";2024-07-28;9300;0,117543005639419;560;"revenu_mensuel";"taux_endettement";"statut_logement";8;0,126416739319965;"Refus"
"P017099";2024-07-28;5100;0,145795164673836;552;"jours_decouvert_6m";"revenu_mensuel";"utilisation_revolving";8;0,126416739319965;"Refus"
"P017100";2024-07-28;7500;0,0611568237138489;582;NA;NA;NA;6;0,0623481781376518;"Accord"
"P017101";2024-07-28;5800;0,124611173912134;559;"jours_decouvert_6m";"revenu_mensuel";"taux_endettement";8;0,126416739319965;"Refus"
"P017102";2024-07-28;5300;0,0241980629417625;610;NA;NA;NA;3;0,0298755186721992;"Accord"
"P017103";2024-07-28;5400;0,0629359430650426;580;NA;NA;NA;6;0,0623481781376518;"Accord"
"P017104";2024-07-28;7300;0,0148599086683316;624;NA;NA;NA;2;0,0177364864864865;"Accord"
"P017105";2024-07-29;3000;0,0637755366949116;580;NA;NA;NA;6;0,0623481781376518;"Accord"
"P017106";2024-07-29;3800;0,0890138685433121;570;NA;NA;NA;7;0,0828970331588133;"Accord"
"P017107";2024-07-29;3100;0,0090617044010566;639;NA;NA;NA;1;0,00912106135986733;"Accord"
"P017108";2024-07-29;6600;0,0202463865347403;615;NA;NA;NA;3;0,0298755186721992;"Accord"
"P017109";2024-07-29;12400;0,0195972358475722;615;NA;NA;NA;3;0,0298755186721992;"Accord"
"P017110";2024-07-29;18600;0,0382146579645808;596;NA;NA;NA;4;0,0305174701459531;"Accord"
"P017111";2024-07-29;3700;0,127865647181879;558;"jours_decouvert_6m";"revenu_mensuel";"statut_logement";8;0,126416739319965;"Refus"
"P017112";2024-07-29;4900;0,0148320113374197;624;NA;NA;NA;2;0,0177364864864865;"Accord"
"P017113";2024-07-29;16100;0,121315934583463;560;"jours_decouvert_6m";"revenu_mensuel";"statut_logement";8;0,126416739319965;"Refus"
"P017114";2024-07-29;7300;0,0244406119785776;609;NA;NA;NA;3;0,0298755186721992;"Accord"
"P017115";2024-07-29;10500;0,0133211152129012;626;NA;NA;NA;2;0,0177364864864865;"Accord"
"P017116";2024-07-29;9000;0,0377892795882983;595;NA;NA;NA;4;0,0305174701459531;"Accord"
"P017117";2024-07-29;5600;0,0448095258798211;590;NA;NA;NA;5;0,0514905149051491;"Accord"
"P017118";2024-07-29;4100;0,0271008793260031;606;NA;NA;NA;4;0,0305174701459531;"Accord"
"P017119";2024-07-29;4700;0,0448870554270794;591;NA;NA;NA;5;0,0514905149051491;"Accord"
"P017120";2024-07-29;16100;0,259664082874673;532;"jours_decouvert_6m";"revenu_mensuel";"utilisation_revolving";9;0,268402154398564;"Refus"
"P017121";2024-07-29;11700;0,0999187054688471;566;NA;NA;NA;7;0,0828970331588133;"Accord"
"P017122";2024-07-29;7900;0,00616091672921176;648;NA;NA;NA;1;0,00912106135986733;"Accord"
"P017123";2024-07-29;12900;0,0693725546885787;578;NA;NA;NA;6;0,0623481781376518;"Accord"
"P017124";2024-07-29;41200;0,0194488936696137;615;NA;NA;NA;3;0,0298755186721992;"Accord"
"P017125";2024-07-29;7500;0,0642207853501498;580;NA;NA;NA;6;0,0623481781376518;"Accord"
"P017126";2024-07-29;10700;0,199651740655984;542;"jours_decouvert_6m";"utilisation_revolving";"incidents_12m";9;0,268402154398564;"Refus"
"P017127";2024-07-29;4900;0,0216885751409701;613;NA;NA;NA;3;0,0298755186721992;"Accord"
"P017128";2024-07-29;3100;0,121699523024515;558;"jours_decouvert_6m";"revenu_mensuel";"statut_logement";8;0,126416739319965;"Refus"
"P017129";2024-07-30;10800;0,381724092920334;517;"jours_decouvert_6m";"revenu_mensuel";"taux_endettement";9;0,268402154398564;"Refus"
"P017130";2024-07-30;8600;0,07918384586994;573;NA;NA;NA;7;0,0828970331588133;"Accord"
"P017131";2024-07-30;10500;0,0334929148562031;600;NA;NA;NA;4;0,0305174701459531;"Accord"
"P017132";2024-07-30;11600;0,0201672692945963;614;NA;NA;NA;3;0,0298755186721992;"Accord"
"P017133";2024-07-30;6600;0,0646385818939666;580;NA;NA;NA;6;0,0623481781376518;"Accord"
"P017134";2024-07-30;3300;0,0514421205340616;586;NA;NA;NA;5;0,0514905149051491;"Accord"
"P017135";2024-07-30;3400;0,0172616887472609;619;NA;NA;NA;2;0,0177364864864865;"Accord"
"P017136";2024-07-30;2400;0,025860421283645;607;NA;NA;NA;4;0,0305174701459531;"Accord"
"P017137";2024-07-30;8600;0,0223765288410423;612;NA;NA;NA;3;0,0298755186721992;"Accord"
"P017138";2024-07-30;15100;0,0369438296126574;596;NA;NA;NA;4;0,0305174701459531;"Accord"
"P017139";2024-07-30;12900;0,111083944474849;563;"jours_decouvert_6m";"statut_logement";"taux_endettement";7;0,0828970331588133;"Refus"
"P017140";2024-07-30;5300;0,0256921163779542;608;NA;NA;NA;3;0,0298755186721992;"Accord"
"P017141";2024-07-30;5900;0,0259656812190128;606;NA;NA;NA;4;0,0305174701459531;"Accord"
"P017142";2024-07-30;30200;0,0404143888424124;594;NA;NA;NA;4;0,0305174701459531;"Accord"
"P017143";2024-07-30;8700;0,022557441639648;610;NA;NA;NA;3;0,0298755186721992;"Accord"
"P017144";2024-07-30;7300;0,126131378745988;558;"jours_decouvert_6m";"revenu_mensuel";"statut_logement";8;0,126416739319965;"Refus"
"P017145";2024-07-30;18800;0,237643254522383;536;"jours_decouvert_6m";"revenu_mensuel";"taux_endettement";9;0,268402154398564;"Refus"
"P017146";2024-07-30;6700;0,0227006273799753;612;NA;NA;NA;3;0,0298755186721992;"Accord"
"P017147";2024-07-30;38700;0,153461669550382;551;"revenu_mensuel";"taux_endettement";"statut_logement";8;0,126416739319965;"Refus"
"P017148";2024-07-30;33900;0,0225933094342482;611;NA;NA;NA;3;0,0298755186721992;"Accord"
"P017149";2024-07-30;33500;0,0105888985348347;633;NA;NA;NA;1;0,00912106135986733;"Accord"
"P017150";2024-07-30;5500;0,0211403515728779;612;NA;NA;NA;3;0,0298755186721992;"Accord"
"P017151";2024-07-30;7600;0,0164005953727527;620;NA;NA;NA;2;0,0177364864864865;"Accord"
"P017152";2024-07-30;16200;0,0276228810244213;605;NA;NA;NA;4;0,0305174701459531;"Accord"
"P017153";2024-07-30;3100;0,0306092773485957;602;NA;NA;NA;4;0,0305174701459531;"Accord"
"P017154";2024-07-30;5700;0,0607625950033199;581;NA;NA;NA;6;0,0623481781376518;"Accord"
"P017155";2024-07-30;3500;0,0541499151824317;586;NA;NA;NA;5;0,0514905149051491;"Accord"
"P017156";2024-07-31;9500;0,041170514853622;594;NA;NA;NA;4;0,0305174701459531;"Accord"
"P017157";2024-07-31;22500;0,0952951911329005;567;NA;NA;NA;7;0,0828970331588133;"Accord"
"P017158";2024-07-31;11900;0,286666506927561;529;"jours_decouvert_6m";"revenu_mensuel";"statut_logement";9;0,268402154398564;"Refus"
"P017159";2024-07-31;22500;0,0230189973285574;610;NA;NA;NA;3;0,0298755186721992;"Accord"
"P017160";2024-07-31;26100;0,0287108369272073;605;NA;NA;NA;4;0,0305174701459531;"Accord"
"P017161";2024-07-31;19200;0,0428946974569417;591;NA;NA;NA;5;0,0514905149051491;"Accord"
"P017162";2024-07-31;4300;0,104922756772616;565;NA;NA;NA;7;0,0828970331588133;"Accord"
"P017163";2024-07-31;16400;0,122909198449301;559;"jours_decouvert_6m";"revenu_mensuel";"utilisation_revolving";8;0,126416739319965;"Refus"
"P017164";2024-07-31;5900;0,0931495266438689;569;NA;NA;NA;7;0,0828970331588133;"Accord"
"P017165";2024-07-31;7000;0,0277885079688668;606;NA;NA;NA;4;0,0305174701459531;"Accord"
"P017166";2024-07-31;5500;0,0324516617423553;601;NA;NA;NA;4;0,0305174701459531;"Accord"
"P017167";2024-07-31;29200;0,0152951048320569;622;NA;NA;NA;2;0,0177364864864865;"Accord"
"P017168";2024-07-31;5600;0,0223269541361149;610;NA;NA;NA;3;0,0298755186721992;"Accord"
"P017169";2024-08-01;3700;0,0263239826785779;607;NA;NA;NA;4;0,0305174701459531;"Accord"
"P017170";2024-08-01;6600;0,0141472878247209;625;NA;NA;NA;2;0,0177364864864865;"Accord"
"P017171";2024-08-01;1800;0,0499249802990484;588;NA;NA;NA;5;0,0514905149051491;"Accord"
"P017172";2024-08-01;25600;0,108022824971818;564;"revenu_mensuel";"jours_decouvert_6m";"taux_endettement";7;0,0828970331588133;"Refus"
"P017173";2024-08-01;7600;0,0705564159888005;576;NA;NA;NA;6;0,0623481781376518;"Accord"
"P017174";2024-08-01;10400;0,111801067595132;562;"jours_decouvert_6m";"statut_logement";"utilisation_revolving";8;0,126416739319965;"Refus"
"P017175";2024-08-01;16500;0,0564729062878847;583;NA;NA;NA;6;0,0623481781376518;"Accord"
"P017176";2024-08-01;11000;0,295288398008574;527;"jours_decouvert_6m";"revenu_mensuel";"utilisation_revolving";9;0,268402154398564;"Refus"
"P017177";2024-08-01;3500;0,00872741530235764;639;NA;NA;NA;1;0,00912106135986733;"Accord"
"P017178";2024-08-01;4200;0,107636076538327;564;"jours_decouvert_6m";"revenu_mensuel";"incidents_12m";7;0,0828970331588133;"Refus"
"P017179";2024-08-01;5700;0,0215862172958034;613;NA;NA;NA;3;0,0298755186721992;"Accord"
"P017180";2024-08-01;5900;0,0243416953527518;608;NA;NA;NA;3;0,0298755186721992;"Accord"
"P017181";2024-08-01;29500;0,126349032573698;557;"revenu_mensuel";"jours_decouvert_6m";"taux_endettement";8;0,126416739319965;"Refus"
"P017182";2024-08-01;6800;0,189802527563442;544;"jours_decouvert_6m";"revenu_mensuel";"taux_endettement";9;0,268402154398564;"Refus"
"P017183";2024-08-01;6500;0,0308541642156913;601;NA;NA;NA;4;0,0305174701459531;"Accord"
"P017184";2024-08-01;11300;0,223161858289511;538;"revenu_mensuel";"jours_decouvert_6m";"taux_endettement";9;0,268402154398564;"Refus"
"P017185";2024-08-01;12100;0,0125397092911883;627;NA;NA;NA;2;0,0177364864864865;"Accord"
"P017186";2024-08-01;12500;0,00998949068702861;635;NA;NA;NA;1;0,00912106135986733;"Accord"
"P017187";2024-08-01;18300;0,0265217837097345;606;NA;NA;NA;4;0,0305174701459531;"Accord"
"P017188";2024-08-01;8200;0,0668504657299128;578;NA;NA;NA;6;0,0623481781376518;"Accord"
"P017189";2024-08-02;4700;0,043134408388667;592;NA;NA;NA;5;0,0514905149051491;"Accord"
"P017190";2024-08-02;6600;0,0351591633558146;598;NA;NA;NA;4;0,0305174701459531;"Accord"
"P017191";2024-08-02;4500;0,02679880077067;606;NA;NA;NA;4;0,0305174701459531;"Accord"
"P017192";2024-08-02;3700;0,224724323558063;538;"jours_decouvert_6m";"revenu_mensuel";"incidents_12m";9;0,268402154398564;"Refus"
"P017193";2024-08-02;9300;0,407836865256543;513;"jours_decouvert_6m";"revenu_mensuel";"utilisation_revolving";9;0,268402154398564;"Refus"
"P017194";2024-08-02;2400;0,0406263952206154;593;NA;NA;NA;4;0,0305174701459531;"Accord"
"P017195";2024-08-02;8200;0,0387319276133507;594;NA;NA;NA;4;0,0305174701459531;"Accord"
"P017196";2024-08-02;7800;0,16239504288737;550;"jours_decouvert_6m";"revenu_mensuel";"taux_endettement";8;0,126416739319965;"Refus"
"P017197";2024-08-02;3500;0,0759837122486057;575;NA;NA;NA;6;0,0623481781376518;"Accord"
"P017198";2024-08-02;21900;0,0633569407203222;579;NA;NA;NA;6;0,0623481781376518;"Accord"
"P017199";2024-08-02;6400;0,0215025224608082;612;NA;NA;NA;3;0,0298755186721992;"Accord"
"P017200";2024-08-02;2400;0,0144765946255692;626;NA;NA;NA;2;0,0177364864864865;"Accord"
"P017201";2024-08-02;25000;0,206602325176566;541;"jours_decouvert_6m";"revenu_mensuel";"taux_endettement";9;0,268402154398564;"Refus"
"P017202";2024-08-02;27700;0,017023746538565;620;NA;NA;NA;2;0,0177364864864865;"Accord"
"P017203";2024-08-03;4400;0,0100078041295786;634;NA;NA;NA;1;0,00912106135986733;"Accord"
"P017204";2024-08-03;15000;0,106213784202223;564;"jours_decouvert_6m";"revenu_mensuel";"statut_logement";7;0,0828970331588133;"Refus"
"P017205";2024-08-03;2500;0,0252270502964668;607;NA;NA;NA;4;0,0305174701459531;"Accord"
"P017206";2024-08-03;10800;0,00901423496963438;638;NA;NA;NA;1;0,00912106135986733;"Accord"
"P017207";2024-08-03;7000;0,0140738292807378;624;NA;NA;NA;2;0,0177364864864865;"Accord"
"P017208";2024-08-03;15500;0,00582700669117972;651;NA;NA;NA;1;0,00912106135986733;"Accord"
"P017209";2024-08-03;7000;0,00604066593354182;650;NA;NA;NA;1;0,00912106135986733;"Accord"
"P017210";2024-08-03;3000;0,211619469079741;540;"jours_decouvert_6m";"revenu_mensuel";"taux_endettement";9;0,268402154398564;"Refus"
"P017211";2024-08-03;17500;0,0209256579874379;612;NA;NA;NA;3;0,0298755186721992;"Accord"
"P017212";2024-08-03;15200;0,0105810883113221;634;NA;NA;NA;1;0,00912106135986733;"Accord"
"P017213";2024-08-03;15100;0,0192509315925685;615;NA;NA;NA;3;0,0298755186721992;"Accord"
"P017214";2024-08-03;3400;0,139205795990222;554;"jours_decouvert_6m";"revenu_mensuel";"utilisation_revolving";8;0,126416739319965;"Refus"
"P017215";2024-08-03;11400;0,0666204491040553;579;NA;NA;NA;6;0,0623481781376518;"Accord"
"P017216";2024-08-03;5400;0,0426286123136946;593;NA;NA;NA;4;0,0305174701459531;"Accord"
"P017217";2024-08-03;3400;0,00532514064654543;654;NA;NA;NA;1;0,00912106135986733;"Accord"
"P017218";2024-08-03;8400;0,0146922795087455;624;NA;NA;NA;2;0,0177364864864865;"Accord"
"P017219";2024-08-03;7600;0,0365204981320887;597;NA;NA;NA;4;0,0305174701459531;"Accord"
"P017220";2024-08-03;12100;0,121997773003423;558;"jours_decouvert_6m";"revenu_mensuel";"statut_logement";8;0,126416739319965;"Refus"
"P017221";2024-08-03;3200;0,0544886749387714;585;NA;NA;NA;5;0,0514905149051491;"Accord"
"P017222";2024-08-03;21800;0,0367243307921299;596;NA;NA;NA;4;0,0305174701459531;"Accord"
"P017223";2024-08-03;3500;0,0251988176317921;608;NA;NA;NA;3;0,0298755186721992;"Accord"
"P017224";2024-08-03;12100;0,158281301676983;551;"jours_decouvert_6m";"revenu_mensuel";"statut_logement";8;0,126416739319965;"Refus"
"P017225";2024-08-04;45800;0,101306492125833;566;NA;NA;NA;7;0,0828970331588133;"Accord"
"P017226";2024-08-04;20600;0,0351591633558146;598;NA;NA;NA;4;0,0305174701459531;"Accord"
"P017227";2024-08-04;3700;0,126131378745988;558;"jours_decouvert_6m";"revenu_mensuel";"statut_logement";8;0,126416739319965;"Refus"
"P017228";2024-08-04;4800;0,0978871216570018;567;NA;NA;NA;7;0,0828970331588133;"Accord"
"P017229";2024-08-04;6300;0,0920143690482527;569;NA;NA;NA;7;0,0828970331588133;"Accord"
"P017230";2024-08-04;11500;0,0173466306871233;620;NA;NA;NA;2;0,0177364864864865;"Accord"
"P017231";2024-08-04;7600;0,224301733192922;539;"jours_decouvert_6m";"revenu_mensuel";"taux_endettement";9;0,268402154398564;"Refus"
"P017232";2024-08-04;1800;0,02735301917649;605;NA;NA;NA;4;0,0305174701459531;"Accord"
"P017233";2024-08-04;2300;0,024691622388609;609;NA;NA;NA;3;0,0298755186721992;"Accord"
"P017234";2024-08-04;36800;0,0353566212087947;599;NA;NA;NA;4;0,0305174701459531;"Accord"
"P017235";2024-08-04;4200;0,0674909039205337;579;NA;NA;NA;6;0,0623481781376518;"Accord"
"P017236";2024-08-04;11100;0,256270928404684;532;"jours_decouvert_6m";"revenu_mensuel";"taux_endettement";9;0,268402154398564;"Refus"
"P017237";2024-08-04;16700;0,0273151359636703;605;NA;NA;NA;4;0,0305174701459531;"Accord"
"P017238";2024-08-04;26000;0,0337289128357806;599;NA;NA;NA;4;0,0305174701459531;"Accord"
"P017239";2024-08-04;1900;0,0282754386182773;604;NA;NA;NA;4;0,0305174701459531;"Accord"
"P017240";2024-08-04;36600;0,0369315401196246;597;NA;NA;NA;4;0,0305174701459531;"Accord"
"P017241";2024-08-04;2200;0,0154143630454777;623;NA;NA;NA;2;0,0177364864864865;"Accord"
"P017242";2024-08-05;23200;0,016403112756808;621;NA;NA;NA;2;0,0177364864864865;"Accord"
"P017243";2024-08-05;10400;0,0403300805238935;594;NA;NA;NA;4;0,0305174701459531;"Accord"
"P017244";2024-08-05;5100;0,0364541325005787;597;NA;NA;NA;4;0,0305174701459531;"Accord"
"P017245";2024-08-05;10800;0,0520894918874452;586;NA;NA;NA;5;0,0514905149051491;"Accord"
"P017246";2024-08-05;9300;0,014749151413783;623;NA;NA;NA;2;0,0177364864864865;"Accord"
"P017247";2024-08-05;15300;0,0646385818939666;580;NA;NA;NA;6;0,0623481781376518;"Accord"
"P017248";2024-08-05;33900;0,0381154137911298;595;NA;NA;NA;4;0,0305174701459531;"Accord"
"P017249";2024-08-05;15700;0,0388135461688843;595;NA;NA;NA;4;0,0305174701459531;"Accord"
"P017250";2024-08-05;4700;0,0120450429714163;630;NA;NA;NA;1;0,00912106135986733;"Accord"
"P017251";2024-08-05;3500;0,0185461614625397;617;NA;NA;NA;2;0,0177364864864865;"Accord"
"P017252";2024-08-05;18900;0,0168403820544238;619;NA;NA;NA;2;0,0177364864864865;"Accord"
"P017253";2024-08-05;6500;0,181265733849554;546;"jours_decouvert_6m";"revenu_mensuel";"taux_endettement";9;0,268402154398564;"Refus"
"P017254";2024-08-05;12900;0,311079417909651;526;"jours_decouvert_6m";"revenu_mensuel";"statut_logement";9;0,268402154398564;"Refus"
"P017255";2024-08-05;12800;0,0238866379159365;608;NA;NA;NA;3;0,0298755186721992;"Accord"
"P017256";2024-08-05;9200;0,0109027551833697;633;NA;NA;NA;1;0,00912106135986733;"Accord"
"P017257";2024-08-05;5000;0,0904959516444483;568;NA;NA;NA;7;0,0828970331588133;"Accord"
"P017258";2024-08-05;14300;0,0291315753364026;603;NA;NA;NA;4;0,0305174701459531;"Accord"
"P017259";2024-08-05;11800;0,0139449106300154;624;NA;NA;NA;2;0,0177364864864865;"Accord"
"P017260";2024-08-05;9800;0,0382739742555434;595;NA;NA;NA;4;0,0305174701459531;"Accord"
"P017261";2024-08-05;8600;0,0912449968503864;568;NA;NA;NA;7;0,0828970331588133;"Accord"
"P017262";2024-08-05;9500;0,090607893201133;569;NA;NA;NA;7;0,0828970331588133;"Accord"
"P017263";2024-08-05;8100;0,149992663290941;553;"revenu_mensuel";"jours_decouvert_6m";"taux_endettement";8;0,126416739319965;"Refus"
"P017264";2024-08-05;8500;0,0977608942930153;566;NA;NA;NA;7;0,0828970331588133;"Accord"
"P017265";2024-08-05;19000;0,0135373543469895;625;NA;NA;NA;2;0,0177364864864865;"Accord"
"P017266";2024-08-05;3300;0,0369438296126574;596;NA;NA;NA;4;0,0305174701459531;"Accord"
"P017267";2024-08-05;6800;0,0644625288159792;579;NA;NA;NA;6;0,0623481781376518;"Accord"
"P017268";2024-08-06;11500;0,0226975524776585;611;NA;NA;NA;3;0,0298755186721992;"Accord"
"P017269";2024-08-06;6400;0,0233818288404105;610;NA;NA;NA;3;0,0298755186721992;"Accord"
"P017270";2024-08-06;3100;0,0189063983180231;615;NA;NA;NA;3;0,0298755186721992;"Accord"
"P017271";2024-08-06;2100;0,034001997885711;599;NA;NA;NA;4;0,0305174701459531;"Accord"
"P017272";2024-08-06;13400;0,0180971312201806;618;NA;NA;NA;2;0,0177364864864865;"Accord"
"P017273";2024-08-06;7000;0,0506009595650163;587;NA;NA;NA;5;0,0514905149051491;"Accord"
"P017274";2024-08-06;27600;0,0656683500065666;580;NA;NA;NA;6;0,0623481781376518;"Accord"
"P017275";2024-08-06;5300;0,0333928265206037;599;NA;NA;NA;4;0,0305174701459531;"Accord"
"P017276";2024-08-06;5900;0,159530060739305;551;"revenu_mensuel";"jours_decouvert_6m";"taux_endettement";8;0,126416739319965;"Refus"
"P017277";2024-08-06;23100;0,0313964941468079;602;NA;NA;NA;4;0,0305174701459531;"Accord"
"P017278";2024-08-06;16600;0,0186955856944947;617;NA;NA;NA;2;0,0177364864864865;"Accord"
"P017279";2024-08-06;5000;0,0265053742456406;607;NA;NA;NA;4;0,0305174701459531;"Accord"
"P017280";2024-08-06;5100;0,0566477702983908;584;NA;NA;NA;6;0,0623481781376518;"Accord"
"P017281";2024-08-06;5100;0,0430888331538401;592;NA;NA;NA;5;0,0514905149051491;"Accord"
"P017282";2024-08-06;16600;0,102863079901343;564;"jours_decouvert_6m";"revenu_mensuel";"taux_endettement";7;0,0828970331588133;"Refus"
"P017283";2024-08-06;2900;0,0241334727499024;610;NA;NA;NA;3;0,0298755186721992;"Accord"
"P017284";2024-08-06;9600;0,032333364406924;599;NA;NA;NA;4;0,0305174701459531;"Accord"
"P017285";2024-08-07;6000;0,0945936547254751;568;NA;NA;NA;7;0,0828970331588133;"Accord"
"P017286";2024-08-07;9400;0,0475467071741638;589;NA;NA;NA;5;0,0514905149051491;"Accord"
"P017287";2024-08-07;11400;0,0170180318051667;620;NA;NA;NA;2;0,0177364864864865;"Accord"
"P017288";2024-08-07;7000;0,217233376807351;540;"jours_decouvert_6m";"revenu_mensuel";"taux_endettement";9;0,268402154398564;"Refus"
"P017289";2024-08-07;22600;0,0389533018525698;594;NA;NA;NA;4;0,0305174701459531;"Accord"
"P017290";2024-08-07;5600;0,0648136765419369;579;NA;NA;NA;6;0,0623481781376518;"Accord"
"P017291";2024-08-07;17200;0,0481734282236121;588;NA;NA;NA;5;0,0514905149051491;"Accord"
"P017292";2024-08-07;23100;0,0470030370420387;589;NA;NA;NA;5;0,0514905149051491;"Accord"
"P017293";2024-08-07;5100;0,0208623073047894;613;NA;NA;NA;3;0,0298755186721992;"Accord"
"P017294";2024-08-07;4400;0,0236400913891526;610;NA;NA;NA;3;0,0298755186721992;"Accord"
"P017295";2024-08-07;11200;0,235607896526887;537;"jours_decouvert_6m";"revenu_mensuel";"statut_logement";9;0,268402154398564;"Refus"
"P017296";2024-08-07;11900;0,0811031773965379;572;NA;NA;NA;7;0,0828970331588133;"Accord"
"P017297";2024-08-07;1900;0,0149610658390769;624;NA;NA;NA;2;0,0177364864864865;"Accord"
"P017298";2024-08-07;2800;0,128929603590562;558;"jours_decouvert_6m";"revenu_mensuel";"statut_logement";8;0,126416739319965;"Refus"
"P017299";2024-08-07;16000;0,231334214253221;537;"jours_decouvert_6m";"revenu_mensuel";"utilisation_revolving";9;0,268402154398564;"Refus"
"P017300";2024-08-07;16700;0,0477793985527516;588;NA;NA;NA;5;0,0514905149051491;"Accord"
"P017301";2024-08-07;15000;0,0477121471433506;589;NA;NA;NA;5;0,0514905149051491;"Accord"
"P017302";2024-08-07;12200;0,0460311016898307;589;NA;NA;NA;5;0,0514905149051491;"Accord"
"P017303";2024-08-07;5600;0,0589860791707901;583;NA;NA;NA;6;0,0623481781376518;"Accord"
"P017304";2024-08-07;8600;0,0153156943893154;623;NA;NA;NA;2;0,0177364864864865;"Accord"
"P017305";2024-08-07;6400;0,105910911221134;563;"jours_decouvert_6m";"utilisation_revolving";"statut_logement";7;0,0828970331588133;"Refus"
"P017306";2024-08-08;8300;0,0529149929933759;586;NA;NA;NA;5;0,0514905149051491;"Accord"
"P017307";2024-08-08;11100;0,0659275859704731;579;NA;NA;NA;6;0,0623481781376518;"Accord"
"P017308";2024-08-08;29400;0,0300092604787949;602;NA;NA;NA;4;0,0305174701459531;"Accord"
"P017309";2024-08-08;20300;0,129564289335946;558;"jours_decouvert_6m";"revenu_mensuel";"statut_logement";8;0,126416739319965;"Refus"
"P017310";2024-08-08;5700;0,0192486894619841;615;NA;NA;NA;3;0,0298755186721992;"Accord"
"P017311";2024-08-08;8900;0,0472715630281629;589;NA;NA;NA;5;0,0514905149051491;"Accord"
"P017312";2024-08-08;4400;0,0566639193206006;584;NA;NA;NA;6;0,0623481781376518;"Accord"
"P017313";2024-08-08;5100;0,0709816807732152;577;NA;NA;NA;6;0,0623481781376518;"Accord"
"P017314";2024-08-08;9100;0,0344832610752566;598;NA;NA;NA;4;0,0305174701459531;"Accord"
"P017315";2024-08-08;4800;0,0198556399537435;616;NA;NA;NA;3;0,0298755186721992;"Accord"
"P017316";2024-08-08;14900;0,275800525432004;530;"jours_decouvert_6m";"revenu_mensuel";"taux_endettement";9;0,268402154398564;"Refus"
"P017317";2024-08-09;13300;0,0134207151974804;627;NA;NA;NA;2;0,0177364864864865;"Accord"
"P017318";2024-08-09;15400;0,0493142389542385;587;NA;NA;NA;5;0,0514905149051491;"Accord"
"P017319";2024-08-09;4800;0,0599452780409507;582;NA;NA;NA;6;0,0623481781376518;"Accord"
"P017320";2024-08-09;25400;0,0155417382661341;622;NA;NA;NA;2;0,0177364864864865;"Accord"
"P017321";2024-08-09;18500;0,128030093195389;559;"jours_decouvert_6m";"revenu_mensuel";"taux_endettement";8;0,126416739319965;"Refus"
"P017322";2024-08-09;5600;0,0302988259716365;602;NA;NA;NA;4;0,0305174701459531;"Accord"
"P017323";2024-08-09;12100;0,018779189244993;616;NA;NA;NA;3;0,0298755186721992;"Accord"
"P017324";2024-08-09;22200;0,038912820487298;595;NA;NA;NA;4;0,0305174701459531;"Accord"
"P017325";2024-08-09;21000;0,0673663064582422;578;NA;NA;NA;6;0,0623481781376518;"Accord"
"P017326";2024-08-09;14500;0,0458991411762141;590;NA;NA;NA;5;0,0514905149051491;"Accord"
"P017327";2024-08-09;8000;0,0623916568718694;581;NA;NA;NA;6;0,0623481781376518;"Accord"
"P017328";2024-08-09;13300;0,00402567966859344;661;NA;NA;NA;1;0,00912106135986733;"Accord"
"P017329";2024-08-09;5200;0,0489960154388529;587;NA;NA;NA;5;0,0514905149051491;"Accord"
"P017330";2024-08-09;11100;0,118298852648601;561;"jours_decouvert_6m";"revenu_mensuel";"statut_logement";8;0,126416739319965;"Refus"
"P017331";2024-08-09;15800;0,0805930291895798;573;NA;NA;NA;7;0,0828970331588133;"Accord"
"P017332";2024-08-09;3900;0,0671329599315215;577;NA;NA;NA;6;0,0623481781376518;"Accord"
"P017333";2024-08-10;11700;0,195732147305448;543;"jours_decouvert_6m";"revenu_mensuel";"taux_endettement";9;0,268402154398564;"Refus"
"P017334";2024-08-10;3500;0,0929224681379044;567;NA;NA;NA;7;0,0828970331588133;"Accord"
"P017335";2024-08-10;7000;0,0220792038855939;612;NA;NA;NA;3;0,0298755186721992;"Accord"
"P017336";2024-08-10;2600;0,0647869741374452;580;NA;NA;NA;6;0,0623481781376518;"Accord"
"P017337";2024-08-10;5800;0,0470041770281838;589;NA;NA;NA;5;0,0514905149051491;"Accord"
"P017338";2024-08-10;10000;0,0323252514463628;600;NA;NA;NA;4;0,0305174701459531;"Accord"
"P017339";2024-08-10;15300;0,0184446994577592;618;NA;NA;NA;2;0,0177364864864865;"Accord"
"P017340";2024-08-10;4800;0,0538944525925978;584;NA;NA;NA;6;0,0623481781376518;"Accord"
"P017341";2024-08-10;22800;0,0517614670198242;586;NA;NA;NA;5;0,0514905149051491;"Accord"
"P017342";2024-08-10;17300;0,134541383688334;555;"jours_decouvert_6m";"utilisation_revolving";"revenu_mensuel";8;0,126416739319965;"Refus"
"P017343";2024-08-10;5500;0,0535082345530999;585;NA;NA;NA;5;0,0514905149051491;"Accord"
"P017344";2024-08-10;7800;0,0572323894950257;583;NA;NA;NA;6;0,0623481781376518;"Accord"
"P017345";2024-08-11;36300;0,234712043083121;536;"jours_decouvert_6m";"revenu_mensuel";"utilisation_revolving";9;0,268402154398564;"Refus"
"P017346";2024-08-11;16900;0,0192486894619841;615;NA;NA;NA;3;0,0298755186721992;"Accord"
"P017347";2024-08-11;9200;0,0346066225431254;599;NA;NA;NA;4;0,0305174701459531;"Accord"
"P017348";2024-08-11;5400;0,107758484806157;564;"jours_decouvert_6m";"revenu_mensuel";"statut_logement";7;0,0828970331588133;"Refus"
"P017349";2024-08-11;5800;0,0042606902930325;659;NA;NA;NA;1;0,00912106135986733;"Accord"
"P017350";2024-08-11;12600;0,0295029171536928;603;NA;NA;NA;4;0,0305174701459531;"Accord"
"P017351";2024-08-11;7000;0,0579263435305972;584;NA;NA;NA;6;0,0623481781376518;"Accord"
"P017352";2024-08-11;6800;0,141316123735475;554;"jours_decouvert_6m";"revenu_mensuel";"utilisation_revolving";8;0,126416739319965;"Refus"
"P017353";2024-08-11;6700;0,0387215087933767;596;NA;NA;NA;4;0,0305174701459531;"Accord"
"P017354";2024-08-11;14600;0,00588187391980703;650;NA;NA;NA;1;0,00912106135986733;"Accord"
"P017355";2024-08-11;8400;0,0428173042176901;592;NA;NA;NA;5;0,0514905149051491;"Accord"
"P017356";2024-08-11;3700;0,0215823290978115;613;NA;NA;NA;3;0,0298755186721992;"Accord"
"P017357";2024-08-11;11300;0,0698769714923231;576;NA;NA;NA;6;0,0623481781376518;"Accord"
"P017358";2024-08-11;19900;0,0229463916208644;611;NA;NA;NA;3;0,0298755186721992;"Accord"
"P017359";2024-08-11;4900;0,169255490013605;549;"jours_decouvert_6m";"incidents_12m";"statut_logement";8;0,126416739319965;"Refus"
"P017360";2024-08-11;33500;0,0579508896893054;582;NA;NA;NA;6;0,0623481781376518;"Accord"
"P017361";2024-08-11;8300;0,0641753010340451;580;NA;NA;NA;6;0,0623481781376518;"Accord"
"P017362";2024-08-11;6300;0,152188737120984;551;"jours_decouvert_6m";"revenu_mensuel";"utilisation_revolving";8;0,126416739319965;"Refus"
"P017363";2024-08-12;10500;0,209911266813564;540;"revenu_mensuel";"jours_decouvert_6m";"taux_endettement";9;0,268402154398564;"Refus"
"P017364";2024-08-12;8500;0,0427748826342251;592;NA;NA;NA;5;0,0514905149051491;"Accord"
"P017365";2024-08-12;9700;0,0267497105480022;606;NA;NA;NA;4;0,0305174701459531;"Accord"
"P017366";2024-08-12;3700;0,0376910400140947;597;NA;NA;NA;4;0,0305174701459531;"Accord"
"P017367";2024-08-12;12900;0,0513908579928608;586;NA;NA;NA;5;0,0514905149051491;"Accord"
"P017368";2024-08-12;7100;0,0722832492511745;576;NA;NA;NA;6;0,0623481781376518;"Accord"
"P017369";2024-08-12;4800;0,155672144313723;551;"revenu_mensuel";"jours_decouvert_6m";"utilisation_revolving";8;0,126416739319965;"Refus"
"P017370";2024-08-12;8000;0,0557581773307202;584;NA;NA;NA;6;0,0623481781376518;"Accord"
"P017371";2024-08-12;1700;0,185323918429456;544;"jours_decouvert_6m";"revenu_mensuel";"utilisation_revolving";9;0,268402154398564;"Refus"
"P017372";2024-08-12;7800;0,0131079873058882;625;NA;NA;NA;2;0,0177364864864865;"Accord"
"P017373";2024-08-12;10600;0,0441986770523592;591;NA;NA;NA;5;0,0514905149051491;"Accord"
"P017374";2024-08-12;8100;0,0334060779289421;600;NA;NA;NA;4;0,0305174701459531;"Accord"
"P017375";2024-08-12;5800;0,0147701344074675;623;NA;NA;NA;2;0,0177364864864865;"Accord"
"P017376";2024-08-12;8500;0,0693730510529677;577;NA;NA;NA;6;0,0623481781376518;"Accord"
"P017377";2024-08-12;12900;0,0822946158079617;572;NA;NA;NA;7;0,0828970331588133;"Accord"
"P017378";2024-08-12;1300;0,0101137231636093;634;NA;NA;NA;1;0,00912106135986733;"Accord"
"P017379";2024-08-12;5600;0,037846220117218;595;NA;NA;NA;4;0,0305174701459531;"Accord"
"P017380";2024-08-12;4000;0,0444645284129666;591;NA;NA;NA;5;0,0514905149051491;"Accord"
"P017381";2024-08-13;4400;0,0902948399832487;570;NA;NA;NA;7;0,0828970331588133;"Accord"
"P017382";2024-08-13;9500;0,0120987117122577;629;NA;NA;NA;1;0,00912106135986733;"Accord"
"P017383";2024-08-13;16100;0,0939994875478607;567;NA;NA;NA;7;0,0828970331588133;"Accord"
"P017384";2024-08-13;3700;0,00588879163947125;650;NA;NA;NA;1;0,00912106135986733;"Accord"
"P017385";2024-08-13;6800;0,111864046358638;562;"revenu_mensuel";"taux_endettement";"statut_logement";8;0,126416739319965;"Refus"
"P017386";2024-08-13;31400;0,38545846143714;515;"jours_decouvert_6m";"revenu_mensuel";"utilisation_revolving";9;0,268402154398564;"Refus"
"P017387";2024-08-13;11900;0,052042217966826;586;NA;NA;NA;5;0,0514905149051491;"Accord"
"P017388";2024-08-13;7500;0,0341416222725892;598;NA;NA;NA;4;0,0305174701459531;"Accord"
"P017389";2024-08-13;4000;0,0350500782428737;599;NA;NA;NA;4;0,0305174701459531;"Accord"
"P017390";2024-08-13;14600;0,0400915975795117;595;NA;NA;NA;4;0,0305174701459531;"Accord"
"P017391";2024-08-13;25000;0,012833977353796;626;NA;NA;NA;2;0,0177364864864865;"Accord"
"P017392";2024-08-13;6900;0,0713384615199445;576;NA;NA;NA;6;0,0623481781376518;"Accord"
"P017393";2024-08-13;6900;0,0852936829527566;571;NA;NA;NA;7;0,0828970331588133;"Accord"
"P017394";2024-08-13;20000;0,20136133454487;542;"jours_decouvert_6m";"utilisation_revolving";"incidents_12m";9;0,268402154398564;"Refus"
"P017395";2024-08-13;32600;0,211342271733146;541;"revenu_mensuel";"jours_decouvert_6m";"taux_endettement";9;0,268402154398564;"Refus"
"P017396";2024-08-13;16400;0,0342640321784912;598;NA;NA;NA;4;0,0305174701459531;"Accord"
"P017397";2024-08-13;9000;0,156069966098785;550;"revenu_mensuel";"jours_decouvert_6m";"statut_logement";8;0,126416739319965;"Refus"
"P017398";2024-08-14;9900;0,261034329885379;532;"jours_decouvert_6m";"revenu_mensuel";"taux_endettement";9;0,268402154398564;"Refus"
"P017399";2024-08-14;3500;0,0307165242619045;602;NA;NA;NA;4;0,0305174701459531;"Accord"
"P017400";2024-08-14;5400;0,0267878950693139;606;NA;NA;NA;4;0,0305174701459531;"Accord"
"P017401";2024-08-14;2700;0,122250927817043;560;"jours_decouvert_6m";"revenu_mensuel";"incidents_12m";8;0,126416739319965;"Refus"
"P017402";2024-08-14;15100;0,00941859338721705;636;NA;NA;NA;1;0,00912106135986733;"Accord"
"P017403";2024-08-14;10000;0,185370215742454;545;"jours_decouvert_6m";"utilisation_revolving";"revenu_mensuel";9;0,268402154398564;"Refus"
"P017404";2024-08-14;9000;0,0222400304696416;611;NA;NA;NA;3;0,0298755186721992;"Accord"
"P017405";2024-08-14;5900;0,0252493163029467;608;NA;NA;NA;3;0,0298755186721992;"Accord"
"P017406";2024-08-14;6200;0,206689773293326;542;"jours_decouvert_6m";"revenu_mensuel";"taux_endettement";9;0,268402154398564;"Refus"
"P017407";2024-08-14;12200;0,0367343828811396;597;NA;NA;NA;4;0,0305174701459531;"Accord"
"P017408";2024-08-14;6100;0,104706180878127;564;"revenu_mensuel";"jours_decouvert_6m";"statut_logement";7;0,0828970331588133;"Refus"
"P017409";2024-08-14;7800;0,134142218782436;556;"jours_decouvert_6m";"revenu_mensuel";"taux_endettement";8;0,126416739319965;"Refus"
"P017410";2024-08-14;3400;0,04156137716952;592;NA;NA;NA;5;0,0514905149051491;"Accord"
"P017411";2024-08-15;9300;0,0271608555960239;605;NA;NA;NA;4;0,0305174701459531;"Accord"
"P017412";2024-08-15;11800;0,202366810056784;542;"jours_decouvert_6m";"revenu_mensuel";"statut_logement";9;0,268402154398564;"Refus"
"P017413";2024-08-15;4700;0,0389128203633096;594;NA;NA;NA;4;0,0305174701459531;"Accord"
"P017414";2024-08-15;5400;0,0198340195423974;615;NA;NA;NA;3;0,0298755186721992;"Accord"
"P017415";2024-08-15;23300;0,0282734046033834;605;NA;NA;NA;4;0,0305174701459531;"Accord"
"P017416";2024-08-15;7900;0,299065101644413;528;"jours_decouvert_6m";"revenu_mensuel";"statut_logement";9;0,268402154398564;"Refus"
"P017417";2024-08-15;11700;0,0455475884660632;590;NA;NA;NA;5;0,0514905149051491;"Accord"
"P017418";2024-08-15;6400;0,0299906461799476;602;NA;NA;NA;4;0,0305174701459531;"Accord"
"P017419";2024-08-15;14400;0,0112174617016196;632;NA;NA;NA;1;0,00912106135986733;"Accord"
"P017420";2024-08-15;13100;0,0042606902930325;659;NA;NA;NA;1;0,00912106135986733;"Accord"
"P017421";2024-08-15;6100;0,0211174892013549;613;NA;NA;NA;3;0,0298755186721992;"Accord"
"P017422";2024-08-15;5100;0,0270269867422359;606;NA;NA;NA;4;0,0305174701459531;"Accord"
"P017423";2024-08-15;4800;0,1643895353145;549;"jours_decouvert_6m";"revenu_mensuel";"incidents_12m";8;0,126416739319965;"Refus"
"P017424";2024-08-15;17000;0,0162672813341131;621;NA;NA;NA;2;0,0177364864864865;"Accord"
"P017425";2024-08-15;4000;0,2247969230567;539;"jours_decouvert_6m";"revenu_mensuel";"incidents_12m";9;0,268402154398564;"Refus"
"P017426";2024-08-15;8900;0,0204165559104741;614;NA;NA;NA;3;0,0298755186721992;"Accord"
"P017427";2024-08-15;11900;0,500235450468708;502;"jours_decouvert_6m";"revenu_mensuel";"utilisation_revolving";9;0,268402154398564;"Refus"
"P017428";2024-08-15;10200;0,0160372956800535;620;NA;NA;NA;2;0,0177364864864865;"Accord"
"P017429";2024-08-15;6200;0,0581589920494766;583;NA;NA;NA;6;0,0623481781376518;"Accord"
"P017430";2024-08-16;14300;0,139619217973627;555;"jours_decouvert_6m";"revenu_mensuel";"taux_endettement";8;0,126416739319965;"Refus"
"P017431";2024-08-16;18900;0,0544941107355797;584;NA;NA;NA;6;0,0623481781376518;"Accord"
"P017432";2024-08-16;10500;0,0481784645912324;589;NA;NA;NA;5;0,0514905149051491;"Accord"
"P017433";2024-08-16;13500;0,0615385778658838;582;NA;NA;NA;6;0,0623481781376518;"Accord"
"P017434";2024-08-16;7300;0,419340031394469;512;"jours_decouvert_6m";"revenu_mensuel";"utilisation_revolving";9;0,268402154398564;"Refus"
"P017435";2024-08-16;20100;0,0107032983693854;633;NA;NA;NA;1;0,00912106135986733;"Accord"
"P017436";2024-08-16;13400;0,0396435100866793;594;NA;NA;NA;4;0,0305174701459531;"Accord"
"P017437";2024-08-16;6600;0,0111899057902885;631;NA;NA;NA;1;0,00912106135986733;"Accord"
"P017438";2024-08-16;6600;0,0406318240598675;594;NA;NA;NA;4;0,0305174701459531;"Accord"
"P017439";2024-08-16;4900;0,189722636136189;545;"revenu_mensuel";"jours_decouvert_6m";"statut_logement";9;0,268402154398564;"Refus"
"P017440";2024-08-16;4700;0,0231407800286398;611;NA;NA;NA;3;0,0298755186721992;"Accord"
"P017441";2024-08-16;27100;0,00645175028479066;648;NA;NA;NA;1;0,00912106135986733;"Accord"
"P017442";2024-08-16;15300;0,0300309475230196;603;NA;NA;NA;4;0,0305174701459531;"Accord"
"P017443";2024-08-16;1400;0,0490048096698623;588;NA;NA;NA;5;0,0514905149051491;"Accord"
"P017444";2024-08-16;22000;0,111159621084991;563;"jours_decouvert_6m";"revenu_mensuel";"taux_endettement";7;0,0828970331588133;"Refus"
"P017445";2024-08-16;3100;0,0909576629249009;569;NA;NA;NA;7;0,0828970331588133;"Accord"
"P017446";2024-08-16;8900;0,128844198199707;558;"jours_decouvert_6m";"revenu_mensuel";"incidents_12m";8;0,126416739319965;"Refus"
"P017447";2024-08-16;8600;0,120238165479885;560;"jours_decouvert_6m";"revenu_mensuel";"taux_endettement";8;0,126416739319965;"Refus"
"P017448";2024-08-16;7200;0,0147413018660291;623;NA;NA;NA;2;0,0177364864864865;"Accord"
"P017449";2024-08-16;20400;0,0153978155892761;622;NA;NA;NA;2;0,0177364864864865;"Accord"
"P017450";2024-08-16;29500;0,0661032883790978;578;NA;NA;NA;6;0,0623481781376518;"Accord"
"P017451";2024-08-16;11300;0,141237463423608;554;"jours_decouvert_6m";"utilisation_revolving";"revenu_mensuel";8;0,126416739319965;"Refus"
"P017452";2024-08-16;3300;0,239085312824322;536;"jours_decouvert_6m";"revenu_mensuel";"utilisation_revolving";9;0,268402154398564;"Refus"
"P017453";2024-08-16;12100;0,0144267931186116;623;NA;NA;NA;2;0,0177364864864865;"Accord"
"P017454";2024-08-16;4500;0,00981267874344514;635;NA;NA;NA;1;0,00912106135986733;"Accord"
"P017455";2024-08-16;18900;0,0463016030601172;590;NA;NA;NA;5;0,0514905149051491;"Accord"
"P017456";2024-08-16;5400;0,0753933125273274;575;NA;NA;NA;6;0,0623481781376518;"Accord"
"P017457";2024-08-17;11600;0,0108700599844964;633;NA;NA;NA;1;0,00912106135986733;"Accord"
"P017458";2024-08-17;2900;0,00973061117062943;636;NA;NA;NA;1;0,00912106135986733;"Accord"
"P017459";2024-08-17;2300;0,0538373668067649;585;NA;NA;NA;5;0,0514905149051491;"Accord"
"P017460";2024-08-17;6500;0,0248586268124233;607;NA;NA;NA;4;0,0305174701459531;"Accord"
"P017461";2024-08-17;13100;0,0296691300103471;602;NA;NA;NA;4;0,0305174701459531;"Accord"
"P017462";2024-08-17;5300;0,0266228783354195;605;NA;NA;NA;4;0,0305174701459531;"Accord"
"P017463";2024-08-17;124600;0,105994298896623;564;"revenu_mensuel";"taux_endettement";"jours_decouvert_6m";7;0,0828970331588133;"Refus"
"P017464";2024-08-17;10800;0,0110897721800617;631;NA;NA;NA;1;0,00912106135986733;"Accord"
"P017465";2024-08-17;27500;0,0287902316092458;603;NA;NA;NA;4;0,0305174701459531;"Accord"
"P017466";2024-08-17;6400;0,0249633125171218;608;NA;NA;NA;3;0,0298755186721992;"Accord"
"P017467";2024-08-17;6700;0,0509364666875509;587;NA;NA;NA;5;0,0514905149051491;"Accord"
"P017468";2024-08-17;3800;0,061098614620914;581;NA;NA;NA;6;0,0623481781376518;"Accord"
"P017469";2024-08-17;7200;0,0140321430951038;624;NA;NA;NA;2;0,0177364864864865;"Accord"
"P017470";2024-08-17;16300;0,0298333035109873;603;NA;NA;NA;4;0,0305174701459531;"Accord"
"P017471";2024-08-17;14300;0,0204001055192841;613;NA;NA;NA;3;0,0298755186721992;"Accord"
"P017472";2024-08-18;16900;0,0240830313330994;610;NA;NA;NA;3;0,0298755186721992;"Accord"
"P017473";2024-08-18;8900;0,0499249802990484;588;NA;NA;NA;5;0,0514905149051491;"Accord"
"P017474";2024-08-18;39100;0,070433346191406;576;NA;NA;NA;6;0,0623481781376518;"Accord"
"P017475";2024-08-18;4100;0,0387215087933767;596;NA;NA;NA;4;0,0305174701459531;"Accord"
"P017476";2024-08-18;7900;0,257180462198665;533;"jours_decouvert_6m";"revenu_mensuel";"utilisation_revolving";9;0,268402154398564;"Refus"
"P017477";2024-08-18;6000;0,0341494711123437;598;NA;NA;NA;4;0,0305174701459531;"Accord"
"P017478";2024-08-18;27100;0,0084498407221349;638;NA;NA;NA;1;0,00912106135986733;"Accord"
"P017479";2024-08-18;6500;0,0145819029934485;623;NA;NA;NA;2;0,0177364864864865;"Accord"
"P017480";2024-08-18;10700;0,0736119359848249;576;NA;NA;NA;6;0,0623481781376518;"Accord"
"P017481";2024-08-18;7000;0,0861815660762379;571;NA;NA;NA;7;0,0828970331588133;"Accord"
"P017482";2024-08-18;5000;0,0316723289348128;602;NA;NA;NA;4;0,0305174701459531;"Accord"
"P017483";2024-08-18;7700;0,0301043723883833;603;NA;NA;NA;4;0,0305174701459531;"Accord"
"P017484";2024-08-18;9300;0,028638426653434;604;NA;NA;NA;4;0,0305174701459531;"Accord"
"P017485";2024-08-18;8000;0,0823576657155233;571;NA;NA;NA;7;0,0828970331588133;"Accord"
"P017486";2024-08-18;12100;0,0790457935309802;572;NA;NA;NA;7;0,0828970331588133;"Accord"
"P017487";2024-08-18;5700;0,0147701344074675;623;NA;NA;NA;2;0,0177364864864865;"Accord"
"P017488";2024-08-18;2500;0,237950662937336;536;"jours_decouvert_6m";"revenu_mensuel";"utilisation_revolving";9;0,268402154398564;"Refus"
"P017489";2024-08-18;1400;0,144128226032746;553;"jours_decouvert_6m";"revenu_mensuel";"statut_logement";8;0,126416739319965;"Refus"
"P017490";2024-08-18;7400;0,0393868933170286;594;NA;NA;NA;4;0,0305174701459531;"Accord"
"P017491";2024-08-19;41600;0,0562429076976436;584;NA;NA;NA;6;0,0623481781376518;"Accord"
"P017492";2024-08-19;2500;0,057735080353301;584;NA;NA;NA;6;0,0623481781376518;"Accord"
"P017493";2024-08-19;16300;0,144346467469688;554;"jours_decouvert_6m";"taux_endettement";"revenu_mensuel";8;0,126416739319965;"Refus"
"P017494";2024-08-19;1200;0,00920468738525305;638;NA;NA;NA;1;0,00912106135986733;"Accord"
"P017495";2024-08-19;12500;0,0262022992797699;607;NA;NA;NA;4;0,0305174701459531;"Accord"
"P017496";2024-08-19;1800;0,419340031394469;512;"jours_decouvert_6m";"revenu_mensuel";"utilisation_revolving";9;0,268402154398564;"Refus"
"P017497";2024-08-19;9100;0,0367941274329325;596;NA;NA;NA;4;0,0305174701459531;"Accord"
"P017498";2024-08-19;15000;0,241288389009575;536;"jours_decouvert_6m";"revenu_mensuel";"utilisation_revolving";9;0,268402154398564;"Refus"
"P017499";2024-08-19;7600;0,0109469853763922;632;NA;NA;NA;1;0,00912106135986733;"Accord"
"P017500";2024-08-19;14000;0,00708718325469848;645;NA;NA;NA;1;0,00912106135986733;"Accord"
"P017501";2024-08-19;20900;0,034525126213646;598;NA;NA;NA;4;0,0305174701459531;"Accord"
"P017502";2024-08-19;10200;0,144646258762086;554;"jours_decouvert_6m";"revenu_mensuel";"statut_logement";8;0,126416739319965;"Refus"
"P017503";2024-08-19;3600;0,0431634941805166;592;NA;NA;NA;5;0,0514905149051491;"Accord"
"P017504";2024-08-19;13700;0,0540292332074791;585;NA;NA;NA;5;0,0514905149051491;"Accord"
"P017505";2024-08-19;4200;0,0602267983078227;581;NA;NA;NA;6;0,0623481781376518;"Accord"
"P017506";2024-08-19;2900;0,00884728439535056;637;NA;NA;NA;1;0,00912106135986733;"Accord"
"P017507";2024-08-19;8500;0,0501355468834966;587;NA;NA;NA;5;0,0514905149051491;"Accord"
"P017508";2024-08-19;5900;0,0428516990114664;592;NA;NA;NA;5;0,0514905149051491;"Accord"
"P017509";2024-08-20;16400;0,00805881285379348;642;NA;NA;NA;1;0,00912106135986733;"Accord"
"P017510";2024-08-20;12500;0,138078561449319;555;"jours_decouvert_6m";"utilisation_revolving";"revenu_mensuel";8;0,126416739319965;"Refus"
"P017511";2024-08-20;14400;0,16644034516329;549;"jours_decouvert_6m";"revenu_mensuel";"statut_logement";8;0,126416739319965;"Refus"
"P017512";2024-08-20;18300;0,0191879011701825;615;NA;NA;NA;3;0,0298755186721992;"Accord"
"P017513";2024-08-20;14000;0,013405579608984;626;NA;NA;NA;2;0,0177364864864865;"Accord"
"P017514";2024-08-20;8500;0,0175341807895726;618;NA;NA;NA;2;0,0177364864864865;"Accord"
"P017515";2024-08-20;15400;0,0567893876703538;583;NA;NA;NA;6;0,0623481781376518;"Accord"
"P017516";2024-08-20;11500;0,021681656107953;612;NA;NA;NA;3;0,0298755186721992;"Accord"
"P017517";2024-08-20;6000;0,151584235387607;553;"jours_decouvert_6m";"revenu_mensuel";"statut_logement";8;0,126416739319965;"Refus"
"P017518";2024-08-20;18300;0,0077614311664969;642;NA;NA;NA;1;0,00912106135986733;"Accord"
"P017519";2024-08-20;5800;0,00542634793851757;651;NA;NA;NA;1;0,00912106135986733;"Accord"
"P017520";2024-08-20;2600;0,112422925293552;562;"jours_decouvert_6m";"statut_logement";"utilisation_revolving";8;0,126416739319965;"Refus"
"P017521";2024-08-20;19300;0,0303182539059449;603;NA;NA;NA;4;0,0305174701459531;"Accord"
"P017522";2024-08-20;5200;0,0474723538069056;589;NA;NA;NA;5;0,0514905149051491;"Accord"
"P017523";2024-08-20;3000;0,0150764345356001;622;NA;NA;NA;2;0,0177364864864865;"Accord"
"P017524";2024-08-20;12600;0,0190571514989345;615;NA;NA;NA;3;0,0298755186721992;"Accord"
"P017525";2024-08-20;4700;0,0150319939576483;623;NA;NA;NA;2;0,0177364864864865;"Accord"
"P017526";2024-08-20;7300;0,0152968206910566;623;NA;NA;NA;2;0,0177364864864865;"Accord"
"P017527";2024-08-20;3600;0,02991843920135;602;NA;NA;NA;4;0,0305174701459531;"Accord"
"P017528";2024-08-20;9200;0,106806281655246;563;"jours_decouvert_6m";"taux_endettement";"revenu_mensuel";7;0,0828970331588133;"Refus"
"P017529";2024-08-20;6200;0,0126802640093087;628;NA;NA;NA;2;0,0177364864864865;"Accord"
"P017530";2024-08-20;9400;0,0617314983327438;581;NA;NA;NA;6;0,0623481781376518;"Accord"
"P017531";2024-08-20;17200;0,0522573127134988;587;NA;NA;NA;5;0,0514905149051491;"Accord"
"P017532";2024-08-20;6400;0,0468166281935076;591;NA;NA;NA;5;0,0514905149051491;"Accord"
"P017533";2024-08-20;10400;0,0787571527941023;573;NA;NA;NA;7;0,0828970331588133;"Accord"
"P017534";2024-08-21;23000;0,139258311705405;556;"jours_decouvert_6m";"revenu_mensuel";"taux_endettement";8;0,126416739319965;"Refus"
"P017535";2024-08-21;7200;0,0299639646153896;602;NA;NA;NA;4;0,0305174701459531;"Accord"
"P017536";2024-08-21;34000;0,0156764860180789;621;NA;NA;NA;2;0,0177364864864865;"Accord"
"P017537";2024-08-21;4200;0,0132806515792712;626;NA;NA;NA;2;0,0177364864864865;"Accord"
"P017538";2024-08-21;9600;0,0336236244145611;600;NA;NA;NA;4;0,0305174701459531;"Accord"
"P017539";2024-08-21;11300;0,0148077893084997;623;NA;NA;NA;2;0,0177364864864865;"Accord"
"P017540";2024-08-21;25300;0,0875451830063407;569;NA;NA;NA;7;0,0828970331588133;"Accord"
"P017541";2024-08-21;3100;0,0345568169043433;598;NA;NA;NA;4;0,0305174701459531;"Accord"
"P017542";2024-08-21;6300;0,0360548504088619;596;NA;NA;NA;4;0,0305174701459531;"Accord"
"P017543";2024-08-21;8600;0,00767123555569187;643;NA;NA;NA;1;0,00912106135986733;"Accord"
"P017544";2024-08-21;10200;0,193724444671879;543;"jours_decouvert_6m";"revenu_mensuel";"utilisation_revolving";9;0,268402154398564;"Refus"
"P017545";2024-08-21;9900;0,241968272246591;535;"jours_decouvert_6m";"revenu_mensuel";"utilisation_revolving";9;0,268402154398564;"Refus"
"P017546";2024-08-21;13100;0,0462350672342718;589;NA;NA;NA;5;0,0514905149051491;"Accord"
"P017547";2024-08-21;5100;0,0716989046120331;576;NA;NA;NA;6;0,0623481781376518;"Accord"
"P017548";2024-08-22;38000;0,178506590176789;547;"jours_decouvert_6m";"revenu_mensuel";"taux_endettement";9;0,268402154398564;"Refus"
"P017549";2024-08-22;33400;0,0356316996061643;598;NA;NA;NA;4;0,0305174701459531;"Accord"
"P017550";2024-08-22;10700;0,0472000235396845;589;NA;NA;NA;5;0,0514905149051491;"Accord"
"P017551";2024-08-22;5500;0,0439949983910307;592;NA;NA;NA;5;0,0514905149051491;"Accord"
"P017552";2024-08-22;9800;0,187087229029703;545;"jours_decouvert_6m";"revenu_mensuel";"taux_endettement";9;0,268402154398564;"Refus"
"P017553";2024-08-22;6100;0,00645175028479066;648;NA;NA;NA;1;0,00912106135986733;"Accord"
"P017554";2024-08-22;6100;0,0306664622985964;603;NA;NA;NA;4;0,0305174701459531;"Accord"
"P017555";2024-08-22;3400;0,0163478978230996;620;NA;NA;NA;2;0,0177364864864865;"Accord"
"P017556";2024-08-22;10100;0,02155768530144;613;NA;NA;NA;3;0,0298755186721992;"Accord"
"P017557";2024-08-22;16200;0,032435530690864;601;NA;NA;NA;4;0,0305174701459531;"Accord"
"P017558";2024-08-22;6100;0,0552772976162336;585;NA;NA;NA;5;0,0514905149051491;"Accord"
"P017559";2024-08-22;7700;0,0379435242873776;597;NA;NA;NA;4;0,0305174701459531;"Accord"
"P017560";2024-08-22;22500;0,23049446868695;536;"revenu_mensuel";"jours_decouvert_6m";"taux_endettement";9;0,268402154398564;"Refus"
"P017561";2024-08-22;4700;0,0155117053573171;622;NA;NA;NA;2;0,0177364864864865;"Accord"
"P017562";2024-08-22;4500;0,029416016319538;604;NA;NA;NA;4;0,0305174701459531;"Accord"
"P017563";2024-08-22;25800;0,0315529677164154;602;NA;NA;NA;4;0,0305174701459531;"Accord"
"P017564";2024-08-22;9000;0,0737587441382698;576;NA;NA;NA;6;0,0623481781376518;"Accord"
"P017565";2024-08-22;9200;0,0115605446329514;631;NA;NA;NA;1;0,00912106135986733;"Accord"
"P017566";2024-08-22;9000;0,0333576509159264;599;NA;NA;NA;4;0,0305174701459531;"Accord"
"P017567";2024-08-22;6300;0,0226894227264349;610;NA;NA;NA;3;0,0298755186721992;"Accord"
"P017568";2024-08-22;12600;0,0593397855829932;583;NA;NA;NA;6;0,0623481781376518;"Accord"
"P017569";2024-08-22;17200;0,0617746246662632;581;NA;NA;NA;6;0,0623481781376518;"Accord"
"P017570";2024-08-22;10500;0,218949274735555;538;"jours_decouvert_6m";"revenu_mensuel";"utilisation_revolving";9;0,268402154398564;"Refus"
"P017571";2024-08-23;24900;0,145579032511968;553;"revenu_mensuel";"taux_endettement";"jours_decouvert_6m";8;0,126416739319965;"Refus"
"P017572";2024-08-23;4000;0,0910572355140248;569;NA;NA;NA;7;0,0828970331588133;"Accord"
"P017573";2024-08-23;40000;0,0337495998795216;598;NA;NA;NA;4;0,0305174701459531;"Accord"
"P017574";2024-08-23;7000;0,0408741553852711;593;NA;NA;NA;4;0,0305174701459531;"Accord"
"P017575";2024-08-23;1900;0,0199187568288603;614;NA;NA;NA;3;0,0298755186721992;"Accord"
"P017576";2024-08-23;4500;0,124141013166657;559;"jours_decouvert_6m";"revenu_mensuel";"utilisation_revolving";8;0,126416739319965;"Refus"
"P017577";2024-08-23;12700;0,0299135501190394;603;NA;NA;NA;4;0,0305174701459531;"Accord"
"P017578";2024-08-23;8000;0,0662013539769166;578;NA;NA;NA;6;0,0623481781376518;"Accord"
"P017579";2024-08-23;4300;0,0199505870984426;615;NA;NA;NA;3;0,0298755186721992;"Accord"
"P017580";2024-08-23;3100;0,0341995775002056;598;NA;NA;NA;4;0,0305174701459531;"Accord"
"P017581";2024-08-23;4200;0,186473366454116;545;"revenu_mensuel";"jours_decouvert_6m";"taux_endettement";9;0,268402154398564;"Refus"
"P017582";2024-08-23;4100;0,0446580478289181;592;NA;NA;NA;5;0,0514905149051491;"Accord"
"P017583";2024-08-23;6600;0,0256955061149194;607;NA;NA;NA;4;0,0305174701459531;"Accord"
"P017584";2024-08-23;3000;0,0239775234710504;610;NA;NA;NA;3;0,0298755186721992;"Accord"
"P017585";2024-08-23;15400;0,0433119878889867;591;NA;NA;NA;5;0,0514905149051491;"Accord"
"P017586";2024-08-23;2600;0,0633058607895653;579;NA;NA;NA;6;0,0623481781376518;"Accord"
"P017587";2024-08-23;3900;0,0146922795087455;624;NA;NA;NA;2;0,0177364864864865;"Accord"
"P017588";2024-08-23;46200;0,0681777222195399;579;NA;NA;NA;6;0,0623481781376518;"Accord"
"P017589";2024-08-23;10200;0,0287769664972042;604;NA;NA;NA;4;0,0305174701459531;"Accord"
"P017590";2024-08-23;15900;0,0108030961096984;633;NA;NA;NA;1;0,00912106135986733;"Accord"
"P017591";2024-08-23;11500;0,159627288893286;550;"jours_decouvert_6m";"utilisation_revolving";"revenu_mensuel";8;0,126416739319965;"Refus"
"P017592";2024-08-23;5200;0,0286690561893272;604;NA;NA;NA;4;0,0305174701459531;"Accord"
"P017593";2024-08-23;11400;0,0258709048021573;606;NA;NA;NA;4;0,0305174701459531;"Accord"
"P017594";2024-08-23;19100;0,0172000495137354;618;NA;NA;NA;2;0,0177364864864865;"Accord"
"P017595";2024-08-23;6300;0,0797020347401048;573;NA;NA;NA;7;0,0828970331588133;"Accord"
"P017596";2024-08-24;12300;0,0749161702116902;574;NA;NA;NA;7;0,0828970331588133;"Accord"
"P017597";2024-08-24;20300;0,252678252569761;534;"jours_decouvert_6m";"revenu_mensuel";"taux_endettement";9;0,268402154398564;"Refus"
"P017598";2024-08-24;13500;0,0264176956833312;608;NA;NA;NA;3;0,0298755186721992;"Accord"
"P017599";2024-08-24;4800;0,055732566780556;584;NA;NA;NA;6;0,0623481781376518;"Accord"
"P017600";2024-08-24;10700;0,0572653666886715;583;NA;NA;NA;6;0,0623481781376518;"Accord"
"P017601";2024-08-24;13500;0,0324826417742135;600;NA;NA;NA;4;0,0305174701459531;"Accord"
"P017602";2024-08-24;2500;0,00588879163947125;650;NA;NA;NA;1;0,00912106135986733;"Accord"
"P017603";2024-08-24;8800;0,1195587580042;561;"jours_decouvert_6m";"revenu_mensuel";"taux_endettement";8;0,126416739319965;"Refus"
"P017604";2024-08-24;27400;0,098205852711895;566;NA;NA;NA;7;0,0828970331588133;"Accord"
"P017605";2024-08-24;8300;0,128896763415913;557;"revenu_mensuel";"jours_decouvert_6m";"taux_endettement";8;0,126416739319965;"Refus"
"P017606";2024-08-24;6500;0,0506261266571061;587;NA;NA;NA;5;0,0514905149051491;"Accord"
"P017607";2024-08-24;8100;0,121822980985096;560;"jours_decouvert_6m";"revenu_mensuel";"taux_endettement";8;0,126416739319965;"Refus"
"P017608";2024-08-24;11800;0,26305640168089;532;"jours_decouvert_6m";"revenu_mensuel";"taux_endettement";9;0,268402154398564;"Refus"
"P017609";2024-08-24;2600;0,00555765293700445;652;NA;NA;NA;1;0,00912106135986733;"Accord"
"P017610";2024-08-24;6800;0,174374785497426;548;"jours_decouvert_6m";"revenu_mensuel";"incidents_12m";8;0,126416739319965;"Refus"
"P017611";2024-08-24;8500;0,0134937306036223;625;NA;NA;NA;2;0,0177364864864865;"Accord"
"P017612";2024-08-24;10600;0,0909227726177659;569;NA;NA;NA;7;0,0828970331588133;"Accord"
"P017613";2024-08-24;10600;0,0132073146215209;628;NA;NA;NA;2;0,0177364864864865;"Accord"
"P017614";2024-08-24;16700;0,0248027971180948;607;NA;NA;NA;4;0,0305174701459531;"Accord"
"P017615";2024-08-24;10700;0,0143198532172546;624;NA;NA;NA;2;0,0177364864864865;"Accord"
"P017616";2024-08-25;5500;0,384564365111799;516;"jours_decouvert_6m";"revenu_mensuel";"taux_endettement";9;0,268402154398564;"Refus"
"P017617";2024-08-25;6800;0,0225576387324254;612;NA;NA;NA;3;0,0298755186721992;"Accord"
"P017618";2024-08-25;4900;0,0188419623559144;618;NA;NA;NA;2;0,0177364864864865;"Accord"
"P017619";2024-08-25;7600;0,0497043439371535;588;NA;NA;NA;5;0,0514905149051491;"Accord"
"P017620";2024-08-25;17200;0,00865260144531986;639;NA;NA;NA;1;0,00912106135986733;"Accord"
"P017621";2024-08-25;3400;0,0226399404779743;611;NA;NA;NA;3;0,0298755186721992;"Accord"
"P017622";2024-08-25;18400;0,317922654363652;524;"jours_decouvert_6m";"revenu_mensuel";"taux_endettement";9;0,268402154398564;"Refus"
"P017623";2024-08-25;6600;0,0170446018356219;620;NA;NA;NA;2;0,0177364864864865;"Accord"
"P017624";2024-08-25;33000;0,0469247694963013;589;NA;NA;NA;5;0,0514905149051491;"Accord"
"P017625";2024-08-25;3300;0,0891577234583675;570;NA;NA;NA;7;0,0828970331588133;"Accord"
"P017626";2024-08-25;3500;0,0135461107012971;626;NA;NA;NA;2;0,0177364864864865;"Accord"
"P017627";2024-08-25;5600;0,032829669476569;600;NA;NA;NA;4;0,0305174701459531;"Accord"
"P017628";2024-08-25;2000;0,0637240449975412;580;NA;NA;NA;6;0,0623481781376518;"Accord"
"P017629";2024-08-25;2900;0,0158045890319289;623;NA;NA;NA;2;0,0177364864864865;"Accord"
"P017630";2024-08-25;33100;0,0181566076122776;616;NA;NA;NA;3;0,0298755186721992;"Accord"
"P017631";2024-08-25;10300;0,0248435512855083;608;NA;NA;NA;3;0,0298755186721992;"Accord"
"P017632";2024-08-25;7100;0,187269531496122;545;"jours_decouvert_6m";"revenu_mensuel";"utilisation_revolving";9;0,268402154398564;"Refus"
"P017633";2024-08-25;6200;0,0430260576792326;592;NA;NA;NA;5;0,0514905149051491;"Accord"
"P017634";2024-08-25;3900;0,014092749866018;625;NA;NA;NA;2;0,0177364864864865;"Accord"
"P017635";2024-08-25;1600;0,116588308756836;561;"revenu_mensuel";"jours_decouvert_6m";"statut_logement";8;0,126416739319965;"Refus"
"P017636";2024-08-26;6700;0,015970468845915;622;NA;NA;NA;2;0,0177364864864865;"Accord"
"P017637";2024-08-26;6700;0,0188770646434972;616;NA;NA;NA;3;0,0298755186721992;"Accord"
"P017638";2024-08-26;10000;0,082637926417907;571;NA;NA;NA;7;0,0828970331588133;"Accord"
"P017639";2024-08-26;27700;0,0182344674406425;616;NA;NA;NA;3;0,0298755186721992;"Accord"
"P017640";2024-08-26;13300;0,038114553247334;595;NA;NA;NA;4;0,0305174701459531;"Accord"
"P017641";2024-08-26;3500;0,0136870093399991;627;NA;NA;NA;2;0,0177364864864865;"Accord"
"P017642";2024-08-26;5900;0,0850128060180706;570;NA;NA;NA;7;0,0828970331588133;"Accord"
"P017643";2024-08-26;9100;0,02991843920135;602;NA;NA;NA;4;0,0305174701459531;"Accord"
"P017644";2024-08-26;10500;0,0241918606172203;608;NA;NA;NA;3;0,0298755186721992;"Accord"
"P017645";2024-08-26;5500;0,0342300158564293;598;NA;NA;NA;4;0,0305174701459531;"Accord"
"P017646";2024-08-26;7800;0,0103728127426757;634;NA;NA;NA;1;0,00912106135986733;"Accord"
"P017647";2024-08-26;1600;0,176067127794584;546;"jours_decouvert_6m";"revenu_mensuel";"utilisation_revolving";9;0,268402154398564;"Refus"
"P017648";2024-08-26;10600;0,158875070891324;550;"jours_decouvert_6m";"revenu_mensuel";"statut_logement";8;0,126416739319965;"Refus"
"P017649";2024-08-26;6500;0,0144400786118957;624;NA;NA;NA;2;0,0177364864864865;"Accord"
"P017650";2024-08-26;6700;0,0476012171881169;589;NA;NA;NA;5;0,0514905149051491;"Accord"
"P017651";2024-08-26;5200;0,0129395140493005;629;NA;NA;NA;1;0,00912106135986733;"Accord"
"P017652";2024-08-26;1400;0,0186406244636012;617;NA;NA;NA;2;0,0177364864864865;"Accord"
"P017653";2024-08-26;18200;0,0109458639244899;632;NA;NA;NA;1;0,00912106135986733;"Accord"
"P017654";2024-08-26;5200;0,075273456397803;575;NA;NA;NA;6;0,0623481781376518;"Accord"
"P017655";2024-08-26;6400;0,108007416812551;563;"revenu_mensuel";"statut_logement";"incidents_12m";7;0,0828970331588133;"Refus"
"P017656";2024-08-26;3000;0,0291621700909699;603;NA;NA;NA;4;0,0305174701459531;"Accord"
"P017657";2024-08-26;5200;0,053807790947378;585;NA;NA;NA;5;0,0514905149051491;"Accord"
"P017658";2024-08-26;13800;0,0339563616456146;598;NA;NA;NA;4;0,0305174701459531;"Accord"
"P017659";2024-08-26;36100;0,320914203016102;524;"jours_decouvert_6m";"revenu_mensuel";"taux_endettement";9;0,268402154398564;"Refus"
"P017660";2024-08-26;9800;0,0709763712454211;576;NA;NA;NA;6;0,0623481781376518;"Accord"
"P017661";2024-08-26;3900;0,0164933397257868;621;NA;NA;NA;2;0,0177364864864865;"Accord"
"P017662";2024-08-27;13200;0,363463611017662;519;"jours_decouvert_6m";"revenu_mensuel";"taux_endettement";9;0,268402154398564;"Refus"
"P017663";2024-08-27;27600;0,0136070447524209;625;NA;NA;NA;2;0,0177364864864865;"Accord"
"P017664";2024-08-27;8600;0,0783864571933068;574;NA;NA;NA;7;0,0828970331588133;"Accord"
"P017665";2024-08-27;44600;0,00419400154556583;660;NA;NA;NA;1;0,00912106135986733;"Accord"
"P017666";2024-08-27;9500;0,0416839834456775;593;NA;NA;NA;4;0,0305174701459531;"Accord"
"P017667";2024-08-27;10800;0,0182783593927766;616;NA;NA;NA;3;0,0298755186721992;"Accord"
"P017668";2024-08-27;11100;0,112261940405091;563;"jours_decouvert_6m";"statut_logement";"taux_endettement";7;0,0828970331588133;"Refus"
"P017669";2024-08-27;7400;0,00759095621650206;643;NA;NA;NA;1;0,00912106135986733;"Accord"
"P017670";2024-08-27;4600;0,022105006213273;613;NA;NA;NA;3;0,0298755186721992;"Accord"
"P017671";2024-08-27;10400;0,0365527994494089;598;NA;NA;NA;4;0,0305174701459531;"Accord"
"P017672";2024-08-27;6600;0,144369248821221;554;"jours_decouvert_6m";"revenu_mensuel";"taux_endettement";8;0,126416739319965;"Refus"
"P017673";2024-08-27;2400;0,00919142278654267;637;NA;NA;NA;1;0,00912106135986733;"Accord"
"P017674";2024-08-27;7400;0,12776244054724;558;"jours_decouvert_6m";"revenu_mensuel";"statut_logement";8;0,126416739319965;"Refus"
"P017675";2024-08-27;3700;0,0534590349277999;585;NA;NA;NA;5;0,0514905149051491;"Accord"
"P017676";2024-08-27;11100;0,0545231747905148;584;NA;NA;NA;6;0,0623481781376518;"Accord"
"P017677";2024-08-27;5100;0,00568605844354342;651;NA;NA;NA;1;0,00912106135986733;"Accord"
"P017678";2024-08-27;12300;0,064865439366731;579;NA;NA;NA;6;0,0623481781376518;"Accord"
"P017679";2024-08-27;12300;0,0156896314102204;621;NA;NA;NA;2;0,0177364864864865;"Accord"
"P017680";2024-08-27;7300;0,0164612052467341;620;NA;NA;NA;2;0,0177364864864865;"Accord"
"P017681";2024-08-27;5800;0,0529956009258836;586;NA;NA;NA;5;0,0514905149051491;"Accord"
"P017682";2024-08-28;9200;0,0102268697911452;634;NA;NA;NA;1;0,00912106135986733;"Accord"
"P017683";2024-08-28;17400;0,136379444912707;555;"jours_decouvert_6m";"utilisation_revolving";"revenu_mensuel";8;0,126416739319965;"Refus"
"P017684";2024-08-28;7700;0,026856507340255;607;NA;NA;NA;4;0,0305174701459531;"Accord"
"P017685";2024-08-28;7300;0,0599909696039075;582;NA;NA;NA;6;0,0623481781376518;"Accord"
"P017686";2024-08-28;3500;0,0491183344951633;587;NA;NA;NA;5;0,0514905149051491;"Accord"
"P017687";2024-08-28;5300;0,0218905518062246;612;NA;NA;NA;3;0,0298755186721992;"Accord"
"P017688";2024-08-28;4900;0,0140470962288363;626;NA;NA;NA;2;0,0177364864864865;"Accord"
"P017689";2024-08-28;2500;0,0354106516493454;597;NA;NA;NA;4;0,0305174701459531;"Accord"
"P017690";2024-08-28;46300;0,0290563991207335;604;NA;NA;NA;4;0,0305174701459531;"Accord"
"P017691";2024-08-28;4700;0,0763367338661625;575;NA;NA;NA;6;0,0623481781376518;"Accord"
"P017692";2024-08-28;9400;0,027385195229152;606;NA;NA;NA;4;0,0305174701459531;"Accord"
"P017693";2024-08-28;13700;0,0223195807125002;612;NA;NA;NA;3;0,0298755186721992;"Accord"
"P017694";2024-08-28;22100;0,0456893449505228;590;NA;NA;NA;5;0,0514905149051491;"Accord"
"P017695";2024-08-28;4700;0,0974395207710839;567;NA;NA;NA;7;0,0828970331588133;"Accord"
"P017696";2024-08-29;6500;0,0288713267079508;604;NA;NA;NA;4;0,0305174701459531;"Accord"
"P017697";2024-08-29;29700;0,0194130825512352;616;NA;NA;NA;3;0,0298755186721992;"Accord"
"P017698";2024-08-29;19500;0,0132806283092674;627;NA;NA;NA;2;0,0177364864864865;"Accord"
"P017699";2024-08-29;9100;0,0637297745231791;580;NA;NA;NA;6;0,0623481781376518;"Accord"
"P017700";2024-08-29;5700;0,0149384692111566;623;NA;NA;NA;2;0,0177364864864865;"Accord"
"P017701";2024-08-29;3600;0,0543046966084668;586;NA;NA;NA;5;0,0514905149051491;"Accord"
"P017702";2024-08-29;5300;0,210204195001927;540;"revenu_mensuel";"jours_decouvert_6m";"taux_endettement";9;0,268402154398564;"Refus"
"P017703";2024-08-29;8900;0,0864209864488605;569;NA;NA;NA;7;0,0828970331588133;"Accord"
"P017704";2024-08-29;8200;0,036038751833448;597;NA;NA;NA;4;0,0305174701459531;"Accord"
"P017705";2024-08-29;20200;0,0588718540744247;581;NA;NA;NA;6;0,0623481781376518;"Accord"
"P017706";2024-08-29;12500;0,185370215742454;545;"jours_decouvert_6m";"utilisation_revolving";"revenu_mensuel";9;0,268402154398564;"Refus"
"P017707";2024-08-29;21400;0,0387436655919742;595;NA;NA;NA;4;0,0305174701459531;"Accord"
"P017708";2024-08-29;12300;0,0162815770996453;620;NA;NA;NA;2;0,0177364864864865;"Accord"
"P017709";2024-08-29;5300;0,051406525780616;586;NA;NA;NA;5;0,0514905149051491;"Accord"
"P017710";2024-08-29;4900;0,0195265309635516;615;NA;NA;NA;3;0,0298755186721992;"Accord"
"P017711";2024-08-29;4900;0,33224425203711;523;"jours_decouvert_6m";"revenu_mensuel";"taux_endettement";9;0,268402154398564;"Refus"
"P017712";2024-08-29;9100;0,126004375651037;558;"jours_decouvert_6m";"revenu_mensuel";"taux_endettement";8;0,126416739319965;"Refus"
"P017713";2024-08-29;8800;0,106054634183616;563;"jours_decouvert_6m";"revenu_mensuel";"utilisation_revolving";7;0,0828970331588133;"Refus"
"P017714";2024-08-29;8200;0,048624663712805;589;NA;NA;NA;5;0,0514905149051491;"Accord"
"P017715";2024-08-29;7300;0,0630204175159843;581;NA;NA;NA;6;0,0623481781376518;"Accord"
"P017716";2024-08-29;16500;0,00674601732221467;646;NA;NA;NA;1;0,00912106135986733;"Accord"
"P017717";2024-08-29;8600;0,0561312008540984;584;NA;NA;NA;6;0,0623481781376518;"Accord"
"P017718";2024-08-29;2000;0,033578359385078;599;NA;NA;NA;4;0,0305174701459531;"Accord"
"P017719";2024-08-29;11100;0,0130470658609923;626;NA;NA;NA;2;0,0177364864864865;"Accord"
"P017720";2024-08-30;14600;0,0231965145516699;611;NA;NA;NA;3;0,0298755186721992;"Accord"
"P017721";2024-08-30;11700;0,0823448309946316;572;NA;NA;NA;7;0,0828970331588133;"Accord"
"P017722";2024-08-30;4600;0,0938330252365274;568;NA;NA;NA;7;0,0828970331588133;"Accord"
"P017723";2024-08-30;12000;0,174958128469644;547;"jours_decouvert_6m";"revenu_mensuel";"taux_endettement";9;0,268402154398564;"Refus"
"P017724";2024-08-30;11100;0,133900904707364;556;"revenu_mensuel";"jours_decouvert_6m";"statut_logement";8;0,126416739319965;"Refus"
"P017725";2024-08-30;22400;0,0342761736756567;599;NA;NA;NA;4;0,0305174701459531;"Accord"
"P017726";2024-08-30;21400;0,0258754866004759;608;NA;NA;NA;3;0,0298755186721992;"Accord"
"P017727";2024-08-30;3700;0,161913619452092;550;"jours_decouvert_6m";"revenu_mensuel";"statut_logement";8;0,126416739319965;"Refus"
"P017728";2024-08-30;16100;0,0100407169550446;634;NA;NA;NA;1;0,00912106135986733;"Accord"
"P017729";2024-08-30;9700;0,00826321084006434;641;NA;NA;NA;1;0,00912106135986733;"Accord"
"P017730";2024-08-31;7500;0,0520894918874452;586;NA;NA;NA;5;0,0514905149051491;"Accord"
"P017731";2024-08-31;5100;0,00927195186779932;637;NA;NA;NA;1;0,00912106135986733;"Accord"
"P017732";2024-08-31;9800;0,0121419948320823;630;NA;NA;NA;1;0,00912106135986733;"Accord"
"P017733";2024-08-31;16600;0,050326343332915;588;NA;NA;NA;5;0,0514905149051491;"Accord"
"P017734";2024-08-31;11000;0,0355683731415999;597;NA;NA;NA;4;0,0305174701459531;"Accord"
"P017735";2024-08-31;9700;0,010715544950556;633;NA;NA;NA;1;0,00912106135986733;"Accord"
"P017736";2024-08-31;11000;0,0856694978635527;571;NA;NA;NA;7;0,0828970331588133;"Accord"
"P017737";2024-08-31;11100;0,0124090631172978;629;NA;NA;NA;1;0,00912106135986733;"Accord"
"P017738";2024-08-31;5200;0,141534805343085;554;"jours_decouvert_6m";"utilisation_revolving";"revenu_mensuel";8;0,126416739319965;"Refus"
"P017739";2024-08-31;5400;0,0622965317991251;580;NA;NA;NA;6;0,0623481781376518;"Accord"
"P017740";2024-08-31;9900;0,0167865083153405;618;NA;NA;NA;2;0,0177364864864865;"Accord"
"P017741";2024-08-31;9700;0,0603062226677769;581;NA;NA;NA;6;0,0623481781376518;"Accord"
"P017742";2024-08-31;3300;0,0630943670322883;580;NA;NA;NA;6;0,0623481781376518;"Accord"
"P017743";2024-08-31;6000;0,225959862187963;537;"revenu_mensuel";"utilisation_revolving";"taux_endettement";9;0,268402154398564;"Refus"
"P017744";2024-08-31;14900;0,0331138937325635;600;NA;NA;NA;4;0,0305174701459531;"Accord"
"P017745";2024-08-31;11600;0,0470077193640461;589;NA;NA;NA;5;0,0514905149051491;"Accord"
"P017746";2024-09-01;7400;0,103438477871816;565;NA;NA;NA;7;0,0828970331588133;"Accord"
"P017747";2024-09-01;6800;0,134142218782436;556;"jours_decouvert_6m";"revenu_mensuel";"taux_endettement";8;0,126416739319965;"Refus"
"P017748";2024-09-01;20300;0,0244634928144291;608;NA;NA;NA;3;0,0298755186721992;"Accord"
"P017749";2024-09-01;10400;0,161913619452092;550;"jours_decouvert_6m";"revenu_mensuel";"statut_logement";8;0,126416739319965;"Refus"
"P017750";2024-09-01;8000;0,33323858877225;522;"jours_decouvert_6m";"revenu_mensuel";"utilisation_revolving";9;0,268402154398564;"Refus"
"P017751";2024-09-01;17400;0,064657754139465;580;NA;NA;NA;6;0,0623481781376518;"Accord"
"P017752";2024-09-01;15000;0,00711403552095556;645;NA;NA;NA;1;0,00912106135986733;"Accord"
"P017753";2024-09-01;9800;0,0481734282236121;588;NA;NA;NA;5;0,0514905149051491;"Accord"
"P017754";2024-09-01;2900;0,104255707896538;565;NA;NA;NA;7;0,0828970331588133;"Accord"
"P017755";2024-09-01;7300;0,0530890474694485;586;NA;NA;NA;5;0,0514905149051491;"Accord"
"P017756";2024-09-01;14400;0,055747931409457;585;NA;NA;NA;5;0,0514905149051491;"Accord"
"P017757";2024-09-01;37800;0,102585857181935;565;NA;NA;NA;7;0,0828970331588133;"Accord"
"P017758";2024-09-01;14800;0,026339229566709;607;NA;NA;NA;4;0,0305174701459531;"Accord"
"P017759";2024-09-01;3000;0,0429320455976533;593;NA;NA;NA;4;0,0305174701459531;"Accord"
"P017760";2024-09-01;4600;0,0368507361175843;597;NA;NA;NA;4;0,0305174701459531;"Accord"
"P017761";2024-09-01;4400;0,198077454149154;543;"jours_decouvert_6m";"revenu_mensuel";"statut_logement";9;0,268402154398564;"Refus"
"P017762";2024-09-01;10000;0,044751968930189;590;NA;NA;NA;5;0,0514905149051491;"Accord"
"P017763";2024-09-02;3700;0,217764013618725;540;"jours_decouvert_6m";"revenu_mensuel";"taux_endettement";9;0,268402154398564;"Refus"
"P017764";2024-09-02;1900;0,0830221114188666;571;NA;NA;NA;7;0,0828970331588133;"Accord"
"P017765";2024-09-02;8800;0,0160830555707556;621;NA;NA;NA;2;0,0177364864864865;"Accord"
"P017766";2024-09-02;8300;0,0880289543247581;570;NA;NA;NA;7;0,0828970331588133;"Accord"
"P017767";2024-09-02;2800;0,012953770844212;627;NA;NA;NA;2;0,0177364864864865;"Accord"
"P017768";2024-09-02;10800;0,0912449968503864;568;NA;NA;NA;7;0,0828970331588133;"Accord"
"P017769";2024-09-02;8200;0,0414769777135436;593;NA;NA;NA;4;0,0305174701459531;"Accord"
"P017770";2024-09-02;9600;0,139311787931071;555;"revenu_mensuel";"taux_endettement";"incidents_12m";8;0,126416739319965;"Refus"
"P017771";2024-09-02;5100;0,162744646768227;550;"revenu_mensuel";"jours_decouvert_6m";"statut_logement";8;0,126416739319965;"Refus"
"P017772";2024-09-02;7200;0,035085544134347;598;NA;NA;NA;4;0,0305174701459531;"Accord"
"P017773";2024-09-02;9900;0,0159509062321237;622;NA;NA;NA;2;0,0177364864864865;"Accord"
"P017774";2024-09-02;5800;0,0518879792305429;587;NA;NA;NA;5;0,0514905149051491;"Accord"
"P017775";2024-09-02;2900;0,035955032407345;598;NA;NA;NA;4;0,0305174701459531;"Accord"
"P017776";2024-09-02;10000;0,0523538338188162;585;NA;NA;NA;5;0,0514905149051491;"Accord"
"P017777";2024-09-02;32200;0,0851857602103868;572;NA;NA;NA;7;0,0828970331588133;"Accord"
"P017778";2024-09-03;7600;0,00966342057562864;634;NA;NA;NA;1;0,00912106135986733;"Accord"
"P017779";2024-09-03;10500;0,0204020611098456;614;NA;NA;NA;3;0,0298755186721992;"Accord"
"P017780";2024-09-03;8000;0,0187840581853159;616;NA;NA;NA;3;0,0298755186721992;"Accord"
"P017781";2024-09-03;4600;0,0161284113176721;621;NA;NA;NA;2;0,0177364864864865;"Accord"
"P017782";2024-09-03;19900;0,0469286312176832;589;NA;NA;NA;5;0,0514905149051491;"Accord"
"P017783";2024-09-03;10200;0,0357834124853765;597;NA;NA;NA;4;0,0305174701459531;"Accord"
"P017784";2024-09-03;7200;0,0208758694285057;612;NA;NA;NA;3;0,0298755186721992;"Accord"
"P017785";2024-09-03;5200;0,0787571527941023;573;NA;NA;NA;7;0,0828970331588133;"Accord"
"P017786";2024-09-03;3800;0,0323491177216766;600;NA;NA;NA;4;0,0305174701459531;"Accord"
"P017787";2024-09-03;4500;0,0241115238761626;609;NA;NA;NA;3;0,0298755186721992;"Accord"
"P017788";2024-09-03;7300;0,0276664332090639;605;NA;NA;NA;4;0,0305174701459531;"Accord"
"P017789";2024-09-03;6500;0,0830823789087949;572;NA;NA;NA;7;0,0828970331588133;"Accord"
"P017790";2024-09-03;6600;0,083823248955317;571;NA;NA;NA;7;0,0828970331588133;"Accord"
"P017791";2024-09-03;3800;0,0202989166396957;616;NA;NA;NA;3;0,0298755186721992;"Accord"
"P017792";2024-09-03;5200;0,0117309032448884;630;NA;NA;NA;1;0,00912106135986733;"Accord"
"P017793";2024-09-03;16600;0,142395280447312;554;"revenu_mensuel";"jours_decouvert_6m";"utilisation_revolving";8;0,126416739319965;"Refus"
"P017794";2024-09-03;5300;0,0694855595002177;576;NA;NA;NA;6;0,0623481781376518;"Accord"
"P017795";2024-09-03;6600;0,090185320647421;569;NA;NA;NA;7;0,0828970331588133;"Accord"
"P017796";2024-09-04;23400;0,0271812995389767;604;NA;NA;NA;4;0,0305174701459531;"Accord"
"P017797";2024-09-04;6600;0,257379184672495;533;"jours_decouvert_6m";"utilisation_revolving";"revenu_mensuel";9;0,268402154398564;"Refus"
"P017798";2024-09-04;5100;0,160097959401832;549;"revenu_mensuel";"jours_decouvert_6m";"utilisation_revolving";8;0,126416739319965;"Refus"
"P017799";2024-09-04;3700;0,155362356657126;551;"jours_decouvert_6m";"revenu_mensuel";"utilisation_revolving";8;0,126416739319965;"Refus"
"P017800";2024-09-04;9100;0,027667140411903;606;NA;NA;NA;4;0,0305174701459531;"Accord"
"P017801";2024-09-04;4600;0,0265251135401928;606;NA;NA;NA;4;0,0305174701459531;"Accord"
"P017802";2024-09-04;2800;0,0153473261719959;623;NA;NA;NA;2;0,0177364864864865;"Accord"
"P017803";2024-09-04;16000;0,166998019538241;549;"revenu_mensuel";"jours_decouvert_6m";"taux_endettement";8;0,126416739319965;"Refus"
"P017804";2024-09-04;3700;0,221848400933333;538;"jours_decouvert_6m";"revenu_mensuel";"statut_logement";9;0,268402154398564;"Refus"
"P017805";2024-09-04;5300;0,00592679236013083;651;NA;NA;NA;1;0,00912106135986733;"Accord"
"P017806";2024-09-04;4000;0,0491351117285526;587;NA;NA;NA;5;0,0514905149051491;"Accord"
"P017807";2024-09-04;11700;0,0466914490291516;590;NA;NA;NA;5;0,0514905149051491;"Accord"
"P017808";2024-09-04;12400;0,00704775594168987;646;NA;NA;NA;1;0,00912106135986733;"Accord"
"P017809";2024-09-04;7300;0,167846617255672;549;"jours_decouvert_6m";"revenu_mensuel";"statut_logement";8;0,126416739319965;"Refus"
"P017810";2024-09-04;8600;0,0560552246354715;583;NA;NA;NA;6;0,0623481781376518;"Accord"
"P017811";2024-09-04;10200;0,0274740592112586;605;NA;NA;NA;4;0,0305174701459531;"Accord"
"P017812";2024-09-04;4800;0,00795859112036494;641;NA;NA;NA;1;0,00912106135986733;"Accord"
"P017813";2024-09-04;5500;0,0636132246834218;580;NA;NA;NA;6;0,0623481781376518;"Accord"
"P017814";2024-09-04;14100;0,0253811554116401;607;NA;NA;NA;4;0,0305174701459531;"Accord"
"P017815";2024-09-04;33000;0,0201426340634284;615;NA;NA;NA;3;0,0298755186721992;"Accord"
"P017816";2024-09-04;12200;0,00508386448673673;654;NA;NA;NA;1;0,00912106135986733;"Accord"
"P017817";2024-09-04;11600;0,0161116522300513;620;NA;NA;NA;2;0,0177364864864865;"Accord"
"P017818";2024-09-04;8500;0,0107921494274967;632;NA;NA;NA;1;0,00912106135986733;"Accord"
"P017819";2024-09-05;2900;0,281059982142518;529;"jours_decouvert_6m";"revenu_mensuel";"utilisation_revolving";9;0,268402154398564;"Refus"
"P017820";2024-09-05;19200;0,081512786362072;572;NA;NA;NA;7;0,0828970331588133;"Accord"
"P017821";2024-09-05;3500;0,0055471244283535;652;NA;NA;NA;1;0,00912106135986733;"Accord"
"P017822";2024-09-05;4000;0,0486709727535829;587;NA;NA;NA;5;0,0514905149051491;"Accord"
"P017823";2024-09-05;3200;0,00896644388961243;639;NA;NA;NA;1;0,00912106135986733;"Accord"
"P017824";2024-09-05;6100;0,0698298854631694;576;NA;NA;NA;6;0,0623481781376518;"Accord"
"P017825";2024-09-05;6300;0,0618858906196804;581;NA;NA;NA;6;0,0623481781376518;"Accord"
"P017826";2024-09-05;14100;0,0292411017831761;603;NA;NA;NA;4;0,0305174701459531;"Accord"
"P017827";2024-09-05;3600;0,0468357796015216;590;NA;NA;NA;5;0,0514905149051491;"Accord"
"P017828";2024-09-05;22100;0,0851454427779466;571;NA;NA;NA;7;0,0828970331588133;"Accord"
"P017829";2024-09-05;12100;0,0163478978230996;620;NA;NA;NA;2;0,0177364864864865;"Accord"
"P017830";2024-09-05;7100;0,0656133745052273;580;NA;NA;NA;6;0,0623481781376518;"Accord"
"P017831";2024-09-05;9000;0,0547916933145746;584;NA;NA;NA;6;0,0623481781376518;"Accord"
"P017832";2024-09-05;6400;0,0221306434343827;612;NA;NA;NA;3;0,0298755186721992;"Accord"
"P017833";2024-09-06;24200;0,127137631822937;558;"jours_decouvert_6m";"taux_endettement";"incidents_12m";8;0,126416739319965;"Refus"
"P017834";2024-09-06;2400;0,151064568837569;552;"jours_decouvert_6m";"revenu_mensuel";"utilisation_revolving";8;0,126416739319965;"Refus"
"P017835";2024-09-06;7100;0,0123945840336983;630;NA;NA;NA;1;0,00912106135986733;"Accord"
"P017836";2024-09-06;7200;0,178425173978758;547;"revenu_mensuel";"jours_decouvert_6m";"taux_endettement";9;0,268402154398564;"Refus"
"P017837";2024-09-06;8200;0,0325251531881894;600;NA;NA;NA;4;0,0305174701459531;"Accord"
"P017838";2024-09-06;7300;0,0956787117807498;567;NA;NA;NA;7;0,0828970331588133;"Accord"
"P017839";2024-09-06;12600;0,00596724523848527;649;NA;NA;NA;1;0,00912106135986733;"Accord"
"P017840";2024-09-06;1300;0,122179841909024;558;"jours_decouvert_6m";"revenu_mensuel";"utilisation_revolving";8;0,126416739319965;"Refus"
"P017841";2024-09-06;13700;0,0719565852173715;576;NA;NA;NA;6;0,0623481781376518;"Accord"
"P017842";2024-09-06;14500;0,0974195662336634;567;NA;NA;NA;7;0,0828970331588133;"Accord"
"P017843";2024-09-06;3400;0,136112661889704;556;"jours_decouvert_6m";"revenu_mensuel";"statut_logement";8;0,126416739319965;"Refus"
"P017844";2024-09-06;16200;0,0445043729844342;591;NA;NA;NA;5;0,0514905149051491;"Accord"
"P017845";2024-09-06;5100;0,015840887977369;622;NA;NA;NA;2;0,0177364864864865;"Accord"
"P017846";2024-09-07;6300;0,369761153804812;517;"jours_decouvert_6m";"revenu_mensuel";"utilisation_revolving";9;0,268402154398564;"Refus"
"P017847";2024-09-07;4400;0,0226580721211738;611;NA;NA;NA;3;0,0298755186721992;"Accord"
"P017848";2024-09-07;9400;0,0586665220465305;583;NA;NA;NA;6;0,0623481781376518;"Accord"
"P017849";2024-09-07;11000;0,0611201519148173;581;NA;NA;NA;6;0,0623481781376518;"Accord"
"P017850";2024-09-07;11900;0,00570086194152694;651;NA;NA;NA;1;0,00912106135986733;"Accord"
"P017851";2024-09-07;7100;0,146494923434093;553;"jours_decouvert_6m";"revenu_mensuel";"statut_logement";8;0,126416739319965;"Refus"
"P017852";2024-09-07;3400;0,0259738119611722;607;NA;NA;NA;4;0,0305174701459531;"Accord"
"P017853";2024-09-07;8500;0,0251964398236426;608;NA;NA;NA;3;0,0298755186721992;"Accord"
"P017854";2024-09-07;6000;0,0808474107965219;572;NA;NA;NA;7;0,0828970331588133;"Accord"
"P017855";2024-09-07;14600;0,0161508720677209;621;NA;NA;NA;2;0,0177364864864865;"Accord"
"P017856";2024-09-07;4500;0,00775373508180035;642;NA;NA;NA;1;0,00912106135986733;"Accord"
"P017857";2024-09-07;10900;0,0851557216800109;570;NA;NA;NA;7;0,0828970331588133;"Accord"
"P017858";2024-09-07;14900;0,0159173806682234;621;NA;NA;NA;2;0,0177364864864865;"Accord"
"P017859";2024-09-07;3100;0,0172429862441357;619;NA;NA;NA;2;0,0177364864864865;"Accord"
"P017860";2024-09-07;23000;0,059161600688684;582;NA;NA;NA;6;0,0623481781376518;"Accord"
"P017861";2024-09-07;5800;0,00511590084173624;653;NA;NA;NA;1;0,00912106135986733;"Accord"
"P017862";2024-09-07;1900;0,456600585472783;508;"jours_decouvert_6m";"revenu_mensuel";"taux_endettement";9;0,268402154398564;"Refus"
"P017863";2024-09-07;8700;0,175668179190337;547;"jours_decouvert_6m";"revenu_mensuel";"utilisation_revolving";9;0,268402154398564;"Refus"
"P017864";2024-09-08;4200;0,144646258762086;554;"jours_decouvert_6m";"revenu_mensuel";"statut_logement";8;0,126416739319965;"Refus"
"P017865";2024-09-08;15500;0,105091740186575;564;"jours_decouvert_6m";"revenu_mensuel";"statut_logement";7;0,0828970331588133;"Refus"
"P017866";2024-09-08;12800;0,0244012389894459;608;NA;NA;NA;3;0,0298755186721992;"Accord"
"P017867";2024-09-08;8100;0,226341650060126;537;"revenu_mensuel";"jours_decouvert_6m";"taux_endettement";9;0,268402154398564;"Refus"
"P017868";2024-09-08;7600;0,02994051470738;603;NA;NA;NA;4;0,0305174701459531;"Accord"
"P017869";2024-09-08;12400;0,0366292934283241;597;NA;NA;NA;4;0,0305174701459531;"Accord"
"P017870";2024-09-08;8100;0,0132008633600338;626;NA;NA;NA;2;0,0177364864864865;"Accord"
"P017871";2024-09-08;5000;0,0311535084264353;601;NA;NA;NA;4;0,0305174701459531;"Accord"
"P017872";2024-09-08;10600;0,0195801241973592;615;NA;NA;NA;3;0,0298755186721992;"Accord"
"P017873";2024-09-08;4300;0,0416445527992068;594;NA;NA;NA;4;0,0305174701459531;"Accord"
"P017874";2024-09-08;7500;0,0642679892082076;580;NA;NA;NA;6;0,0623481781376518;"Accord"
"P017875";2024-09-08;5200;0,0220222686451317;612;NA;NA;NA;3;0,0298755186721992;"Accord"
"P017876";2024-09-08;10100;0,0257408710794203;607;NA;NA;NA;4;0,0305174701459531;"Accord"
"P017877";2024-09-08;6700;0,0657706057530075;579;NA;NA;NA;6;0,0623481781376518;"Accord"
"P017878";2024-09-08;2700;0,0388410752431909;595;NA;NA;NA;4;0,0305174701459531;"Accord"
"P017879";2024-09-08;45100;0,0120221290307336;629;NA;NA;NA;1;0,00912106135986733;"Accord"
"P017880";2024-09-08;8400;0,215165428729544;539;"jours_decouvert_6m";"revenu_mensuel";"utilisation_revolving";9;0,268402154398564;"Refus"
"P017881";2024-09-08;8800;0,0263148919727154;606;NA;NA;NA;4;0,0305174701459531;"Accord"
"P017882";2024-09-08;4200;0,043447978845102;592;NA;NA;NA;5;0,0514905149051491;"Accord"
"P017883";2024-09-08;9800;0,154748115367985;551;"revenu_mensuel";"jours_decouvert_6m";"taux_endettement";8;0,126416739319965;"Refus"
"P017884";2024-09-08;11200;0,0914412223296939;569;NA;NA;NA;7;0,0828970331588133;"Accord"
"P017885";2024-09-09;9400;0,124939681976801;558;"jours_decouvert_6m";"revenu_mensuel";"utilisation_revolving";8;0,126416739319965;"Refus"
"P017886";2024-09-09;2900;0,0344136241393508;599;NA;NA;NA;4;0,0305174701459531;"Accord"
"P017887";2024-09-09;25700;0,0243123954988183;606;NA;NA;NA;4;0,0305174701459531;"Accord"
"P017888";2024-09-09;3700;0,0943203994890811;568;NA;NA;NA;7;0,0828970331588133;"Accord"
"P017889";2024-09-09;8700;0,0137469861556543;626;NA;NA;NA;2;0,0177364864864865;"Accord"
"P017890";2024-09-09;3100;0,0148073087939967;625;NA;NA;NA;2;0,0177364864864865;"Accord"
"P017891";2024-09-09;7900;0,297454986227185;527;"jours_decouvert_6m";"revenu_mensuel";"taux_endettement";9;0,268402154398564;"Refus"
"P017892";2024-09-09;5300;0,0301043723883833;603;NA;NA;NA;4;0,0305174701459531;"Accord"
"P017893";2024-09-09;8200;0,0321495758861064;601;NA;NA;NA;4;0,0305174701459531;"Accord"
"P017894";2024-09-09;2300;0,0143831414230892;624;NA;NA;NA;2;0,0177364864864865;"Accord"
"P017895";2024-09-09;13400;0,151488609877514;552;"jours_decouvert_6m";"utilisation_revolving";"revenu_mensuel";8;0,126416739319965;"Refus"
"P017896";2024-09-09;7200;0,157939087982122;551;"revenu_mensuel";"jours_decouvert_6m";"taux_endettement";8;0,126416739319965;"Refus"
"P017897";2024-09-09;14600;0,0306551091957142;602;NA;NA;NA;4;0,0305174701459531;"Accord"
"P017898";2024-09-09;20500;0,0132127764098306;627;NA;NA;NA;2;0,0177364864864865;"Accord"
"P017899";2024-09-09;12800;0,0330100829309542;600;NA;NA;NA;4;0,0305174701459531;"Accord"
"P017900";2024-09-09;3300;0,198077454149154;543;"jours_decouvert_6m";"revenu_mensuel";"statut_logement";9;0,268402154398564;"Refus"
"P017901";2024-09-09;15100;0,09171100809811;568;NA;NA;NA;7;0,0828970331588133;"Accord"
"P017902";2024-09-09;7300;0,0737922512293377;575;NA;NA;NA;6;0,0623481781376518;"Accord"
"P017903";2024-09-09;8800;0,26616533520116;531;"jours_decouvert_6m";"revenu_mensuel";"utilisation_revolving";9;0,268402154398564;"Refus"
"P017904";2024-09-09;6800;0,0103080502051613;634;NA;NA;NA;1;0,00912106135986733;"Accord"
"P017905";2024-09-09;16800;0,114355640919092;561;"revenu_mensuel";"jours_decouvert_6m";"taux_endettement";8;0,126416739319965;"Refus"
"P017906";2024-09-09;5700;0,035331752316832;598;NA;NA;NA;4;0,0305174701459531;"Accord"
"P017907";2024-09-09;1900;0,0551780819682247;585;NA;NA;NA;5;0,0514905149051491;"Accord"
"P017908";2024-09-09;13000;0,0384549128876176;595;NA;NA;NA;4;0,0305174701459531;"Accord"
"P017909";2024-09-09;7500;0,0522863260935756;586;NA;NA;NA;5;0,0514905149051491;"Accord"
"P017910";2024-09-10;17700;0,0429795241229825;592;NA;NA;NA;5;0,0514905149051491;"Accord"
"P017911";2024-09-10;8000;0,02723759673875;604;NA;NA;NA;4;0,0305174701459531;"Accord"
"P017912";2024-09-10;8300;0,0257184868817789;608;NA;NA;NA;3;0,0298755186721992;"Accord"
"P017913";2024-09-10;9500;0,124105041139968;558;"revenu_mensuel";"jours_decouvert_6m";"utilisation_revolving";8;0,126416739319965;"Refus"
"P017914";2024-09-10;9000;0,0632662471414109;579;NA;NA;NA;6;0,0623481781376518;"Accord"
"P017915";2024-09-10;8500;0,0760528683526158;574;NA;NA;NA;7;0,0828970331588133;"Accord"
"P017916";2024-09-10;1300;0,0319735190078786;602;NA;NA;NA;4;0,0305174701459531;"Accord"
"P017917";2024-09-10;4700;0,0229979791063862;610;NA;NA;NA;3;0,0298755186721992;"Accord"
"P017918";2024-09-10;8300;0,0119532398812545;631;NA;NA;NA;1;0,00912106135986733;"Accord"
"P017919";2024-09-10;4500;0,011297649149846;632;NA;NA;NA;1;0,00912106135986733;"Accord"
"P017920";2024-09-10;12400;0,0279009713250512;605;NA;NA;NA;4;0,0305174701459531;"Accord"
"P017921";2024-09-10;7400;0,0470192814276982;588;NA;NA;NA;5;0,0514905149051491;"Accord"
"P017922";2024-09-10;10400;0,0436289989297868;592;NA;NA;NA;5;0,0514905149051491;"Accord"
"P017923";2024-09-10;8800;0,0978877064155471;566;NA;NA;NA;7;0,0828970331588133;"Accord"
"P017924";2024-09-10;9100;0,0407157398019419;594;NA;NA;NA;4;0,0305174701459531;"Accord"
"P017925";2024-09-11;20800;0,00553720517302546;652;NA;NA;NA;1;0,00912106135986733;"Accord"
"P017926";2024-09-11;6600;0,143149422551923;554;"jours_decouvert_6m";"revenu_mensuel";"statut_logement";8;0,126416739319965;"Refus"
"P017927";2024-09-11;10300;0,0278846996204907;605;NA;NA;NA;4;0,0305174701459531;"Accord"
"P017928";2024-09-11;11900;0,463309907370662;506;"jours_decouvert_6m";"revenu_mensuel";"utilisation_revolving";9;0,268402154398564;"Refus"
"P017929";2024-09-11;9600;0,284092364892503;530;"jours_decouvert_6m";"revenu_mensuel";"statut_logement";9;0,268402154398564;"Refus"
"P017930";2024-09-11;19500;0,0170740113431041;618;NA;NA;NA;2;0,0177364864864865;"Accord"
"P017931";2024-09-11;6500;0,00361515625137608;664;NA;NA;NA;1;0,00912106135986733;"Accord"
"P017932";2024-09-11;11700;0,029009086143392;603;NA;NA;NA;4;0,0305174701459531;"Accord"
"P017933";2024-09-11;4900;0,0261667950541663;607;NA;NA;NA;4;0,0305174701459531;"Accord"
"P017934";2024-09-11;18800;0,0378854729272356;595;NA;NA;NA;4;0,0305174701459531;"Accord"
"P017935";2024-09-11;13200;0,257180462198665;533;"jours_decouvert_6m";"revenu_mensuel";"utilisation_revolving";9;0,268402154398564;"Refus"
"P017936";2024-09-11;6000;0,193724444671879;543;"jours_decouvert_6m";"revenu_mensuel";"utilisation_revolving";9;0,268402154398564;"Refus"
"P017937";2024-09-11;5600;0,130665882260347;557;"jours_decouvert_6m";"revenu_mensuel";"incidents_12m";8;0,126416739319965;"Refus"
"P017938";2024-09-11;9200;0,0259656812190128;606;NA;NA;NA;4;0,0305174701459531;"Accord"
"P017939";2024-09-11;18900;0,127100116224352;558;"jours_decouvert_6m";"revenu_mensuel";"incidents_12m";8;0,126416739319965;"Refus"
"P017940";2024-09-12;19800;0,16068705867262;550;"jours_decouvert_6m";"revenu_mensuel";"utilisation_revolving";8;0,126416739319965;"Refus"
"P017941";2024-09-12;12700;0,344768083101859;521;"jours_decouvert_6m";"revenu_mensuel";"taux_endettement";9;0,268402154398564;"Refus"
"P017942";2024-09-12;13500;0,0270269867422359;606;NA;NA;NA;4;0,0305174701459531;"Accord"
"P017943";2024-09-12;11900;0,0238351569522262;610;NA;NA;NA;3;0,0298755186721992;"Accord"
"P017944";2024-09-12;6600;0,08031747192239;573;NA;NA;NA;7;0,0828970331588133;"Accord"
"P017945";2024-09-12;34400;0,0168403820544238;619;NA;NA;NA;2;0,0177364864864865;"Accord"
"P017946";2024-09-12;18000;0,160428972018645;549;"jours_decouvert_6m";"revenu_mensuel";"utilisation_revolving";8;0,126416739319965;"Refus"
"P017947";2024-09-12;6100;0,0405568113446965;594;NA;NA;NA;4;0,0305174701459531;"Accord"
"P017948";2024-09-12;9100;0,0252280591585176;608;NA;NA;NA;3;0,0298755186721992;"Accord"
"P017949";2024-09-12;2100;0,0361080158147521;597;NA;NA;NA;4;0,0305174701459531;"Accord"
"P017950";2024-09-12;34400;0,0919949842893874;568;NA;NA;NA;7;0,0828970331588133;"Accord"
"P017951";2024-09-12;7400;0,298636836608525;527;"jours_decouvert_6m";"revenu_mensuel";"incidents_12m";9;0,268402154398564;"Refus"
"P017952";2024-09-12;10600;0,0324818371136338;601;NA;NA;NA;4;0,0305174701459531;"Accord"
"P017953";2024-09-12;6100;0,0140941381959062;624;NA;NA;NA;2;0,0177364864864865;"Accord"
"P017954";2024-09-12;11900;0,466588046523538;506;"jours_decouvert_6m";"revenu_mensuel";"utilisation_revolving";9;0,268402154398564;"Refus"
"P017955";2024-09-12;15600;0,1812016896453;545;"revenu_mensuel";"jours_decouvert_6m";"utilisation_revolving";9;0,268402154398564;"Refus"
"P017956";2024-09-12;21500;0,0495354972716835;588;NA;NA;NA;5;0,0514905149051491;"Accord"
"P017957";2024-09-12;13300;0,439500343380351;509;"jours_decouvert_6m";"revenu_mensuel";"utilisation_revolving";9;0,268402154398564;"Refus"
"P017958";2024-09-12;12500;0,107492752522473;563;"utilisation_revolving";"jours_decouvert_6m";"revenu_mensuel";7;0,0828970331588133;"Refus"
"P017959";2024-09-12;15000;0,0303214198615452;602;NA;NA;NA;4;0,0305174701459531;"Accord"
"P017960";2024-09-13;8900;0,118795286027507;559;"revenu_mensuel";"utilisation_revolving";"taux_endettement";8;0,126416739319965;"Refus"
"P017961";2024-09-13;7300;0,104922756772616;565;NA;NA;NA;7;0,0828970331588133;"Accord"
"P017962";2024-09-13;9800;0,00957888918385816;636;NA;NA;NA;1;0,00912106135986733;"Accord"
"P017963";2024-09-13;6000;0,00879254873690363;638;NA;NA;NA;1;0,00912106135986733;"Accord"
"P017964";2024-09-13;7400;0,103895898123907;564;"jours_decouvert_6m";"revenu_mensuel";"utilisation_revolving";7;0,0828970331588133;"Refus"
"P017965";2024-09-13;18100;0,219727669177096;539;"jours_decouvert_6m";"revenu_mensuel";"incidents_12m";9;0,268402154398564;"Refus"
"P017966";2024-09-13;3500;0,0179228019233194;618;NA;NA;NA;2;0,0177364864864865;"Accord"
"P017967";2024-09-13;5300;0,0558951362815208;584;NA;NA;NA;6;0,0623481781376518;"Accord"
"P017968";2024-09-13;6300;0,165498685526731;549;"jours_decouvert_6m";"revenu_mensuel";"incidents_12m";8;0,126416739319965;"Refus"
"P017969";2024-09-13;1600;0,0167316651430356;619;NA;NA;NA;2;0,0177364864864865;"Accord"
"P017970";2024-09-13;17700;0,0115228370549553;630;NA;NA;NA;1;0,00912106135986733;"Accord"
"P017971";2024-09-13;4700;0,325858698440322;523;"jours_decouvert_6m";"revenu_mensuel";"utilisation_revolving";9;0,268402154398564;"Refus"
"P017972";2024-09-13;21900;0,172130283065336;547;"revenu_mensuel";"jours_decouvert_6m";"utilisation_revolving";9;0,268402154398564;"Refus"
"P017973";2024-09-13;2900;0,103895898123907;564;"jours_decouvert_6m";"revenu_mensuel";"utilisation_revolving";7;0,0828970331588133;"Refus"
"P017974";2024-09-13;2500;0,103665099732993;564;"revenu_mensuel";"jours_decouvert_6m";"statut_logement";7;0,0828970331588133;"Refus"
"P017975";2024-09-13;19200;0,243972300566715;534;"jours_decouvert_6m";"revenu_mensuel";"utilisation_revolving";9;0,268402154398564;"Refus"
"P017976";2024-09-13;7200;0,120866511204114;561;"jours_decouvert_6m";"revenu_mensuel";"incidents_12m";8;0,126416739319965;"Refus"
"P017977";2024-09-14;20500;0,105265948906953;563;"revenu_mensuel";"utilisation_revolving";"taux_endettement";7;0,0828970331588133;"Refus"
"P017978";2024-09-14;17300;0,00645325449825239;649;NA;NA;NA;1;0,00912106135986733;"Accord"
"P017979";2024-09-14;5100;0,0537150088610097;585;NA;NA;NA;5;0,0514905149051491;"Accord"
"P017980";2024-09-14;7700;0,0258341488088498;607;NA;NA;NA;4;0,0305174701459531;"Accord"
"P017981";2024-09-14;8600;0,0140030555269689;625;NA;NA;NA;2;0,0177364864864865;"Accord"
"P017982";2024-09-14;19200;0,0168288566516919;620;NA;NA;NA;2;0,0177364864864865;"Accord"
"P017983";2024-09-14;10800;0,0874384946478994;570;NA;NA;NA;7;0,0828970331588133;"Accord"
"P017984";2024-09-14;6300;0,0656133745052273;580;NA;NA;NA;6;0,0623481781376518;"Accord"
"P017985";2024-09-14;7200;0,0524887280971137;585;NA;NA;NA;5;0,0514905149051491;"Accord"
"P017986";2024-09-14;4500;0,219725457219857;539;"jours_decouvert_6m";"revenu_mensuel";"statut_logement";9;0,268402154398564;"Refus"
"P017987";2024-09-14;5500;0,220888762172869;539;"jours_decouvert_6m";"revenu_mensuel";"taux_endettement";9;0,268402154398564;"Refus"
"P017988";2024-09-14;4200;0,0606737927420994;581;NA;NA;NA;6;0,0623481781376518;"Accord"
"P017989";2024-09-14;28600;0,379983349986231;517;"jours_decouvert_6m";"revenu_mensuel";"taux_endettement";9;0,268402154398564;"Refus"
"P017990";2024-09-14;4600;0,0274740592112586;605;NA;NA;NA;4;0,0305174701459531;"Accord"
"P017991";2024-09-14;2800;0,00839648560449165;641;NA;NA;NA;1;0,00912106135986733;"Accord"
"P017992";2024-09-14;15700;0,0292730576409921;603;NA;NA;NA;4;0,0305174701459531;"Accord"
"P017993";2024-09-14;6000;0,231906809879357;536;"revenu_mensuel";"jours_decouvert_6m";"utilisation_revolving";9;0,268402154398564;"Refus"
"P017994";2024-09-14;12300;0,0107004537841201;633;NA;NA;NA;1;0,00912106135986733;"Accord"
"P017995";2024-09-14;23300;0,0248810336685202;607;NA;NA;NA;4;0,0305174701459531;"Accord"
"P017996";2024-09-14;2300;0,0462620489335774;590;NA;NA;NA;5;0,0514905149051491;"Accord"
"P017997";2024-09-14;9600;0,0346857398597256;598;NA;NA;NA;4;0,0305174701459531;"Accord"
"P017998";2024-09-14;6900;0,0245409652275236;608;NA;NA;NA;3;0,0298755186721992;"Accord"
"P017999";2024-09-14;4200;0,0988617341714264;567;NA;NA;NA;7;0,0828970331588133;"Accord"
"P018000";2024-09-14;5000;0,0292730576409921;603;NA;NA;NA;4;0,0305174701459531;"Accord"
"P018001";2024-09-14;15200;0,134502148904981;557;"jours_decouvert_6m";"revenu_mensuel";"statut_logement";8;0,126416739319965;"Refus"
"P018002";2024-09-14;35500;0,0380178260579087;595;NA;NA;NA;4;0,0305174701459531;"Accord"
"P018003";2024-09-15;6200;0,175756373601653;547;"jours_decouvert_6m";"revenu_mensuel";"utilisation_revolving";9;0,268402154398564;"Refus"
"P018004";2024-09-15;4600;0,011084281443848;632;NA;NA;NA;1;0,00912106135986733;"Accord"
"P018005";2024-09-15;7100;0,0186414459602931;617;NA;NA;NA;2;0,0177364864864865;"Accord"
"P018006";2024-09-15;25000;0,0474633318815715;588;NA;NA;NA;5;0,0514905149051491;"Accord"
"P018007";2024-09-15;2100;0,0596995081483225;581;NA;NA;NA;6;0,0623481781376518;"Accord"
"P018008";2024-09-15;12500;0,0585545203235522;582;NA;NA;NA;6;0,0623481781376518;"Accord"
"P018009";2024-09-15;6300;0,0510058787333001;587;NA;NA;NA;5;0,0514905149051491;"Accord"
"P018010";2024-09-15;3600;0,0698357611602866;578;NA;NA;NA;6;0,0623481781376518;"Accord"
"P018011";2024-09-15;2300;0,0120420145658946;630;NA;NA;NA;1;0,00912106135986733;"Accord"
"P018012";2024-09-15;7000;0,089641296739112;568;NA;NA;NA;7;0,0828970331588133;"Accord"
"P018013";2024-09-15;23200;0,106118660819246;563;"jours_decouvert_6m";"revenu_mensuel";"utilisation_revolving";7;0,0828970331588133;"Refus"
"P018014";2024-09-15;6100;0,177188493573569;547;"revenu_mensuel";"utilisation_revolving";"jours_decouvert_6m";9;0,268402154398564;"Refus"
"P018015";2024-09-15;4200;0,0234852456211879;610;NA;NA;NA;3;0,0298755186721992;"Accord"
"P018016";2024-09-15;14400;0,0743272284415081;575;NA;NA;NA;6;0,0623481781376518;"Accord"
"P018017";2024-09-15;56400;0,0196844285529409;615;NA;NA;NA;3;0,0298755186721992;"Accord"
"P018018";2024-09-15;3100;0,0777681023573837;575;NA;NA;NA;6;0,0623481781376518;"Accord"
"P018019";2024-09-15;8600;0,0749173153829365;576;NA;NA;NA;6;0,0623481781376518;"Accord"
"P018020";2024-09-15;9000;0,0973368499818117;567;NA;NA;NA;7;0,0828970331588133;"Accord"
"P018021";2024-09-15;11300;0,176947822354649;547;"jours_decouvert_6m";"revenu_mensuel";"statut_logement";9;0,268402154398564;"Refus"
"P018022";2024-09-16;17600;0,0253021857989473;607;NA;NA;NA;4;0,0305174701459531;"Accord"
"P018023";2024-09-16;20000;0,109597421195719;562;"jours_decouvert_6m";"revenu_mensuel";"utilisation_revolving";8;0,126416739319965;"Refus"
"P018024";2024-09-16;13600;0,135707783007454;555;"revenu_mensuel";"utilisation_revolving";"jours_decouvert_6m";8;0,126416739319965;"Refus"
"P018025";2024-09-16;4200;0,0617812068163446;581;NA;NA;NA;6;0,0623481781376518;"Accord"
"P018026";2024-09-16;5200;0,0177190432339788;619;NA;NA;NA;2;0,0177364864864865;"Accord"
"P018027";2024-09-16;5200;0,0145819029934485;623;NA;NA;NA;2;0,0177364864864865;"Accord"
"P018028";2024-09-16;5300;0,0290260981028659;603;NA;NA;NA;4;0,0305174701459531;"Accord"
"P018029";2024-09-16;8700;0,0754855670180713;574;NA;NA;NA;7;0,0828970331588133;"Accord"
"P018030";2024-09-16;7400;0,0341494711123437;598;NA;NA;NA;4;0,0305174701459531;"Accord"
"P018031";2024-09-16;6000;0,0358187167264737;597;NA;NA;NA;4;0,0305174701459531;"Accord"
"P018032";2024-09-16;2100;0,036393573214983;597;NA;NA;NA;4;0,0305174701459531;"Accord"
"P018033";2024-09-16;37700;0,00823621574917961;639;NA;NA;NA;1;0,00912106135986733;"Accord"
"P018034";2024-09-16;17900;0,0157288429450731;621;NA;NA;NA;2;0,0177364864864865;"Accord"
"P018035";2024-09-16;29500;0,0833042694454881;572;NA;NA;NA;7;0,0828970331588133;"Accord"
"P018036";2024-09-16;7900;0,0185680390931124;618;NA;NA;NA;2;0,0177364864864865;"Accord"
"P018037";2024-09-16;6600;0,074388349087886;574;NA;NA;NA;7;0,0828970331588133;"Accord"
"P018038";2024-09-16;5000;0,223161858289511;538;"revenu_mensuel";"jours_decouvert_6m";"taux_endettement";9;0,268402154398564;"Refus"
"P018039";2024-09-16;3000;0,0302459009322628;603;NA;NA;NA;4;0,0305174701459531;"Accord"
"P018040";2024-09-16;5800;0,0110234551335849;632;NA;NA;NA;1;0,00912106135986733;"Accord"
"P018041";2024-09-16;3800;0,0852754352975423;571;NA;NA;NA;7;0,0828970331588133;"Accord"
"P018042";2024-09-17;14800;0,043439741951209;592;NA;NA;NA;5;0,0514905149051491;"Accord"
"P018043";2024-09-17;17000;0,0344515123559733;599;NA;NA;NA;4;0,0305174701459531;"Accord"
"P018044";2024-09-17;13000;0,0459457381203062;590;NA;NA;NA;5;0,0514905149051491;"Accord"
"P018045";2024-09-17;9600;0,0154167467736016;623;NA;NA;NA;2;0,0177364864864865;"Accord"
"P018046";2024-09-17;15300;0,0401249411053821;594;NA;NA;NA;4;0,0305174701459531;"Accord"
"P018047";2024-09-17;5900;0,14703340408811;553;"jours_decouvert_6m";"revenu_mensuel";"taux_endettement";8;0,126416739319965;"Refus"
"P018048";2024-09-17;23200;0,0259925528197244;606;NA;NA;NA;4;0,0305174701459531;"Accord"
"P018049";2024-09-17;8600;0,0287299287017665;603;NA;NA;NA;4;0,0305174701459531;"Accord"
"P018050";2024-09-17;9700;0,0545093418098345;584;NA;NA;NA;6;0,0623481781376518;"Accord"
"P018051";2024-09-17;11100;0,034573902410818;598;NA;NA;NA;4;0,0305174701459531;"Accord"
"P018052";2024-09-17;3800;0,00506218373730366;654;NA;NA;NA;1;0,00912106135986733;"Accord"
"P018053";2024-09-17;4800;0,0272641064716646;606;NA;NA;NA;4;0,0305174701459531;"Accord"
"P018054";2024-09-17;16400;0,0184057537775721;617;NA;NA;NA;2;0,0177364864864865;"Accord"
"P018055";2024-09-17;9700;0,050397460698049;587;NA;NA;NA;5;0,0514905149051491;"Accord"
"P018056";2024-09-17;3700;0,216951348941659;538;"jours_decouvert_6m";"revenu_mensuel";"utilisation_revolving";9;0,268402154398564;"Refus"
"P018057";2024-09-17;4200;0,0354408829293297;597;NA;NA;NA;4;0,0305174701459531;"Accord"
"P018058";2024-09-17;6800;0,0540148359633869;585;NA;NA;NA;5;0,0514905149051491;"Accord"
"P018059";2024-09-17;20800;0,0386664030688448;594;NA;NA;NA;4;0,0305174701459531;"Accord"
"P018060";2024-09-17;5800;0,125020291610853;558;"revenu_mensuel";"jours_decouvert_6m";"utilisation_revolving";8;0,126416739319965;"Refus"
"P018061";2024-09-17;9600;0,0335145272006124;600;NA;NA;NA;4;0,0305174701459531;"Accord"
"P018062";2024-09-17;9700;0,0371938328117931;596;NA;NA;NA;4;0,0305174701459531;"Accord"
"P018063";2024-09-17;9900;0,0140819533091509;625;NA;NA;NA;2;0,0177364864864865;"Accord"
"P018064";2024-09-17;12800;0,11266919087406;562;"jours_decouvert_6m";"revenu_mensuel";"statut_logement";8;0,126416739319965;"Refus"
"P018065";2024-09-18;14900;0,0125804701540793;628;NA;NA;NA;2;0,0177364864864865;"Accord"
"P018066";2024-09-18;11400;0,0547203466716629;585;NA;NA;NA;5;0,0514905149051491;"Accord"
"P018067";2024-09-18;7500;0,111364709724978;562;"jours_decouvert_6m";"revenu_mensuel";"statut_logement";8;0,126416739319965;"Refus"
"P018068";2024-09-18;9900;0,0390889036239318;593;NA;NA;NA;4;0,0305174701459531;"Accord"
"P018069";2024-09-18;7100;0,0830823789087949;572;NA;NA;NA;7;0,0828970331588133;"Accord"
"P018070";2024-09-18;16000;0,0114417246268392;631;NA;NA;NA;1;0,00912106135986733;"Accord"
"P018071";2024-09-18;8200;0,0838931476985132;571;NA;NA;NA;7;0,0828970331588133;"Accord"
"P018072";2024-09-18;9100;0,123621467632175;559;"jours_decouvert_6m";"revenu_mensuel";"statut_logement";8;0,126416739319965;"Refus"
"P018073";2024-09-18;13700;0,0276052104375802;605;NA;NA;NA;4;0,0305174701459531;"Accord"
"P018074";2024-09-18;14300;0,0869449306174206;570;NA;NA;NA;7;0,0828970331588133;"Accord"
"P018075";2024-09-18;12100;0,0578438415100875;583;NA;NA;NA;6;0,0623481781376518;"Accord"
"P018076";2024-09-18;32200;0,122047074022706;560;"jours_decouvert_6m";"revenu_mensuel";"taux_endettement";8;0,126416739319965;"Refus"
"P018077";2024-09-18;2600;0,0567852173933599;583;NA;NA;NA;6;0,0623481781376518;"Accord"
"P018078";2024-09-18;12900;0,0982197104033512;566;NA;NA;NA;7;0,0828970331588133;"Accord"
"P018079";2024-09-18;3100;0,208192188074876;541;"jours_decouvert_6m";"revenu_mensuel";"statut_logement";9;0,268402154398564;"Refus"
"P018080";2024-09-18;20100;0,064904406035752;579;NA;NA;NA;6;0,0623481781376518;"Accord"
"P018081";2024-09-18;9400;0,0562211947308434;584;NA;NA;NA;6;0,0623481781376518;"Accord"
"P018082";2024-09-18;4400;0,0231117205105321;610;NA;NA;NA;3;0,0298755186721992;"Accord"
"P018083";2024-09-18;8700;0,153123633658754;552;"jours_decouvert_6m";"revenu_mensuel";"statut_logement";8;0,126416739319965;"Refus"
"P018084";2024-09-18;2900;0,0743997475885751;574;NA;NA;NA;7;0,0828970331588133;"Accord"
"P018085";2024-09-18;3400;0,170278946971289;548;"jours_decouvert_6m";"utilisation_revolving";"revenu_mensuel";8;0,126416739319965;"Refus"
"P018086";2024-09-18;12700;0,0738366566408573;576;NA;NA;NA;6;0,0623481781376518;"Accord"
"P018087";2024-09-18;7200;0,11266919087406;562;"jours_decouvert_6m";"revenu_mensuel";"statut_logement";8;0,126416739319965;"Refus"
"P018088";2024-09-18;3200;0,0538691111423919;584;NA;NA;NA;6;0,0623481781376518;"Accord"
"P018089";2024-09-18;7900;0,029526150130942;603;NA;NA;NA;4;0,0305174701459531;"Accord"
"P018090";2024-09-19;30800;0,0125206104141462;628;NA;NA;NA;2;0,0177364864864865;"Accord"
"P018091";2024-09-19;1600;0,15172602169942;551;"revenu_mensuel";"jours_decouvert_6m";"statut_logement";8;0,126416739319965;"Refus"
"P018092";2024-09-19;6200;0,0238704397714051;609;NA;NA;NA;3;0,0298755186721992;"Accord"
"P018093";2024-09-19;15800;0,00627234539424685;648;NA;NA;NA;1;0,00912106135986733;"Accord"
"P018094";2024-09-19;2300;0,0205138203802372;614;NA;NA;NA;3;0,0298755186721992;"Accord"
"P018095";2024-09-19;6800;0,0158481843193718;622;NA;NA;NA;2;0,0177364864864865;"Accord"
"P018096";2024-09-19;20800;0,0739234573678287;575;NA;NA;NA;6;0,0623481781376518;"Accord"
"P018097";2024-09-19;9800;0,0371568524333118;596;NA;NA;NA;4;0,0305174701459531;"Accord"
"P018098";2024-09-19;18600;0,0377286201347497;596;NA;NA;NA;4;0,0305174701459531;"Accord"
"P018099";2024-09-19;4400;0,0459436633607636;589;NA;NA;NA;5;0,0514905149051491;"Accord"
"P018100";2024-09-19;11300;0,0716868394195496;577;NA;NA;NA;6;0,0623481781376518;"Accord"
"P018101";2024-09-19;5500;0,0473323656118693;588;NA;NA;NA;5;0,0514905149051491;"Accord"
"P018102";2024-09-19;8800;0,0511301641051883;587;NA;NA;NA;5;0,0514905149051491;"Accord"
"P018103";2024-09-19;7200;0,301920397273141;527;"jours_decouvert_6m";"revenu_mensuel";"statut_logement";9;0,268402154398564;"Refus"
"P018104";2024-09-19;10900;0,3525334966156;520;"jours_decouvert_6m";"revenu_mensuel";"taux_endettement";9;0,268402154398564;"Refus"
"P018105";2024-09-19;6700;0,0502648552397633;588;NA;NA;NA;5;0,0514905149051491;"Accord"
"P018106";2024-09-19;3000;0,0453582447881367;590;NA;NA;NA;5;0,0514905149051491;"Accord"
"P018107";2024-09-19;3800;0,267482914253823;531;"jours_decouvert_6m";"revenu_mensuel";"statut_logement";9;0,268402154398564;"Refus"
"P018108";2024-09-19;12500;0,0107089163966719;633;NA;NA;NA;1;0,00912106135986733;"Accord"
"P018109";2024-09-19;30500;0,170243537091916;547;"jours_decouvert_6m";"revenu_mensuel";"utilisation_revolving";9;0,268402154398564;"Refus"
"P018110";2024-09-19;19700;0,0311831303139467;601;NA;NA;NA;4;0,0305174701459531;"Accord"
"P018111";2024-09-19;3100;0,0410561366008341;593;NA;NA;NA;4;0,0305174701459531;"Accord"
"P018112";2024-09-20;6400;0,024725563868331;608;NA;NA;NA;3;0,0298755186721992;"Accord"
"P018113";2024-09-20;11700;0,0339957673674919;599;NA;NA;NA;4;0,0305174701459531;"Accord"
"P018114";2024-09-20;6300;0,104337508734315;565;NA;NA;NA;7;0,0828970331588133;"Accord"
"P018115";2024-09-20;3300;0,0312713192371023;601;NA;NA;NA;4;0,0305174701459531;"Accord"
"P018116";2024-09-20;8900;0,0238864041488122;609;NA;NA;NA;3;0,0298755186721992;"Accord"
"P018117";2024-09-20;7700;0,0206143118138007;613;NA;NA;NA;3;0,0298755186721992;"Accord"
"P018118";2024-09-20;3300;0,0508827041079182;587;NA;NA;NA;5;0,0514905149051491;"Accord"
"P018119";2024-09-20;19300;0,043108739251938;592;NA;NA;NA;5;0,0514905149051491;"Accord"
"P018120";2024-09-20;4500;0,0135878036585479;625;NA;NA;NA;2;0,0177364864864865;"Accord"
"P018121";2024-09-20;17000;0,0374129063942644;596;NA;NA;NA;4;0,0305174701459531;"Accord"
"P018122";2024-09-20;20700;0,0349538398730564;599;NA;NA;NA;4;0,0305174701459531;"Accord"
"P018123";2024-09-20;11100;0,026526865236914;606;NA;NA;NA;4;0,0305174701459531;"Accord"
"P018124";2024-09-20;6600;0,0750104505140661;575;NA;NA;NA;6;0,0623481781376518;"Accord"
"P018125";2024-09-20;13100;0,0678144381446237;578;NA;NA;NA;6;0,0623481781376518;"Accord"
"P018126";2024-09-20;10500;0,0182144548002718;617;NA;NA;NA;2;0,0177364864864865;"Accord"
"P018127";2024-09-20;17500;0,0287828324767842;603;NA;NA;NA;4;0,0305174701459531;"Accord"
"P018128";2024-09-20;8700;0,0460358243536906;589;NA;NA;NA;5;0,0514905149051491;"Accord"
"P018129";2024-09-20;5000;0,113280409626876;561;"jours_decouvert_6m";"revenu_mensuel";"statut_logement";8;0,126416739319965;"Refus"
"P018130";2024-09-20;11700;0,216908396788897;540;"jours_decouvert_6m";"revenu_mensuel";"taux_endettement";9;0,268402154398564;"Refus"
"P018131";2024-09-20;7700;0,0514173790131884;585;NA;NA;NA;5;0,0514905149051491;"Accord"
"P018132";2024-09-20;5300;0,0120771376184339;630;NA;NA;NA;1;0,00912106135986733;"Accord"
"P018133";2024-09-20;3500;0,0599148420127296;582;NA;NA;NA;6;0,0623481781376518;"Accord"
"P018134";2024-09-20;10100;0,025290144387937;609;NA;NA;NA;3;0,0298755186721992;"Accord"
"P018135";2024-09-21;1700;0,0445468974067054;590;NA;NA;NA;5;0,0514905149051491;"Accord"
"P018136";2024-09-21;12700;0,00458099837573738;657;NA;NA;NA;1;0,00912106135986733;"Accord"
"P018137";2024-09-21;13100;0,0900706629984551;568;NA;NA;NA;7;0,0828970331588133;"Accord"
"P018138";2024-09-21;9100;0,0422745265917221;592;NA;NA;NA;5;0,0514905149051491;"Accord"
"P018139";2024-09-21;9400;0,112278128869505;561;"jours_decouvert_6m";"revenu_mensuel";"utilisation_revolving";8;0,126416739319965;"Refus"
"P018140";2024-09-21;7100;0,0226052809120806;610;NA;NA;NA;3;0,0298755186721992;"Accord"
"P018141";2024-09-21;12900;0,0185680390931124;618;NA;NA;NA;2;0,0177364864864865;"Accord"
"P018142";2024-09-21;9100;0,0524038124895007;585;NA;NA;NA;5;0,0514905149051491;"Accord"
"P018143";2024-09-21;4700;0,0286679125271322;603;NA;NA;NA;4;0,0305174701459531;"Accord"
"P018144";2024-09-21;27600;0,0682489248150829;578;NA;NA;NA;6;0,0623481781376518;"Accord"
"P018145";2024-09-21;12000;0,0357024441969897;598;NA;NA;NA;4;0,0305174701459531;"Accord"
"P018146";2024-09-21;33400;0,0547674588001913;583;NA;NA;NA;6;0,0623481781376518;"Accord"
"P018147";2024-09-21;3800;0,0677400301771505;578;NA;NA;NA;6;0,0623481781376518;"Accord"
"P018148";2024-09-21;24300;0,00660184566342901;646;NA;NA;NA;1;0,00912106135986733;"Accord"
"P018149";2024-09-21;9700;0,137947206636807;555;"jours_decouvert_6m";"revenu_mensuel";"utilisation_revolving";8;0,126416739319965;"Refus"
"P018150";2024-09-21;8400;0,0426145502741174;591;NA;NA;NA;5;0,0514905149051491;"Accord"
"P018151";2024-09-21;7500;0,0241720577172142;610;NA;NA;NA;3;0,0298755186721992;"Accord"
"P018152";2024-09-21;7600;0,014226614182426;625;NA;NA;NA;2;0,0177364864864865;"Accord"
"P018153";2024-09-21;19300;0,0627077941508469;580;NA;NA;NA;6;0,0623481781376518;"Accord"
"P018154";2024-09-21;13900;0,145971878755876;554;"revenu_mensuel";"jours_decouvert_6m";"taux_endettement";8;0,126416739319965;"Refus"
"P018155";2024-09-21;5200;0,0211476018947406;613;NA;NA;NA;3;0,0298755186721992;"Accord"
"P018156";2024-09-21;9100;0,0685133568968649;578;NA;NA;NA;6;0,0623481781376518;"Accord"
"P018157";2024-09-21;6200;0,00692934558441083;645;NA;NA;NA;1;0,00912106135986733;"Accord"
"P018158";2024-09-21;3200;0,0316905468096914;601;NA;NA;NA;4;0,0305174701459531;"Accord"
"P018159";2024-09-21;11100;0,0708181842671205;576;NA;NA;NA;6;0,0623481781376518;"Accord"
"P018160";2024-09-21;11700;0,0737922512293377;575;NA;NA;NA;6;0,0623481781376518;"Accord"
"P018161";2024-09-21;2700;0,034001997885711;599;NA;NA;NA;4;0,0305174701459531;"Accord"
"P018162";2024-09-21;3600;0,0191636814114881;617;NA;NA;NA;2;0,0177364864864865;"Accord"
"P018163";2024-09-21;4600;0,0213368380651336;613;NA;NA;NA;3;0,0298755186721992;"Accord"
"P018164";2024-09-22;5600;0,0506232163702756;586;NA;NA;NA;5;0,0514905149051491;"Accord"
"P018165";2024-09-22;7600;0,195107905418403;543;"revenu_mensuel";"jours_decouvert_6m";"taux_endettement";9;0,268402154398564;"Refus"
"P018166";2024-09-22;6900;0,0124941734348264;628;NA;NA;NA;2;0,0177364864864865;"Accord"
"P018167";2024-09-22;30000;0,226046295932382;538;"jours_decouvert_6m";"revenu_mensuel";"taux_endettement";9;0,268402154398564;"Refus"
"P018168";2024-09-22;4000;0,0464174210133502;589;NA;NA;NA;5;0,0514905149051491;"Accord"
"P018169";2024-09-22;34700;0,0429795241229825;592;NA;NA;NA;5;0,0514905149051491;"Accord"
"P018170";2024-09-22;3700;0,261662267216263;532;"jours_decouvert_6m";"revenu_mensuel";"utilisation_revolving";9;0,268402154398564;"Refus"
"P018171";2024-09-22;17600;0,139750055305835;554;"revenu_mensuel";"jours_decouvert_6m";"taux_endettement";8;0,126416739319965;"Refus"
"P018172";2024-09-22;6600;0,0232686703736974;611;NA;NA;NA;3;0,0298755186721992;"Accord"
"P018173";2024-09-22;17300;0,057409329069607;582;NA;NA;NA;6;0,0623481781376518;"Accord"
"P018174";2024-09-22;14300;0,0179674711595431;616;NA;NA;NA;3;0,0298755186721992;"Accord"
"P018175";2024-09-22;7900;0,0696872639394837;577;NA;NA;NA;6;0,0623481781376518;"Accord"
"P018176";2024-09-22;30500;0,29337807941033;528;"jours_decouvert_6m";"utilisation_revolving";"revenu_mensuel";9;0,268402154398564;"Refus"
"P018177";2024-09-22;7200;0,0390368004491914;594;NA;NA;NA;4;0,0305174701459531;"Accord"
"P018178";2024-09-22;7300;0,0126217204966061;628;NA;NA;NA;2;0,0177364864864865;"Accord"
"P018179";2024-09-22;10000;0,143054162576992;554;"jours_decouvert_6m";"revenu_mensuel";"statut_logement";8;0,126416739319965;"Refus"
"P018180";2024-09-23;5800;0,0762593148440574;574;NA;NA;NA;7;0,0828970331588133;"Accord"
"P018181";2024-09-23;2000;0,0757903769366294;575;NA;NA;NA;6;0,0623481781376518;"Accord"
"P018182";2024-09-23;19400;0,0250237450803994;608;NA;NA;NA;3;0,0298755186721992;"Accord"
"P018183";2024-09-23;14600;0,0232703819624979;610;NA;NA;NA;3;0,0298755186721992;"Accord"
"P018184";2024-09-23;13300;0,0359268344936473;596;NA;NA;NA;4;0,0305174701459531;"Accord"
"P018185";2024-09-23;9700;0,0735010155473093;575;NA;NA;NA;6;0,0623481781376518;"Accord"
"P018186";2024-09-23;2200;0,256666779227623;533;"jours_decouvert_6m";"revenu_mensuel";"statut_logement";9;0,268402154398564;"Refus"
"P018187";2024-09-23;21600;0,10345373392092;563;"jours_decouvert_6m";"utilisation_revolving";"incidents_12m";7;0,0828970331588133;"Refus"
"P018188";2024-09-23;3300;0,0150319939576483;623;NA;NA;NA;2;0,0177364864864865;"Accord"
"P018189";2024-09-23;9100;0,152249929325897;551;"jours_decouvert_6m";"revenu_mensuel";"utilisation_revolving";8;0,126416739319965;"Refus"
"P018190";2024-09-23;11500;0,0328743621636035;600;NA;NA;NA;4;0,0305174701459531;"Accord"
"P018191";2024-09-23;5800;0,010400270129107;635;NA;NA;NA;1;0,00912106135986733;"Accord"
"P018192";2024-09-23;2500;0,0261678043927227;606;NA;NA;NA;4;0,0305174701459531;"Accord"
"P018193";2024-09-23;16500;0,0240867859791245;607;NA;NA;NA;4;0,0305174701459531;"Accord"
"P018194";2024-09-23;2800;0,0163238571094401;620;NA;NA;NA;2;0,0177364864864865;"Accord"
"P018195";2024-09-23;2800;0,0446031642699157;591;NA;NA;NA;5;0,0514905149051491;"Accord"
"P018196";2024-09-23;4200;0,00579686579132602;650;NA;NA;NA;1;0,00912106135986733;"Accord"
"P018197";2024-09-23;9300;0,141922131632624;553;"jours_decouvert_6m";"revenu_mensuel";"utilisation_revolving";8;0,126416739319965;"Refus"
"P018198";2024-09-23;6600;0,372601229434543;517;"jours_decouvert_6m";"revenu_mensuel";"utilisation_revolving";9;0,268402154398564;"Refus"
"P018199";2024-09-23;12200;0,00804892861901864;641;NA;NA;NA;1;0,00912106135986733;"Accord"
"P018200";2024-09-24;30900;0,131413395579171;556;"revenu_mensuel";"jours_decouvert_6m";"taux_endettement";8;0,126416739319965;"Refus"
"P018201";2024-09-24;5600;0,0300800922268749;602;NA;NA;NA;4;0,0305174701459531;"Accord"
"P018202";2024-09-24;3400;0,0157320430592994;621;NA;NA;NA;2;0,0177364864864865;"Accord"
"P018203";2024-09-24;6800;0,0356810923329898;597;NA;NA;NA;4;0,0305174701459531;"Accord"
"P018204";2024-09-24;1900;0,0253687933795354;606;NA;NA;NA;4;0,0305174701459531;"Accord"
"P018205";2024-09-24;6900;0,0371938328117931;596;NA;NA;NA;4;0,0305174701459531;"Accord"
"P018206";2024-09-24;4900;0,0306508699688405;603;NA;NA;NA;4;0,0305174701459531;"Accord"
"P018207";2024-09-24;17500;0,0349869379329796;598;NA;NA;NA;4;0,0305174701459531;"Accord"
"P018208";2024-09-24;11200;0,120059476277893;560;"jours_decouvert_6m";"revenu_mensuel";"utilisation_revolving";8;0,126416739319965;"Refus"
"P018209";2024-09-24;4700;0,0194266454671455;616;NA;NA;NA;3;0,0298755186721992;"Accord"
"P018210";2024-09-24;10900;0,0200639957877244;615;NA;NA;NA;3;0,0298755186721992;"Accord"
"P018211";2024-09-24;9300;0,220052905813547;539;"jours_decouvert_6m";"revenu_mensuel";"statut_logement";9;0,268402154398564;"Refus"
"P018212";2024-09-24;19200;0,100956505903569;565;NA;NA;NA;7;0,0828970331588133;"Accord"
"P018213";2024-09-24;13200;0,0220915188194894;611;NA;NA;NA;3;0,0298755186721992;"Accord"
"P018214";2024-09-25;26400;0,231371498627117;537;"jours_decouvert_6m";"revenu_mensuel";"utilisation_revolving";9;0,268402154398564;"Refus"
"P018215";2024-09-25;8700;0,0292897473450493;603;NA;NA;NA;4;0,0305174701459531;"Accord"
"P018216";2024-09-25;9400;0,162058541458965;550;"jours_decouvert_6m";"revenu_mensuel";"statut_logement";8;0,126416739319965;"Refus"
"P018217";2024-09-25;21500;0,0285209900605011;604;NA;NA;NA;4;0,0305174701459531;"Accord"
"P018218";2024-09-25;3900;0,0896776137393216;569;NA;NA;NA;7;0,0828970331588133;"Accord"
"P018219";2024-09-25;9400;0,441172881252087;509;"jours_decouvert_6m";"revenu_mensuel";"taux_endettement";9;0,268402154398564;"Refus"
"P018220";2024-09-25;7500;0,0085243508076587;640;NA;NA;NA;1;0,00912106135986733;"Accord"
"P018221";2024-09-25;7300;0,0217694686438732;612;NA;NA;NA;3;0,0298755186721992;"Accord"
"P018222";2024-09-25;2800;0,0189503286710405;617;NA;NA;NA;2;0,0177364864864865;"Accord"
"P018223";2024-09-25;8500;0,0389238707087353;596;NA;NA;NA;4;0,0305174701459531;"Accord"
"P018224";2024-09-25;16000;0,162002426574646;550;"jours_decouvert_6m";"utilisation_revolving";"taux_endettement";8;0,126416739319965;"Refus"
"P018225";2024-09-25;4900;0,0140923108224206;624;NA;NA;NA;2;0,0177364864864865;"Accord"
"P018226";2024-09-25;9200;0,0360821086458862;596;NA;NA;NA;4;0,0305174701459531;"Accord"
"P018227";2024-09-25;28500;0,00471241280164561;656;NA;NA;NA;1;0,00912106135986733;"Accord"
"P018228";2024-09-26;11400;0,0136087498195471;625;NA;NA;NA;2;0,0177364864864865;"Accord"
"P018229";2024-09-26;11100;0,105994298896623;564;"revenu_mensuel";"taux_endettement";"jours_decouvert_6m";7;0,0828970331588133;"Refus"
"P018230";2024-09-26;4200;0,0181133974302567;619;NA;NA;NA;2;0,0177364864864865;"Accord"
"P018231";2024-09-26;7700;0,0127754595774489;628;NA;NA;NA;2;0,0177364864864865;"Accord"
"P018232";2024-09-26;14100;0,214594925366845;541;"jours_decouvert_6m";"revenu_mensuel";"taux_endettement";9;0,268402154398564;"Refus"
"P018233";2024-09-26;7100;0,163118812566581;549;"jours_decouvert_6m";"revenu_mensuel";"utilisation_revolving";8;0,126416739319965;"Refus"
"P018234";2024-09-26;5300;0,0198912383088308;615;NA;NA;NA;3;0,0298755186721992;"Accord"
"P018235";2024-09-26;10500;0,0406483774387234;593;NA;NA;NA;4;0,0305174701459531;"Accord"
"P018236";2024-09-26;5900;0,00653537423853875;647;NA;NA;NA;1;0,00912106135986733;"Accord"
"P018237";2024-09-26;6600;0,0469131056469916;589;NA;NA;NA;5;0,0514905149051491;"Accord"
"P018238";2024-09-26;28700;0,00708596776555079;644;NA;NA;NA;1;0,00912106135986733;"Accord"
"P018239";2024-09-26;40600;0,0682043655442544;577;NA;NA;NA;6;0,0623481781376518;"Accord"
"P018240";2024-09-26;12100;0,064097113501723;579;NA;NA;NA;6;0,0623481781376518;"Accord"
"P018241";2024-09-26;39100;0,0587023326176882;582;NA;NA;NA;6;0,0623481781376518;"Accord"
"P018242";2024-09-26;3800;0,0835649910719957;572;NA;NA;NA;7;0,0828970331588133;"Accord"
"P018243";2024-09-26;7900;0,0681897312553107;576;NA;NA;NA;6;0,0623481781376518;"Accord"
"P018244";2024-09-26;6500;0,00688551474031998;647;NA;NA;NA;1;0,00912106135986733;"Accord"
"P018245";2024-09-26;5800;0,0797912706795621;572;NA;NA;NA;7;0,0828970331588133;"Accord"
"P018246";2024-09-26;18300;0,0136359138115604;625;NA;NA;NA;2;0,0177364864864865;"Accord"
"P018247";2024-09-27;4800;0,0646437877252402;581;NA;NA;NA;6;0,0623481781376518;"Accord"
"P018248";2024-09-27;3300;0,119266834816568;559;"revenu_mensuel";"utilisation_revolving";"jours_decouvert_6m";8;0,126416739319965;"Refus"
"P018249";2024-09-27;11200;0,0665303213134157;579;NA;NA;NA;6;0,0623481781376518;"Accord"
"P018250";2024-09-27;10100;0,0412729354371238;593;NA;NA;NA;4;0,0305174701459531;"Accord"
"P018251";2024-09-27;6400;0,0150319939576483;623;NA;NA;NA;2;0,0177364864864865;"Accord"
"P018252";2024-09-27;21700;0,36751187986086;518;"jours_decouvert_6m";"revenu_mensuel";"utilisation_revolving";9;0,268402154398564;"Refus"
"P018253";2024-09-27;7700;0,00901423496963438;638;NA;NA;NA;1;0,00912106135986733;"Accord"
"P018254";2024-09-27;16000;0,0276664332090639;605;NA;NA;NA;4;0,0305174701459531;"Accord"
"P018255";2024-09-27;5000;0,0118917401223299;629;NA;NA;NA;1;0,00912106135986733;"Accord"
"P018256";2024-09-27;3900;0,147402986290122;553;"jours_decouvert_6m";"revenu_mensuel";"utilisation_revolving";8;0,126416739319965;"Refus"
"P018257";2024-09-27;5900;0,0141923331388441;626;NA;NA;NA;2;0,0177364864864865;"Accord"
"P018258";2024-09-27;5700;0,0136870093399991;627;NA;NA;NA;2;0,0177364864864865;"Accord"
"P018259";2024-09-27;19800;0,109914378670848;564;"jours_decouvert_6m";"revenu_mensuel";"taux_endettement";7;0,0828970331588133;"Refus"
"P018260";2024-09-27;11200;0,0251500485697517;607;NA;NA;NA;4;0,0305174701459531;"Accord"
"P018261";2024-09-27;3800;0,0793948301470117;573;NA;NA;NA;7;0,0828970331588133;"Accord"
"P018262";2024-09-28;5200;0,0829046932329235;572;NA;NA;NA;7;0,0828970331588133;"Accord"
"P018263";2024-09-28;2500;0,0278846996204907;605;NA;NA;NA;4;0,0305174701459531;"Accord"
"P018264";2024-09-28;9000;0,0737587441382698;576;NA;NA;NA;6;0,0623481781376518;"Accord"
"P018265";2024-09-28;5000;0,0610733636622221;582;NA;NA;NA;6;0,0623481781376518;"Accord"
"P018266";2024-09-28;6700;0,0284329629300574;604;NA;NA;NA;4;0,0305174701459531;"Accord"
"P018267";2024-09-28;11100;0,0596936026975505;582;NA;NA;NA;6;0,0623481781376518;"Accord"
"P018268";2024-09-28;4800;0,0192559216832851;615;NA;NA;NA;3;0,0298755186721992;"Accord"
"P018269";2024-09-28;5400;0,0613440935632229;581;NA;NA;NA;6;0,0623481781376518;"Accord"
"P018270";2024-09-28;17500;0,0233046461717435;610;NA;NA;NA;3;0,0298755186721992;"Accord"
"P018271";2024-09-28;15500;0,220585103113986;539;"jours_decouvert_6m";"revenu_mensuel";"taux_endettement";9;0,268402154398564;"Refus"
"P018272";2024-09-28;7900;0,0361778750275031;597;NA;NA;NA;4;0,0305174701459531;"Accord"
"P018273";2024-09-28;14000;0,048663458659429;589;NA;NA;NA;5;0,0514905149051491;"Accord"
"P018274";2024-09-29;19100;0,0253190001575209;607;NA;NA;NA;4;0,0305174701459531;"Accord"
"P018275";2024-09-29;4500;0,0340855389735872;599;NA;NA;NA;4;0,0305174701459531;"Accord"
"P018276";2024-09-29;3100;0,179401086411935;546;"jours_decouvert_6m";"revenu_mensuel";"statut_logement";9;0,268402154398564;"Refus"
"P018277";2024-09-29;6000;0,0702842152895433;577;NA;NA;NA;6;0,0623481781376518;"Accord"
"P018278";2024-09-29;8100;0,012565112634866;627;NA;NA;NA;2;0,0177364864864865;"Accord"
"P018279";2024-09-29;9500;0,0140923108224206;624;NA;NA;NA;2;0,0177364864864865;"Accord"
"P018280";2024-09-29;5200;0,0437137873902512;592;NA;NA;NA;5;0,0514905149051491;"Accord"
"P018281";2024-09-29;10500;0,170062548108358;548;"jours_decouvert_6m";"revenu_mensuel";"utilisation_revolving";8;0,126416739319965;"Refus"
"P018282";2024-09-29;2300;0,0239250825005711;610;NA;NA;NA;3;0,0298755186721992;"Accord"
"P018283";2024-09-29;5400;0,0332790479262545;600;NA;NA;NA;4;0,0305174701459531;"Accord"
"P018284";2024-09-29;11200;0,127668878109379;558;"jours_decouvert_6m";"revenu_mensuel";"statut_logement";8;0,126416739319965;"Refus"
"P018285";2024-09-29;9500;0,0922335866026636;568;NA;NA;NA;7;0,0828970331588133;"Accord"
"P018286";2024-09-29;5500;0,0257663248981021;608;NA;NA;NA;3;0,0298755186721992;"Accord"
"P018287";2024-09-29;2800;0,07689472563549;574;NA;NA;NA;7;0,0828970331588133;"Accord"
"P018288";2024-09-29;10400;0,0178855038341333;617;NA;NA;NA;2;0,0177364864864865;"Accord"
"P018289";2024-09-29;13000;0,0339088470620996;599;NA;NA;NA;4;0,0305174701459531;"Accord"
"P018290";2024-09-29;11700;0,0216295389274587;611;NA;NA;NA;3;0,0298755186721992;"Accord"
"P018291";2024-09-29;3500;0,0780294898717867;573;NA;NA;NA;7;0,0828970331588133;"Accord"
"P018292";2024-09-30;5900;0,0822774237781643;572;NA;NA;NA;7;0,0828970331588133;"Accord"
"P018293";2024-09-30;4600;0,0218231300980088;611;NA;NA;NA;3;0,0298755186721992;"Accord"
"P018294";2024-09-30;17500;0,0483376611154866;588;NA;NA;NA;5;0,0514905149051491;"Accord"
"P018295";2024-09-30;6000;0,0887482234159514;570;NA;NA;NA;7;0,0828970331588133;"Accord"
"P018296";2024-09-30;13900;0,0422752731261333;592;NA;NA;NA;5;0,0514905149051491;"Accord"
"P018297";2024-09-30;9300;0,0676666618390419;578;NA;NA;NA;6;0,0623481781376518;"Accord"
"P018298";2024-09-30;4200;0,123302370388758;559;"revenu_mensuel";"statut_logement";"taux_endettement";8;0,126416739319965;"Refus"
"P018299";2024-09-30;2200;0,162638541944374;550;"jours_decouvert_6m";"revenu_mensuel";"incidents_12m";8;0,126416739319965;"Refus"
"P018300";2024-09-30;6000;0,0869255982856057;570;NA;NA;NA;7;0,0828970331588133;"Accord"
"P018301";2024-09-30;5700;0,0047212846573028;656;NA;NA;NA;1;0,00912106135986733;"Accord"
"P018302";2024-09-30;5400;0,100851354300706;565;NA;NA;NA;7;0,0828970331588133;"Accord"
"P018303";2024-09-30;4900;0,0924564791898141;568;NA;NA;NA;7;0,0828970331588133;"Accord"
"P018304";2024-09-30;59100;0,0189103990960188;617;NA;NA;NA;2;0,0177364864864865;"Accord"
"P018305";2024-09-30;9200;0,0885030335247906;569;NA;NA;NA;7;0,0828970331588133;"Accord"
"P018306";2024-09-30;10600;0,111167598289353;563;"revenu_mensuel";"jours_decouvert_6m";"statut_logement";7;0,0828970331588133;"Refus"
"P018307";2024-09-30;16200;0,0279458527363569;604;NA;NA;NA;4;0,0305174701459531;"Accord"
"P018308";2024-09-30;11200;0,0118584435267924;629;NA;NA;NA;1;0,00912106135986733;"Accord"
"P018309";2024-09-30;12900;0,0817902500546146;572;NA;NA;NA;7;0,0828970331588133;"Accord"
"P018310";2024-09-30;9600;0,0258709048021573;606;NA;NA;NA;4;0,0305174701459531;"Accord"
"P018311";2024-09-30;6100;0,0595885067364405;582;NA;NA;NA;6;0,0623481781376518;"Accord"
"P018312";2024-09-30;3500;0,0473310428579041;588;NA;NA;NA;5;0,0514905149051491;"Accord"
"P018313";2024-09-30;4900;0,0635044114109967;580;NA;NA;NA;6;0,0623481781376518;"Accord"
"P018314";2024-10-01;6800;0,0419777716702031;592;NA;NA;NA;5;0,0514905149051491;"Accord"
"P018315";2024-10-01;7300;0,0369438296126574;596;NA;NA;NA;4;0,0305174701459531;"Accord"
"P018316";2024-10-01;1900;0,11704974283577;561;"jours_decouvert_6m";"revenu_mensuel";"statut_logement";8;0,126416739319965;"Refus"
"P018317";2024-10-01;3300;0,286612581286193;528;"jours_decouvert_6m";"revenu_mensuel";"utilisation_revolving";9;0,268402154398564;"Refus"
"P018318";2024-10-01;10100;0,0553970238324527;584;NA;NA;NA;6;0,0623481781376518;"Accord"
"P018319";2024-10-01;6200;0,0132408459340427;627;NA;NA;NA;2;0,0177364864864865;"Accord"
"P018320";2024-10-01;7100;0,0297627261820205;603;NA;NA;NA;4;0,0305174701459531;"Accord"
"P018321";2024-10-01;13200;0,0205603778218862;613;NA;NA;NA;3;0,0298755186721992;"Accord"
"P018322";2024-10-01;13400;0,0138709785459716;625;NA;NA;NA;2;0,0177364864864865;"Accord"
"P018323";2024-10-01;13500;0,0140945152993875;625;NA;NA;NA;2;0,0177364864864865;"Accord"
"P018324";2024-10-01;2800;0,0785222035074994;573;NA;NA;NA;7;0,0828970331588133;"Accord"
"P018325";2024-10-02;17000;0,018163959935699;618;NA;NA;NA;2;0,0177364864864865;"Accord"
"P018326";2024-10-02;9900;0,0998621943353394;566;NA;NA;NA;7;0,0828970331588133;"Accord"
"P018327";2024-10-02;6900;0,00688551474031998;647;NA;NA;NA;1;0,00912106135986733;"Accord"
"P018328";2024-10-02;7800;0,0164572422179678;620;NA;NA;NA;2;0,0177364864864865;"Accord"
"P018329";2024-10-02;10800;0,0755004904764487;573;NA;NA;NA;7;0,0828970331588133;"Accord"
"P018330";2024-10-02;10900;0,0070919706632295;645;NA;NA;NA;1;0,00912106135986733;"Accord"
"P018331";2024-10-02;8100;0,0835545744539759;572;NA;NA;NA;7;0,0828970331588133;"Accord"
"P018332";2024-10-02;5900;0,0927120506652437;569;NA;NA;NA;7;0,0828970331588133;"Accord"
"P018333";2024-10-02;8300;0,0359268344936473;596;NA;NA;NA;4;0,0305174701459531;"Accord"
"P018334";2024-10-02;2900;0,0406189171051167;593;NA;NA;NA;4;0,0305174701459531;"Accord"
"P018335";2024-10-02;9200;0,020679824356135;614;NA;NA;NA;3;0,0298755186721992;"Accord"
"P018336";2024-10-02;3100;0,127348671221765;558;"jours_decouvert_6m";"taux_endettement";"statut_logement";8;0,126416739319965;"Refus"
"P018337";2024-10-02;8300;0,0253345964179008;607;NA;NA;NA;4;0,0305174701459531;"Accord"
"P018338";2024-10-02;16200;0,0768917982013172;574;NA;NA;NA;7;0,0828970331588133;"Accord"
"P018339";2024-10-03;7700;0,0225576387324254;612;NA;NA;NA;3;0,0298755186721992;"Accord"
"P018340";2024-10-03;8000;0,0111036567326404;632;NA;NA;NA;1;0,00912106135986733;"Accord"
"P018341";2024-10-03;3200;0,0295922244910104;603;NA;NA;NA;4;0,0305174701459531;"Accord"
"P018342";2024-10-03;4700;0,0408993754623408;592;NA;NA;NA;5;0,0514905149051491;"Accord"
"P018343";2024-10-03;11700;0,0337508404222261;599;NA;NA;NA;4;0,0305174701459531;"Accord"
"P018344";2024-10-03;20000;0,0222400304696416;611;NA;NA;NA;3;0,0298755186721992;"Accord"
"P018345";2024-10-03;9000;0,0733504394891251;576;NA;NA;NA;6;0,0623481781376518;"Accord"
"P018346";2024-10-03;6100;0,0681643575743839;579;NA;NA;NA;6;0,0623481781376518;"Accord"
"P018347";2024-10-03;21200;0,0264207037449655;606;NA;NA;NA;4;0,0305174701459531;"Accord"
"P018348";2024-10-03;8000;0,19081583728285;544;"jours_decouvert_6m";"revenu_mensuel";"statut_logement";9;0,268402154398564;"Refus"
"P018349";2024-10-03;4000;0,0402756350894586;593;NA;NA;NA;4;0,0305174701459531;"Accord"
"P018350";2024-10-03;5500;0,0588334106478419;583;NA;NA;NA;6;0,0623481781376518;"Accord"
"P018351";2024-10-03;8800;0,0162849631354902;621;NA;NA;NA;2;0,0177364864864865;"Accord"
"P018352";2024-10-03;9300;0,0125397092911883;627;NA;NA;NA;2;0,0177364864864865;"Accord"
"P018353";2024-10-03;7600;0,0170345704645431;618;NA;NA;NA;2;0,0177364864864865;"Accord"
"P018354";2024-10-03;2800;0,016752030590289;621;NA;NA;NA;2;0,0177364864864865;"Accord"
"P018355";2024-10-04;8500;0,0135373543469895;625;NA;NA;NA;2;0,0177364864864865;"Accord"
"P018356";2024-10-04;4500;0,0285845168891334;603;NA;NA;NA;4;0,0305174701459531;"Accord"
"P018357";2024-10-04;2600;0,0063910743277074;647;NA;NA;NA;1;0,00912106135986733;"Accord"
"P018358";2024-10-04;18900;0,0303182539059449;603;NA;NA;NA;4;0,0305174701459531;"Accord"
"P018359";2024-10-04;9000;0,119008101689276;560;"jours_decouvert_6m";"revenu_mensuel";"statut_logement";8;0,126416739319965;"Refus"
"P018360";2024-10-04;10800;0,094413163469093;568;NA;NA;NA;7;0,0828970331588133;"Accord"
"P018361";2024-10-04;7000;0,012953770844212;627;NA;NA;NA;2;0,0177364864864865;"Accord"
"P018362";2024-10-04;2500;0,0491351117285526;587;NA;NA;NA;5;0,0514905149051491;"Accord"
"P018363";2024-10-04;13300;0,0388807378745146;596;NA;NA;NA;4;0,0305174701459531;"Accord"
"P018364";2024-10-04;9000;0,00864649680655675;638;NA;NA;NA;1;0,00912106135986733;"Accord"
"P018365";2024-10-04;7900;0,113442655747748;562;"revenu_mensuel";"jours_decouvert_6m";"taux_endettement";8;0,126416739319965;"Refus"
"P018366";2024-10-04;2400;0,0413138762693117;594;NA;NA;NA;4;0,0305174701459531;"Accord"
"P018367";2024-10-04;23800;0,143024703018994;555;"jours_decouvert_6m";"statut_logement";"taux_endettement";8;0,126416739319965;"Refus"
"P018368";2024-10-04;12500;0,0177158160057221;619;NA;NA;NA;2;0,0177364864864865;"Accord"
"P018369";2024-10-04;8600;0,0176939896231554;618;NA;NA;NA;2;0,0177364864864865;"Accord"
"P018370";2024-10-04;14400;0,0148926687731346;622;NA;NA;NA;2;0,0177364864864865;"Accord"
"P018371";2024-10-04;11200;0,0354408829293297;597;NA;NA;NA;4;0,0305174701459531;"Accord"
"P018372";2024-10-04;7500;0,257180462198665;533;"jours_decouvert_6m";"revenu_mensuel";"utilisation_revolving";9;0,268402154398564;"Refus"
"P018373";2024-10-04;15900;0,0636299511301158;580;NA;NA;NA;6;0,0623481781376518;"Accord"
"P018374";2024-10-04;7500;0,36319116566244;518;"jours_decouvert_6m";"revenu_mensuel";"incidents_12m";9;0,268402154398564;"Refus"
"P018375";2024-10-04;13300;0,0494591686445724;588;NA;NA;NA;5;0,0514905149051491;"Accord"
"P018376";2024-10-04;3200;0,00392438613673629;662;NA;NA;NA;1;0,00912106135986733;"Accord"
"P018377";2024-10-05;7000;0,0572323894950257;583;NA;NA;NA;6;0,0623481781376518;"Accord"
"P018378";2024-10-05;6300;0,0619363092657488;582;NA;NA;NA;6;0,0623481781376518;"Accord"
"P018379";2024-10-05;8000;0,0412171345814388;593;NA;NA;NA;4;0,0305174701459531;"Accord"
"P018380";2024-10-05;2900;0,0133734093292308;627;NA;NA;NA;2;0,0177364864864865;"Accord"
"P018381";2024-10-05;3700;0,0246267942947551;609;NA;NA;NA;3;0,0298755186721992;"Accord"
"P018382";2024-10-05;8700;0,0136133462783936;626;NA;NA;NA;2;0,0177364864864865;"Accord"
"P018383";2024-10-05;24100;0,0368970685769116;596;NA;NA;NA;4;0,0305174701459531;"Accord"
"P018384";2024-10-05;19200;0,0939353888411908;567;NA;NA;NA;7;0,0828970331588133;"Accord"
"P018385";2024-10-05;8300;0,129692236682364;557;"revenu_mensuel";"jours_decouvert_6m";"utilisation_revolving";8;0,126416739319965;"Refus"
"P018386";2024-10-05;14200;0,0245928009923353;609;NA;NA;NA;3;0,0298755186721992;"Accord"
"P018387";2024-10-05;8100;0,327781267452342;523;"jours_decouvert_6m";"revenu_mensuel";"utilisation_revolving";9;0,268402154398564;"Refus"
"P018388";2024-10-05;26100;0,251536169617303;534;"jours_decouvert_6m";"revenu_mensuel";"statut_logement";9;0,268402154398564;"Refus"
"P018389";2024-10-05;19700;0,220943340460232;539;"revenu_mensuel";"jours_decouvert_6m";"taux_endettement";9;0,268402154398564;"Refus"
"P018390";2024-10-05;14800;0,0105204233742734;633;NA;NA;NA;1;0,00912106135986733;"Accord"
"P018391";2024-10-05;20500;0,01960348119421;614;NA;NA;NA;3;0,0298755186721992;"Accord"
"P018392";2024-10-05;3900;0,0280539478436252;606;NA;NA;NA;4;0,0305174701459531;"Accord"
"P018393";2024-10-05;8100;0,0703866579937022;576;NA;NA;NA;6;0,0623481781376518;"Accord"
"P018394";2024-10-05;3200;0,0283568892729837;605;NA;NA;NA;4;0,0305174701459531;"Accord"
"P018395";2024-10-05;6700;0,0533516517828404;586;NA;NA;NA;5;0,0514905149051491;"Accord"
"P018396";2024-10-06;12900;0,0118279451349408;631;NA;NA;NA;1;0,00912106135986733;"Accord"
"P018397";2024-10-06;9000;0,0251265004133388;607;NA;NA;NA;4;0,0305174701459531;"Accord"
"P018398";2024-10-06;7400;0,134186587122442;556;"utilisation_revolving";"jours_decouvert_6m";"revenu_mensuel";8;0,126416739319965;"Refus"
"P018399";2024-10-06;2200;0,0888246200554999;570;NA;NA;NA;7;0,0828970331588133;"Accord"
"P018400";2024-10-06;9600;0,0662858764008702;578;NA;NA;NA;6;0,0623481781376518;"Accord"
"P018401";2024-10-06;7800;0,00825844952400151;639;NA;NA;NA;1;0,00912106135986733;"Accord"
"P018402";2024-10-06;10500;0,0116276594236717;630;NA;NA;NA;1;0,00912106135986733;"Accord"
"P018403";2024-10-06;18900;0,275665551892942;530;"jours_decouvert_6m";"revenu_mensuel";"utilisation_revolving";9;0,268402154398564;"Refus"
"P018404";2024-10-06;11100;0,0658243860066961;578;NA;NA;NA;6;0,0623481781376518;"Accord"
"P018405";2024-10-06;7700;0,164824114859826;550;"jours_decouvert_6m";"revenu_mensuel";"statut_logement";8;0,126416739319965;"Refus"
"P018406";2024-10-06;13500;0,0224161283531767;610;NA;NA;NA;3;0,0298755186721992;"Accord"
"P018407";2024-10-06;9200;0,29186968643469;528;"jours_decouvert_6m";"revenu_mensuel";"utilisation_revolving";9;0,268402154398564;"Refus"
"P018408";2024-10-06;8400;0,0437083536326213;592;NA;NA;NA;5;0,0514905149051491;"Accord"
"P018409";2024-10-06;9000;0,0138724522646584;626;NA;NA;NA;2;0,0177364864864865;"Accord"
"P018410";2024-10-06;9100;0,0249662621548799;607;NA;NA;NA;4;0,0305174701459531;"Accord"
"P018411";2024-10-06;9700;0,0131677852212703;627;NA;NA;NA;2;0,0177364864864865;"Accord"
"P018412";2024-10-06;2700;0,00933682525514968;636;NA;NA;NA;1;0,00912106135986733;"Accord"
"P018413";2024-10-06;6000;0,120965271208693;560;"jours_decouvert_6m";"revenu_mensuel";"incidents_12m";8;0,126416739319965;"Refus"
"P018414";2024-10-06;4900;0,00495734435041373;656;NA;NA;NA;1;0,00912106135986733;"Accord"
"P018415";2024-10-06;7700;0,0105215957063803;634;NA;NA;NA;1;0,00912106135986733;"Accord"
"P018416";2024-10-07;9000;0,0661963576929218;579;NA;NA;NA;6;0,0623481781376518;"Accord"
"P018417";2024-10-07;11000;0,00258954111807624;674;NA;NA;NA;1;0,00912106135986733;"Accord"
"P018418";2024-10-07;11700;0,111817926479682;563;"jours_decouvert_6m";"revenu_mensuel";"statut_logement";7;0,0828970331588133;"Refus"
"P018419";2024-10-07;10800;0,173861355403075;547;"jours_decouvert_6m";"utilisation_revolving";"revenu_mensuel";9;0,268402154398564;"Refus"
"P018420";2024-10-07;7600;0,0547814927991569;584;NA;NA;NA;6;0,0623481781376518;"Accord"
"P018421";2024-10-07;4100;0,0207263293705024;614;NA;NA;NA;3;0,0298755186721992;"Accord"
"P018422";2024-10-07;11600;0,0126981159338256;627;NA;NA;NA;2;0,0177364864864865;"Accord"
"P018423";2024-10-07;15500;0,0098770274709797;635;NA;NA;NA;1;0,00912106135986733;"Accord"
"P018424";2024-10-07;3600;0,0293530454960667;604;NA;NA;NA;4;0,0305174701459531;"Accord"
"P018425";2024-10-07;11300;0,0219237123923752;612;NA;NA;NA;3;0,0298755186721992;"Accord"
"P018426";2024-10-07;8300;0,00462016222645743;658;NA;NA;NA;1;0,00912106135986733;"Accord"
"P018427";2024-10-07;12200;0,139258311705405;556;"jours_decouvert_6m";"revenu_mensuel";"taux_endettement";8;0,126416739319965;"Refus"
"P018428";2024-10-07;5000;0,0759269940032384;574;NA;NA;NA;7;0,0828970331588133;"Accord"
"P018429";2024-10-07;3400;0,0236443553599041;609;NA;NA;NA;3;0,0298755186721992;"Accord"
"P018430";2024-10-07;38900;0,0163880512194186;620;NA;NA;NA;2;0,0177364864864865;"Accord"
"P018431";2024-10-07;7100;0,0875254320439364;569;NA;NA;NA;7;0,0828970331588133;"Accord"
"P018432";2024-10-07;5900;0,00774291282472286;641;NA;NA;NA;1;0,00912106135986733;"Accord"
"P018433";2024-10-07;6500;0,0207643813311415;612;NA;NA;NA;3;0,0298755186721992;"Accord"
"P018434";2024-10-07;13400;0,038850584827035;595;NA;NA;NA;4;0,0305174701459531;"Accord"
"P018435";2024-10-07;4900;0,048863889384889;588;NA;NA;NA;5;0,0514905149051491;"Accord"
"P018436";2024-10-07;5000;0,0393593614694175;595;NA;NA;NA;4;0,0305174701459531;"Accord"
"P018437";2024-10-07;8400;0,0362728962013018;597;NA;NA;NA;4;0,0305174701459531;"Accord"
"P018438";2024-10-07;6100;0,0994550310401228;565;NA;NA;NA;7;0,0828970331588133;"Accord"
"P018439";2024-10-07;4000;0,102611527730803;564;"jours_decouvert_6m";"revenu_mensuel";"utilisation_revolving";7;0,0828970331588133;"Refus"
"P018440";2024-10-07;9800;0,0415161538476596;592;NA;NA;NA;5;0,0514905149051491;"Accord"
"P018441";2024-10-08;5000;0,266364187582099;532;"jours_decouvert_6m";"revenu_mensuel";"incidents_12m";9;0,268402154398564;"Refus"
"P018442";2024-10-08;20600;0,038183319972056;595;NA;NA;NA;4;0,0305174701459531;"Accord"
"P018443";2024-10-08;8900;0,141337837837522;555;"jours_decouvert_6m";"revenu_mensuel";"incidents_12m";8;0,126416739319965;"Refus"
"P018444";2024-10-08;10000;0,277362282835393;530;"jours_decouvert_6m";"revenu_mensuel";"taux_endettement";9;0,268402154398564;"Refus"
"P018445";2024-10-08;21900;0,00609305637108913;648;NA;NA;NA;1;0,00912106135986733;"Accord"
"P018446";2024-10-08;4300;0,0300397402083978;603;NA;NA;NA;4;0,0305174701459531;"Accord"
"P018447";2024-10-08;9300;0,0614325801833319;582;NA;NA;NA;6;0,0623481781376518;"Accord"
"P018448";2024-10-08;21100;0,274330374288976;531;"jours_decouvert_6m";"revenu_mensuel";"taux_endettement";9;0,268402154398564;"Refus"
"P018449";2024-10-08;8400;0,0328769599351368;599;NA;NA;NA;4;0,0305174701459531;"Accord"
"P018450";2024-10-08;18600;0,125667647157377;559;"revenu_mensuel";"jours_decouvert_6m";"taux_endettement";8;0,126416739319965;"Refus"
"P018451";2024-10-08;4900;0,0184997517044771;618;NA;NA;NA;2;0,0177364864864865;"Accord"
"P018452";2024-10-08;4800;0,037398843076015;596;NA;NA;NA;4;0,0305174701459531;"Accord"
"P018453";2024-10-08;3400;0,137067239004723;555;"jours_decouvert_6m";"revenu_mensuel";"utilisation_revolving";8;0,126416739319965;"Refus"
"P018454";2024-10-08;7300;0,06683082163924;577;NA;NA;NA;6;0,0623481781376518;"Accord"
"P018455";2024-10-08;45200;0,189037374993915;544;"jours_decouvert_6m";"revenu_mensuel";"taux_endettement";9;0,268402154398564;"Refus"
"P018456";2024-10-08;4500;0,00980092300534828;635;NA;NA;NA;1;0,00912106135986733;"Accord"
"P018457";2024-10-08;9000;0,303042006768897;527;"jours_decouvert_6m";"revenu_mensuel";"taux_endettement";9;0,268402154398564;"Refus"
"P018458";2024-10-09;12500;0,00895189548514485;638;NA;NA;NA;1;0,00912106135986733;"Accord"
"P018459";2024-10-09;6600;0,021371473624852;612;NA;NA;NA;3;0,0298755186721992;"Accord"
"P018460";2024-10-09;3300;0,0656133745052273;580;NA;NA;NA;6;0,0623481781376518;"Accord"
"P018461";2024-10-09;2800;0,0696457140391365;577;NA;NA;NA;6;0,0623481781376518;"Accord"
"P018462";2024-10-09;8800;0,0646385818939666;580;NA;NA;NA;6;0,0623481781376518;"Accord"
"P018463";2024-10-09;17000;0,0463973266705051;590;NA;NA;NA;5;0,0514905149051491;"Accord"
"P018464";2024-10-09;7400;0,0601597437188197;582;NA;NA;NA;6;0,0623481781376518;"Accord"
"P018465";2024-10-09;69400;0,0818954720428181;571;NA;NA;NA;7;0,0828970331588133;"Accord"
"P018466";2024-10-09;11500;0,0519044430836397;586;NA;NA;NA;5;0,0514905149051491;"Accord"
"P018467";2024-10-09;21100;0,187669313826878;545;"jours_decouvert_6m";"revenu_mensuel";"statut_logement";9;0,268402154398564;"Refus"
"P018468";2024-10-09;15900;0,0987763704944078;566;NA;NA;NA;7;0,0828970331588133;"Accord"
"P018469";2024-10-09;8900;0,095753763329163;567;NA;NA;NA;7;0,0828970331588133;"Accord"
"P018470";2024-10-09;15500;0,038114553247334;595;NA;NA;NA;4;0,0305174701459531;"Accord"
"P018471";2024-10-09;14500;0,0218811227418327;613;NA;NA;NA;3;0,0298755186721992;"Accord"
"P018472";2024-10-09;2700;0,0260628393452187;607;NA;NA;NA;4;0,0305174701459531;"Accord"
"P018473";2024-10-09;8400;0,0364541325005787;597;NA;NA;NA;4;0,0305174701459531;"Accord"
"P018474";2024-10-09;5300;0,0577490211385858;584;NA;NA;NA;6;0,0623481781376518;"Accord"
"P018475";2024-10-09;2200;0,00371298260651551;664;NA;NA;NA;1;0,00912106135986733;"Accord"
"P018476";2024-10-10;5100;0,0140923108224206;624;NA;NA;NA;2;0,0177364864864865;"Accord"
"P018477";2024-10-10;7200;0,0486082072157907;589;NA;NA;NA;5;0,0514905149051491;"Accord"
"P018478";2024-10-10;44100;0,0613717329218697;580;NA;NA;NA;6;0,0623481781376518;"Accord"
"P018479";2024-10-10;3700;0,0490048096698623;588;NA;NA;NA;5;0,0514905149051491;"Accord"
"P018480";2024-10-10;15000;0,00423366778207033;661;NA;NA;NA;1;0,00912106135986733;"Accord"
"P018481";2024-10-10;16300;0,0283950602386942;604;NA;NA;NA;4;0,0305174701459531;"Accord"
"P018482";2024-10-10;6000;0,0316320669456193;601;NA;NA;NA;4;0,0305174701459531;"Accord"
"P018483";2024-10-10;4400;0,0372154653171459;596;NA;NA;NA;4;0,0305174701459531;"Accord"
"P018484";2024-10-10;3000;0,0542252394343378;585;NA;NA;NA;5;0,0514905149051491;"Accord"
"P018485";2024-10-10;5700;0,0327597353230055;599;NA;NA;NA;4;0,0305174701459531;"Accord"
"P018486";2024-10-10;15400;0,0195403292967422;615;NA;NA;NA;3;0,0298755186721992;"Accord"
"P018487";2024-10-10;3300;0,0564790302900987;584;NA;NA;NA;6;0,0623481781376518;"Accord"
"P018488";2024-10-10;5500;0,0340887411551507;599;NA;NA;NA;4;0,0305174701459531;"Accord"
"P018489";2024-10-10;1300;0,0456759999353394;590;NA;NA;NA;5;0,0514905149051491;"Accord"
"P018490";2024-10-10;15400;0,200084146543314;542;"jours_decouvert_6m";"utilisation_revolving";"taux_endettement";9;0,268402154398564;"Refus"
"P018491";2024-10-10;22100;0,0497472174092211;588;NA;NA;NA;5;0,0514905149051491;"Accord"
"P018492";2024-10-10;32900;0,056665870657141;583;NA;NA;NA;6;0,0623481781376518;"Accord"
"P018493";2024-10-10;23500;0,0310948890540006;600;NA;NA;NA;4;0,0305174701459531;"Accord"
"P018494";2024-10-10;17200;0,184656366300111;546;"jours_decouvert_6m";"revenu_mensuel";"statut_logement";9;0,268402154398564;"Refus"
"P018495";2024-10-10;5100;0,0191491658202654;615;NA;NA;NA;3;0,0298755186721992;"Accord"
"P018496";2024-10-10;3100;0,0341361688793891;599;NA;NA;NA;4;0,0305174701459531;"Accord"
"P018497";2024-10-10;6400;0,264501407686161;532;"jours_decouvert_6m";"revenu_mensuel";"utilisation_revolving";9;0,268402154398564;"Refus"
"P018498";2024-10-10;4200;0,0472754769289773;588;NA;NA;NA;5;0,0514905149051491;"Accord"
"P018499";2024-10-10;6600;0,0421651142193517;592;NA;NA;NA;5;0,0514905149051491;"Accord"
"P018500";2024-10-10;7900;0,180340449740285;546;"jours_decouvert_6m";"revenu_mensuel";"taux_endettement";9;0,268402154398564;"Refus"
"P018501";2024-10-10;2700;0,039905083842475;595;NA;NA;NA;4;0,0305174701459531;"Accord"
"P018502";2024-10-10;11600;0,0146685702169585;623;NA;NA;NA;2;0,0177364864864865;"Accord"
"P018503";2024-10-10;2200;0,0220410019527886;612;NA;NA;NA;3;0,0298755186721992;"Accord"
"P018504";2024-10-11;10800;0,0789424660298864;573;NA;NA;NA;7;0,0828970331588133;"Accord"
"P018505";2024-10-11;4800;0,0617746246662632;581;NA;NA;NA;6;0,0623481781376518;"Accord"
"P018506";2024-10-11;14100;0,0251599305959367;607;NA;NA;NA;4;0,0305174701459531;"Accord"
"P018507";2024-10-11;5000;0,0182134837423324;617;NA;NA;NA;2;0,0177364864864865;"Accord"
"P018508";2024-10-11;10200;0,0237376628432185;611;NA;NA;NA;3;0,0298755186721992;"Accord"
"P018509";2024-10-11;12200;0,0461812771466089;590;NA;NA;NA;5;0,0514905149051491;"Accord"
"P018510";2024-10-11;1000;0,00421591487122849;660;NA;NA;NA;1;0,00912106135986733;"Accord"
"P018511";2024-10-11;8200;0,246003542132867;535;"jours_decouvert_6m";"revenu_mensuel";"incidents_12m";9;0,268402154398564;"Refus"
"P018512";2024-10-11;5500;0,111594032991499;561;"jours_decouvert_6m";"revenu_mensuel";"utilisation_revolving";8;0,126416739319965;"Refus"
"P018513";2024-10-11;9200;0,0218446483790348;612;NA;NA;NA;3;0,0298755186721992;"Accord"
"P018514";2024-10-11;8100;0,0246155881631565;609;NA;NA;NA;3;0,0298755186721992;"Accord"
"P018515";2024-10-11;11700;0,172890495428531;547;"jours_decouvert_6m";"revenu_mensuel";"utilisation_revolving";9;0,268402154398564;"Refus"
"P018516";2024-10-11;14300;0,0155096141485674;623;NA;NA;NA;2;0,0177364864864865;"Accord"
"P018517";2024-10-11;7800;0,0336782653279513;600;NA;NA;NA;4;0,0305174701459531;"Accord"
"P018518";2024-10-11;21700;0,0473330979918093;589;NA;NA;NA;5;0,0514905149051491;"Accord"
"P018519";2024-10-11;22000;0,0332396131985714;600;NA;NA;NA;4;0,0305174701459531;"Accord"
"P018520";2024-10-11;6500;0,0116953454885911;631;NA;NA;NA;1;0,00912106135986733;"Accord"
"P018521";2024-10-11;10800;0,0473813667616209;588;NA;NA;NA;5;0,0514905149051491;"Accord"
"P018522";2024-10-12;24100;0,120659879537317;559;"revenu_mensuel";"utilisation_revolving";"taux_endettement";8;0,126416739319965;"Refus"
"P018523";2024-10-12;3300;0,00695844471038246;646;NA;NA;NA;1;0,00912106135986733;"Accord"
"P018524";2024-10-12;10000;0,0492654825313252;588;NA;NA;NA;5;0,0514905149051491;"Accord"
"P018525";2024-10-12;19400;0,0325779459171429;601;NA;NA;NA;4;0,0305174701459531;"Accord"
"P018526";2024-10-12;14600;0,100399499243224;565;NA;NA;NA;7;0,0828970331588133;"Accord"
"P018527";2024-10-12;47700;0,0185965382500861;616;NA;NA;NA;3;0,0298755186721992;"Accord"
"P018528";2024-10-12;3800;0,0435898050699982;592;NA;NA;NA;5;0,0514905149051491;"Accord"
"P018529";2024-10-12;2800;0,016187144398753;621;NA;NA;NA;2;0,0177364864864865;"Accord"
"P018530";2024-10-12;13700;0,0234111757573564;610;NA;NA;NA;3;0,0298755186721992;"Accord"
"P018531";2024-10-12;19800;0,396955325569445;515;"jours_decouvert_6m";"revenu_mensuel";"taux_endettement";9;0,268402154398564;"Refus"
"P018532";2024-10-12;9700;0,0333304454155545;598;NA;NA;NA;4;0,0305174701459531;"Accord"
"P018533";2024-10-12;5700;0,0324298253086893;601;NA;NA;NA;4;0,0305174701459531;"Accord"
"P018534";2024-10-12;10600;0,0749589826531765;575;NA;NA;NA;6;0,0623481781376518;"Accord"
"P018535";2024-10-12;4400;0,0190504117423557;616;NA;NA;NA;3;0,0298755186721992;"Accord"
"P018536";2024-10-12;7300;0,0359544692467691;596;NA;NA;NA;4;0,0305174701459531;"Accord"
"P018537";2024-10-12;30400;0,00834518404984266;639;NA;NA;NA;1;0,00912106135986733;"Accord"
"P018538";2024-10-12;12500;0,0364134638045717;597;NA;NA;NA;4;0,0305174701459531;"Accord"
"P018539";2024-10-12;5100;0,0575565459426451;583;NA;NA;NA;6;0,0623481781376518;"Accord"
"P018540";2024-10-12;7800;0,426721077909794;510;"jours_decouvert_6m";"revenu_mensuel";"utilisation_revolving";9;0,268402154398564;"Refus"
"P018541";2024-10-13;4700;0,138236226211369;555;"jours_decouvert_6m";"revenu_mensuel";"statut_logement";8;0,126416739319965;"Refus"
"P018542";2024-10-13;3200;0,192486364788376;543;"jours_decouvert_6m";"revenu_mensuel";"statut_logement";9;0,268402154398564;"Refus"
"P018543";2024-10-13;7000;0,107023441085688;563;"revenu_mensuel";"taux_endettement";"jours_decouvert_6m";7;0,0828970331588133;"Refus"
"P018544";2024-10-13;10700;0,301920397273141;527;"jours_decouvert_6m";"revenu_mensuel";"statut_logement";9;0,268402154398564;"Refus"
"P018545";2024-10-13;4000;0,0217305118215268;611;NA;NA;NA;3;0,0298755186721992;"Accord"
"P018546";2024-10-13;8800;0,0102502714419934;633;NA;NA;NA;1;0,00912106135986733;"Accord"
"P018547";2024-10-13;6700;0,0269474759560319;606;NA;NA;NA;4;0,0305174701459531;"Accord"
"P018548";2024-10-13;5500;0,313838401726345;525;"jours_decouvert_6m";"revenu_mensuel";"statut_logement";9;0,268402154398564;"Refus"
"P018549";2024-10-13;18400;0,0144436592850593;624;NA;NA;NA;2;0,0177364864864865;"Accord"
"P018550";2024-10-13;29900;0,00309874608273722;668;NA;NA;NA;1;0,00912106135986733;"Accord"
"P018551";2024-10-13;3500;0,0774121354393896;574;NA;NA;NA;7;0,0828970331588133;"Accord"
"P018552";2024-10-13;4200;0,0087511782718248;640;NA;NA;NA;1;0,00912106135986733;"Accord"
"P018553";2024-10-13;6400;0,0222515331519896;611;NA;NA;NA;3;0,0298755186721992;"Accord"
"P018554";2024-10-13;11500;0,0195430779024176;617;NA;NA;NA;2;0,0177364864864865;"Accord"
"P018555";2024-10-13;5500;0,0189962555321167;616;NA;NA;NA;3;0,0298755186721992;"Accord"
"P018556";2024-10-13;4300;0,0374099292907793;597;NA;NA;NA;4;0,0305174701459531;"Accord"
"P018557";2024-10-13;1400;0,0180076744579307;618;NA;NA;NA;2;0,0177364864864865;"Accord"
"P018558";2024-10-13;9800;0,0245946118505207;609;NA;NA;NA;3;0,0298755186721992;"Accord"
"P018559";2024-10-14;29500;0,10332696351619;565;NA;NA;NA;7;0,0828970331588133;"Accord"
"P018560";2024-10-14;3200;0,210505805329731;540;"jours_decouvert_6m";"revenu_mensuel";"statut_logement";9;0,268402154398564;"Refus"
"P018561";2024-10-14;9200;0,161812859435133;550;"jours_decouvert_6m";"revenu_mensuel";"taux_endettement";8;0,126416739319965;"Refus"
"P018562";2024-10-14;5500;0,0372154653171459;596;NA;NA;NA;4;0,0305174701459531;"Accord"
"P018563";2024-10-14;9800;0,0240324718965911;609;NA;NA;NA;3;0,0298755186721992;"Accord"
"P018564";2024-10-14;3500;0,0762644830552877;573;NA;NA;NA;7;0,0828970331588133;"Accord"
"P018565";2024-10-14;6000;0,0321470705414655;600;NA;NA;NA;4;0,0305174701459531;"Accord"
"P018566";2024-10-14;4600;0,0037058822567319;663;NA;NA;NA;1;0,00912106135986733;"Accord"
"P018567";2024-10-14;37600;0,0336095866395289;598;NA;NA;NA;4;0,0305174701459531;"Accord"
"P018568";2024-10-14;10300;0,0478388899749698;588;NA;NA;NA;5;0,0514905149051491;"Accord"
"P018569";2024-10-14;1400;0,0179927485761257;617;NA;NA;NA;2;0,0177364864864865;"Accord"
"P018570";2024-10-14;8100;0,0547817676729786;585;NA;NA;NA;5;0,0514905149051491;"Accord"
"P018571";2024-10-14;6700;0,0341449125537179;599;NA;NA;NA;4;0,0305174701459531;"Accord"
"P018572";2024-10-14;9600;0,037142857902652;596;NA;NA;NA;4;0,0305174701459531;"Accord"
"P018573";2024-10-14;3800;0,0311896778275771;602;NA;NA;NA;4;0,0305174701459531;"Accord"
"P018574";2024-10-14;17600;0,196517831257941;543;"jours_decouvert_6m";"revenu_mensuel";"taux_endettement";9;0,268402154398564;"Refus"
"P018575";2024-10-14;16500;0,00888436566668907;638;NA;NA;NA;1;0,00912106135986733;"Accord"
"P018576";2024-10-14;5100;0,0351518461225349;598;NA;NA;NA;4;0,0305174701459531;"Accord"
"P018577";2024-10-14;11000;0,0435952146338939;591;NA;NA;NA;5;0,0514905149051491;"Accord"
"P018578";2024-10-14;6000;0,10449641149023;565;NA;NA;NA;7;0,0828970331588133;"Accord"
"P018579";2024-10-14;6500;0,0118396556382427;629;NA;NA;NA;1;0,00912106135986733;"Accord"
"P018580";2024-10-14;15500;0,0140923108224206;624;NA;NA;NA;2;0,0177364864864865;"Accord"
"P018581";2024-10-14;17400;0,050616007760584;587;NA;NA;NA;5;0,0514905149051491;"Accord"
"P018582";2024-10-15;12500;0,251513891520807;533;"jours_decouvert_6m";"revenu_mensuel";"utilisation_revolving";9;0,268402154398564;"Refus"
"P018583";2024-10-15;31000;0,245289202516379;535;"jours_decouvert_6m";"revenu_mensuel";"incidents_12m";9;0,268402154398564;"Refus"
"P018584";2024-10-15;11900;0,00778681747586271;641;NA;NA;NA;1;0,00912106135986733;"Accord"
"P018585";2024-10-15;9500;0,0696960396311171;578;NA;NA;NA;6;0,0623481781376518;"Accord"
"P018586";2024-10-15;19100;0,0291483329598977;604;NA;NA;NA;4;0,0305174701459531;"Accord"
"P018587";2024-10-15;53000;0,092258403704435;567;NA;NA;NA;7;0,0828970331588133;"Accord"
"P018588";2024-10-15;10000;0,0578406450175887;583;NA;NA;NA;6;0,0623481781376518;"Accord"
"P018589";2024-10-15;8000;0,0121904063561706;630;NA;NA;NA;1;0,00912106135986733;"Accord"
"P018590";2024-10-15;13700;0,0109865800681672;632;NA;NA;NA;1;0,00912106135986733;"Accord"
"P018591";2024-10-15;1700;0,0320652472502101;602;NA;NA;NA;4;0,0305174701459531;"Accord"
"P018592";2024-10-15;5400;0,0561372726058966;584;NA;NA;NA;6;0,0623481781376518;"Accord"
"P018593";2024-10-15;11200;0,0140923108224206;624;NA;NA;NA;2;0,0177364864864865;"Accord"
"P018594";2024-10-15;46300;0,0737257643106785;575;NA;NA;NA;6;0,0623481781376518;"Accord"
"P018595";2024-10-15;13100;0,285156574835823;529;"jours_decouvert_6m";"revenu_mensuel";"taux_endettement";9;0,268402154398564;"Refus"
"P018596";2024-10-15;4600;0,102468157229612;565;NA;NA;NA;7;0,0828970331588133;"Accord"
"P018597";2024-10-15;25900;0,0237142623293559;610;NA;NA;NA;3;0,0298755186721992;"Accord"
"P018598";2024-10-15;28500;0,0704004795669339;576;NA;NA;NA;6;0,0623481781376518;"Accord"
"P018599";2024-10-15;9400;0,0291309024199897;604;NA;NA;NA;4;0,0305174701459531;"Accord"
"P018600";2024-10-15;6500;0,0244804340033436;609;NA;NA;NA;3;0,0298755186721992;"Accord"
"P018601";2024-10-15;2400;0,102803933005777;565;NA;NA;NA;7;0,0828970331588133;"Accord"
"P018602";2024-10-15;37700;0,276700654147531;531;"jours_decouvert_6m";"revenu_mensuel";"taux_endettement";9;0,268402154398564;"Refus"
"P018603";2024-10-15;13200;0,0142160044411752;625;NA;NA;NA;2;0,0177364864864865;"Accord"
"P018604";2024-10-16;18000;0,0344916976671899;598;NA;NA;NA;4;0,0305174701459531;"Accord"
"P018605";2024-10-16;5700;0,0212538500940604;612;NA;NA;NA;3;0,0298755186721992;"Accord"
"P018606";2024-10-16;7100;0,0288364983578403;605;NA;NA;NA;4;0,0305174701459531;"Accord"
"P018607";2024-10-16;11500;0,159589318231625;549;"jours_decouvert_6m";"revenu_mensuel";"utilisation_revolving";8;0,126416739319965;"Refus"
"P018608";2024-10-16;8900;0,0535146574044503;585;NA;NA;NA;5;0,0514905149051491;"Accord"
"P018609";2024-10-16;12800;0,17984891270903;545;"jours_decouvert_6m";"revenu_mensuel";"utilisation_revolving";9;0,268402154398564;"Refus"
"P018610";2024-10-16;5300;0,0415669280120557;593;NA;NA;NA;4;0,0305174701459531;"Accord"
"P018611";2024-10-16;11900;0,0234572524903206;610;NA;NA;NA;3;0,0298755186721992;"Accord"
"P018612";2024-10-16;3000;0,130951079753481;556;"jours_decouvert_6m";"revenu_mensuel";"utilisation_revolving";8;0,126416739319965;"Refus"
"P018613";2024-10-16;16400;0,0162886644016495;620;NA;NA;NA;2;0,0177364864864865;"Accord"
"P018614";2024-10-16;1400;0,0324818371136338;601;NA;NA;NA;4;0,0305174701459531;"Accord"
"P018615";2024-10-16;2600;0,101041096979853;566;NA;NA;NA;7;0,0828970331588133;"Accord"
"P018616";2024-10-16;4900;0,0217010982785517;612;NA;NA;NA;3;0,0298755186721992;"Accord"
"P018617";2024-10-16;6600;0,00682646151298866;646;NA;NA;NA;1;0,00912106135986733;"Accord"
"P018618";2024-10-17;13300;0,0196629624500836;615;NA;NA;NA;3;0,0298755186721992;"Accord"
"P018619";2024-10-17;28700;0,0649271540840761;580;NA;NA;NA;6;0,0623481781376518;"Accord"
"P018620";2024-10-17;16700;0,0202138142892522;614;NA;NA;NA;3;0,0298755186721992;"Accord"
"P018621";2024-10-17;5400;0,0639912572474981;579;NA;NA;NA;6;0,0623481781376518;"Accord"
"P018622";2024-10-17;8800;0,151590081829386;552;"jours_decouvert_6m";"revenu_mensuel";"statut_logement";8;0,126416739319965;"Refus"
"P018623";2024-10-17;19100;0,0182759736707189;617;NA;NA;NA;2;0,0177364864864865;"Accord"
"P018624";2024-10-17;2200;0,00795859112036494;641;NA;NA;NA;1;0,00912106135986733;"Accord"
"P018625";2024-10-17;3500;0,0211241914579448;614;NA;NA;NA;3;0,0298755186721992;"Accord"
"P018626";2024-10-17;2400;0,0581242266668835;582;NA;NA;NA;6;0,0623481781376518;"Accord"
"P018627";2024-10-17;4400;0,0891577234583675;570;NA;NA;NA;7;0,0828970331588133;"Accord"
"P018628";2024-10-17;9000;0,017743238296809;618;NA;NA;NA;2;0,0177364864864865;"Accord"
"P018629";2024-10-17;4400;0,00890201222445529;638;NA;NA;NA;1;0,00912106135986733;"Accord"
"P018630";2024-10-17;14500;0,0296833201969449;602;NA;NA;NA;4;0,0305174701459531;"Accord"
"P018631";2024-10-17;6200;0,00888436566668907;638;NA;NA;NA;1;0,00912106135986733;"Accord"
"P018632";2024-10-17;28600;0,0691206043474818;578;NA;NA;NA;6;0,0623481781376518;"Accord"
"P018633";2024-10-17;6300;0,0617746246662632;581;NA;NA;NA;6;0,0623481781376518;"Accord"
"P018634";2024-10-17;2600;0,0197551879532156;615;NA;NA;NA;3;0,0298755186721992;"Accord"
"P018635";2024-10-17;6200;0,0344891049277915;598;NA;NA;NA;4;0,0305174701459531;"Accord"
"P018636";2024-10-17;5600;0,0347142391666806;598;NA;NA;NA;4;0,0305174701459531;"Accord"
"P018637";2024-10-17;16400;0,153853025704833;552;"jours_decouvert_6m";"revenu_mensuel";"taux_endettement";8;0,126416739319965;"Refus"
"P018638";2024-10-17;6400;0,118611935661901;561;"jours_decouvert_6m";"revenu_mensuel";"incidents_12m";8;0,126416739319965;"Refus"
"P018639";2024-10-17;4000;0,116379160813646;562;"jours_decouvert_6m";"incidents_12m";"statut_logement";8;0,126416739319965;"Refus"
"P018640";2024-10-17;7900;0,548491804232305;496;"jours_decouvert_6m";"revenu_mensuel";"utilisation_revolving";9;0,268402154398564;"Refus"
"P018641";2024-10-17;5500;0,0527958832071668;586;NA;NA;NA;5;0,0514905149051491;"Accord"
"P018642";2024-10-18;2500;0,114304508268279;561;"jours_decouvert_6m";"revenu_mensuel";"taux_endettement";8;0,126416739319965;"Refus"
"P018643";2024-10-18;12000;0,0636132246834218;580;NA;NA;NA;6;0,0623481781376518;"Accord"
"P018644";2024-10-18;18100;0,0618858906196804;581;NA;NA;NA;6;0,0623481781376518;"Accord"
"P018645";2024-10-18;15200;0,0321061760875681;601;NA;NA;NA;4;0,0305174701459531;"Accord"
"P018646";2024-10-18;13800;0,0230643079436686;610;NA;NA;NA;3;0,0298755186721992;"Accord"
"P018647";2024-10-18;4300;0,0105888985348347;633;NA;NA;NA;1;0,00912106135986733;"Accord"
"P018648";2024-10-18;5500;0,0564530960330847;583;NA;NA;NA;6;0,0623481781376518;"Accord"
"P018649";2024-10-18;9300;0,0304072482714083;602;NA;NA;NA;4;0,0305174701459531;"Accord"
"P018650";2024-10-18;13300;0,0257283309389108;607;NA;NA;NA;4;0,0305174701459531;"Accord"
"P018651";2024-10-18;9400;0,00301006186142679;670;NA;NA;NA;1;0,00912106135986733;"Accord"
"P018652";2024-10-18;10200;0,194840020153679;544;"jours_decouvert_6m";"revenu_mensuel";"statut_logement";9;0,268402154398564;"Refus"
"P018653";2024-10-18;31600;0,00911252470127084;638;NA;NA;NA;1;0,00912106135986733;"Accord"
"P018654";2024-10-18;10100;0,0765777106829608;573;NA;NA;NA;7;0,0828970331588133;"Accord"
"P018655";2024-10-18;9500;0,222417343002253;538;"jours_decouvert_6m";"revenu_mensuel";"utilisation_revolving";9;0,268402154398564;"Refus"
"P018656";2024-10-18;9900;0,019451328740632;616;NA;NA;NA;3;0,0298755186721992;"Accord"
"P018657";2024-10-18;5000;0,308013119409024;526;"jours_decouvert_6m";"revenu_mensuel";"taux_endettement";9;0,268402154398564;"Refus"
"P018658";2024-10-18;6600;0,00804892861901864;641;NA;NA;NA;1;0,00912106135986733;"Accord"
"P018659";2024-10-18;8600;0,0167419146451693;619;NA;NA;NA;2;0,0177364864864865;"Accord"
"P018660";2024-10-18;12200;0,0381356920649376;596;NA;NA;NA;4;0,0305174701459531;"Accord"
"P018661";2024-10-19;5000;0,0967263127905802;567;NA;NA;NA;7;0,0828970331588133;"Accord"
"P018662";2024-10-19;8500;0,0494109318710992;587;NA;NA;NA;5;0,0514905149051491;"Accord"
"P018663";2024-10-19;19900;0,0426605611407748;592;NA;NA;NA;5;0,0514905149051491;"Accord"
"P018664";2024-10-19;5600;0,0151891131726272;623;NA;NA;NA;2;0,0177364864864865;"Accord"
"P018665";2024-10-19;16600;0,00881863915981093;637;NA;NA;NA;1;0,00912106135986733;"Accord"
"P018666";2024-10-19;3500;0,0209819633352411;612;NA;NA;NA;3;0,0298755186721992;"Accord"
"P018667";2024-10-19;31400;0,118964949772695;560;"jours_decouvert_6m";"revenu_mensuel";"taux_endettement";8;0,126416739319965;"Refus"
"P018668";2024-10-19;6800;0,0241595810663055;609;NA;NA;NA;3;0,0298755186721992;"Accord"
"P018669";2024-10-19;4700;0,253353763585338;534;"jours_decouvert_6m";"revenu_mensuel";"statut_logement";9;0,268402154398564;"Refus"
"P018670";2024-10-19;14900;0,033597618416144;599;NA;NA;NA;4;0,0305174701459531;"Accord"
"P018671";2024-10-19;2300;0,025290144387937;609;NA;NA;NA;3;0,0298755186721992;"Accord"
"P018672";2024-10-19;18600;0,00882014969789239;638;NA;NA;NA;1;0,00912106135986733;"Accord"
"P018673";2024-10-20;8500;0,11266919087406;562;"jours_decouvert_6m";"revenu_mensuel";"statut_logement";8;0,126416739319965;"Refus"
"P018674";2024-10-20;14200;0,0819367331518152;573;NA;NA;NA;7;0,0828970331588133;"Accord"
"P018675";2024-10-20;5200;0,0169719639710754;621;NA;NA;NA;2;0,0177364864864865;"Accord"
"P018676";2024-10-20;8900;0,017625718702706;619;NA;NA;NA;2;0,0177364864864865;"Accord"
"P018677";2024-10-20;11700;0,0314197249762475;602;NA;NA;NA;4;0,0305174701459531;"Accord"
"P018678";2024-10-20;3400;0,0516157670940536;585;NA;NA;NA;5;0,0514905149051491;"Accord"
"P018679";2024-10-20;26100;0,0472881609280145;589;NA;NA;NA;5;0,0514905149051491;"Accord"
"P018680";2024-10-20;6300;0,18724478602983;544;"jours_decouvert_6m";"revenu_mensuel";"utilisation_revolving";9;0,268402154398564;"Refus"
"P018681";2024-10-20;11200;0,0248527240874677;608;NA;NA;NA;3;0,0298755186721992;"Accord"
"P018682";2024-10-20;14700;0,00660184566342901;646;NA;NA;NA;1;0,00912106135986733;"Accord"
"P018683";2024-10-20;10900;0,165599908568384;549;"jours_decouvert_6m";"revenu_mensuel";"taux_endettement";8;0,126416739319965;"Refus"
"P018684";2024-10-20;14300;0,0115383901248735;630;NA;NA;NA;1;0,00912106135986733;"Accord"
"P018685";2024-10-20;1900;0,0664207580960603;579;NA;NA;NA;6;0,0623481781376518;"Accord"
"P018686";2024-10-20;10400;0,0489180097671557;589;NA;NA;NA;5;0,0514905149051491;"Accord"
"P018687";2024-10-20;6800;0,0168403820544238;619;NA;NA;NA;2;0,0177364864864865;"Accord"
"P018688";2024-10-20;9300;0,175912308409673;546;"jours_decouvert_6m";"revenu_mensuel";"utilisation_revolving";9;0,268402154398564;"Refus"
"P018689";2024-10-20;5300;0,0388817051770465;595;NA;NA;NA;4;0,0305174701459531;"Accord"
"P018690";2024-10-20;24300;0,337700380170409;521;"revenu_mensuel";"jours_decouvert_6m";"utilisation_revolving";9;0,268402154398564;"Refus"
"P018691";2024-10-20;16600;0,0287810035906663;604;NA;NA;NA;4;0,0305174701459531;"Accord"
"P018692";2024-10-20;4400;0,0147191905662973;624;NA;NA;NA;2;0,0177364864864865;"Accord"
"P018693";2024-10-20;10100;0,0527958832071668;586;NA;NA;NA;5;0,0514905149051491;"Accord"
"P018694";2024-10-21;9100;0,241152582397816;536;"jours_decouvert_6m";"revenu_mensuel";"statut_logement";9;0,268402154398564;"Refus"
"P018695";2024-10-21;4400;0,0373950938808334;597;NA;NA;NA;4;0,0305174701459531;"Accord"
"P018696";2024-10-21;9400;0,0191724621951069;614;NA;NA;NA;3;0,0298755186721992;"Accord"
"P018697";2024-10-21;7600;0,070811475775628;576;NA;NA;NA;6;0,0623481781376518;"Accord"
"P018698";2024-10-21;6100;0,0340839027024234;599;NA;NA;NA;4;0,0305174701459531;"Accord"
"P018699";2024-10-21;1700;0,0468746089009874;590;NA;NA;NA;5;0,0514905149051491;"Accord"
"P018700";2024-10-21;11300;0,0905629423773278;569;NA;NA;NA;7;0,0828970331588133;"Accord"
"P018701";2024-10-21;18400;0,0555279264551985;583;NA;NA;NA;6;0,0623481781376518;"Accord"
"P018702";2024-10-21;20100;0,0108815751354606;633;NA;NA;NA;1;0,00912106135986733;"Accord"
"P018703";2024-10-21;3700;0,0169655860290694;620;NA;NA;NA;2;0,0177364864864865;"Accord"
"P018704";2024-10-21;11300;0,0334395678423391;599;NA;NA;NA;4;0,0305174701459531;"Accord"
"P018705";2024-10-21;21300;0,10234567497891;565;NA;NA;NA;7;0,0828970331588133;"Accord"
"P018706";2024-10-21;9800;0,0127371922722018;627;NA;NA;NA;2;0,0177364864864865;"Accord"
"P018707";2024-10-22;6500;0,038785644734575;594;NA;NA;NA;4;0,0305174701459531;"Accord"
"P018708";2024-10-22;15600;0,0138387866197078;624;NA;NA;NA;2;0,0177364864864865;"Accord"
"P018709";2024-10-22;2300;0,0511189721220132;587;NA;NA;NA;5;0,0514905149051491;"Accord"
"P018710";2024-10-22;9300;0,0200930907893112;615;NA;NA;NA;3;0,0298755186721992;"Accord"
"P018711";2024-10-22;6200;0,0156014118695845;622;NA;NA;NA;2;0,0177364864864865;"Accord"
"P018712";2024-10-22;12200;0,0978088580456649;567;NA;NA;NA;7;0,0828970331588133;"Accord"
"P018713";2024-10-22;13100;0,0855887507011662;570;NA;NA;NA;7;0,0828970331588133;"Accord"
"P018714";2024-10-22;7600;0,04389101977428;591;NA;NA;NA;5;0,0514905149051491;"Accord"
"P018715";2024-10-22;4600;0,0581741777445802;583;NA;NA;NA;6;0,0623481781376518;"Accord"
"P018716";2024-10-22;8900;0,0436174868215665;591;NA;NA;NA;5;0,0514905149051491;"Accord"
"P018717";2024-10-22;4100;0,0547054443138775;584;NA;NA;NA;6;0,0623481781376518;"Accord"
"P018718";2024-10-22;1900;0,0150543160200416;623;NA;NA;NA;2;0,0177364864864865;"Accord"
"P018719";2024-10-22;5300;0,0243510390652114;608;NA;NA;NA;3;0,0298755186721992;"Accord"
"P018720";2024-10-22;8500;0,166318363980117;548;"jours_decouvert_6m";"revenu_mensuel";"utilisation_revolving";8;0,126416739319965;"Refus"
"P018721";2024-10-22;10300;0,00740258223068882;645;NA;NA;NA;1;0,00912106135986733;"Accord"
"P018722";2024-10-23;3800;0,0206326328757517;614;NA;NA;NA;3;0,0298755186721992;"Accord"
"P018723";2024-10-23;23800;0,0441936596306256;591;NA;NA;NA;5;0,0514905149051491;"Accord"
"P018724";2024-10-23;10000;0,0730129562471205;576;NA;NA;NA;6;0,0623481781376518;"Accord"
"P018725";2024-10-23;18100;0,00535344797829913;653;NA;NA;NA;1;0,00912106135986733;"Accord"
"P018726";2024-10-23;7500;0,0835850385327389;572;NA;NA;NA;7;0,0828970331588133;"Accord"
"P018727";2024-10-23;17200;0,0610579186501607;580;NA;NA;NA;6;0,0623481781376518;"Accord"
"P018728";2024-10-23;4400;0,0304072482714083;602;NA;NA;NA;4;0,0305174701459531;"Accord"
"P018729";2024-10-23;7800;0,0151617458848449;622;NA;NA;NA;2;0,0177364864864865;"Accord"
"P018730";2024-10-23;6600;0,0491010664647749;588;NA;NA;NA;5;0,0514905149051491;"Accord"
"P018731";2024-10-23;18100;0,00923326797250233;636;NA;NA;NA;1;0,00912106135986733;"Accord"
"P018732";2024-10-23;7600;0,0196479835572701;615;NA;NA;NA;3;0,0298755186721992;"Accord"
"P018733";2024-10-23;4100;0,0454389878934197;591;NA;NA;NA;5;0,0514905149051491;"Accord"
"P018734";2024-10-23;9800;0,043439741951209;592;NA;NA;NA;5;0,0514905149051491;"Accord"
"P018735";2024-10-23;7000;0,0772601911275261;573;NA;NA;NA;7;0,0828970331588133;"Accord"
"P018736";2024-10-23;7500;0,0165591060893605;620;NA;NA;NA;2;0,0177364864864865;"Accord"
"P018737";2024-10-23;6600;0,167308868585976;549;"jours_decouvert_6m";"revenu_mensuel";"statut_logement";8;0,126416739319965;"Refus"
"P018738";2024-10-23;4300;0,025290144387937;609;NA;NA;NA;3;0,0298755186721992;"Accord"
"P018739";2024-10-23;5300;0,022942251751296;611;NA;NA;NA;3;0,0298755186721992;"Accord"
"P018740";2024-10-24;9600;0,301920397273141;527;"jours_decouvert_6m";"revenu_mensuel";"statut_logement";9;0,268402154398564;"Refus"
"P018741";2024-10-24;20600;0,0461680417803176;590;NA;NA;NA;5;0,0514905149051491;"Accord"
"P018742";2024-10-24;10600;0,0222501772258662;611;NA;NA;NA;3;0,0298755186721992;"Accord"
"P018743";2024-10-24;2500;0,0263148919727154;606;NA;NA;NA;4;0,0305174701459531;"Accord"
"P018744";2024-10-24;9700;0,0210840227442581;613;NA;NA;NA;3;0,0298755186721992;"Accord"
"P018745";2024-10-24;6600;0,0482217981382307;587;NA;NA;NA;5;0,0514905149051491;"Accord"
"P018746";2024-10-24;3100;0,0515416194749048;586;NA;NA;NA;5;0,0514905149051491;"Accord"
"P018747";2024-10-24;8200;0,0135454871316826;625;NA;NA;NA;2;0,0177364864864865;"Accord"
"P018748";2024-10-24;10200;0,0178441565479813;618;NA;NA;NA;2;0,0177364864864865;"Accord"
"P018749";2024-10-24;3500;0,0327748859167785;600;NA;NA;NA;4;0,0305174701459531;"Accord"
"P018750";2024-10-24;13000;0,0367388848829129;597;NA;NA;NA;4;0,0305174701459531;"Accord"
"P018751";2024-10-24;11300;0,00514164490156912;655;NA;NA;NA;1;0,00912106135986733;"Accord"
"P018752";2024-10-25;8300;0,168970104079553;548;"revenu_mensuel";"jours_decouvert_6m";"utilisation_revolving";8;0,126416739319965;"Refus"
"P018753";2024-10-25;20000;0,0925546843769553;568;NA;NA;NA;7;0,0828970331588133;"Accord"
"P018754";2024-10-25;7400;0,0801838668132551;573;NA;NA;NA;7;0,0828970331588133;"Accord"
"P018755";2024-10-25;1700;0,0689152014150185;577;NA;NA;NA;6;0,0623481781376518;"Accord"
"P018756";2024-10-25;5300;0,0255335293379119;608;NA;NA;NA;3;0,0298755186721992;"Accord"
"P018757";2024-10-25;5100;0,0134904537539022;627;NA;NA;NA;2;0,0177364864864865;"Accord"
"P018758";2024-10-25;7000;0,0324516617423553;601;NA;NA;NA;4;0,0305174701459531;"Accord"
"P018759";2024-10-25;17800;0,00506218373730366;654;NA;NA;NA;1;0,00912106135986733;"Accord"
"P018760";2024-10-25;15200;0,0123210399916643;629;NA;NA;NA;1;0,00912106135986733;"Accord"
"P018761";2024-10-26;17800;0,0258341488088498;607;NA;NA;NA;4;0,0305174701459531;"Accord"
"P018762";2024-10-26;7100;0,0135461107012971;626;NA;NA;NA;2;0,0177364864864865;"Accord"
"P018763";2024-10-26;14300;0,0177140246749827;618;NA;NA;NA;2;0,0177364864864865;"Accord"
"P018764";2024-10-26;2200;0,0124870139525705;628;NA;NA;NA;2;0,0177364864864865;"Accord"
"P018765";2024-10-26;3100;0,143930065815507;554;"revenu_mensuel";"jours_decouvert_6m";"incidents_12m";8;0,126416739319965;"Refus"
"P018766";2024-10-26;2700;0,202366810056784;542;"jours_decouvert_6m";"revenu_mensuel";"statut_logement";9;0,268402154398564;"Refus"
"P018767";2024-10-26;6600;0,0331859722181884;599;NA;NA;NA;4;0,0305174701459531;"Accord"
"P018768";2024-10-26;12400;0,0313210774410409;602;NA;NA;NA;4;0,0305174701459531;"Accord"
"P018769";2024-10-26;3700;0,0387402321768234;596;NA;NA;NA;4;0,0305174701459531;"Accord"
"P018770";2024-10-26;6200;0,0379839859710008;595;NA;NA;NA;4;0,0305174701459531;"Accord"
"P018771";2024-10-26;13200;0,0633265436042018;580;NA;NA;NA;6;0,0623481781376518;"Accord"
"P018772";2024-10-26;4100;0,077351391450874;574;NA;NA;NA;7;0,0828970331588133;"Accord"
"P018773";2024-10-26;22400;0,0465312091625932;589;NA;NA;NA;5;0,0514905149051491;"Accord"
"P018774";2024-10-26;13100;0,0212585884743612;613;NA;NA;NA;3;0,0298755186721992;"Accord"
"P018775";2024-10-27;34700;0,0175228191014533;617;NA;NA;NA;2;0,0177364864864865;"Accord"
"P018776";2024-10-27;27900;0,0324010183159715;601;NA;NA;NA;4;0,0305174701459531;"Accord"
"P018777";2024-10-27;9800;0,0113724968051833;632;NA;NA;NA;1;0,00912106135986733;"Accord"
"P018778";2024-10-27;10900;0,186889245492703;544;"jours_decouvert_6m";"revenu_mensuel";"utilisation_revolving";9;0,268402154398564;"Refus"
"P018779";2024-10-27;6300;0,079226170536546;574;NA;NA;NA;7;0,0828970331588133;"Accord"
"P018780";2024-10-27;5300;0,0629068133582625;580;NA;NA;NA;6;0,0623481781376518;"Accord"
"P018781";2024-10-27;5600;0,00594423715814974;649;NA;NA;NA;1;0,00912106135986733;"Accord"
"P018782";2024-10-27;9000;0,0557772763803571;584;NA;NA;NA;6;0,0623481781376518;"Accord"
"P018783";2024-10-27;2100;0,0247056884859337;609;NA;NA;NA;3;0,0298755186721992;"Accord"
"P018784";2024-10-27;7600;0,0994262559715075;567;NA;NA;NA;7;0,0828970331588133;"Accord"
"P018785";2024-10-27;2400;0,0301277024482063;601;NA;NA;NA;4;0,0305174701459531;"Accord"
"P018786";2024-10-27;4300;0,0221947155862132;611;NA;NA;NA;3;0,0298755186721992;"Accord"
"P018787";2024-10-27;3700;0,263841731774399;531;"jours_decouvert_6m";"revenu_mensuel";"utilisation_revolving";9;0,268402154398564;"Refus"
"P018788";2024-10-27;6100;0,0818734406704722;571;NA;NA;NA;7;0,0828970331588133;"Accord"
"P018789";2024-10-27;7600;0,00853053130097287;639;NA;NA;NA;1;0,00912106135986733;"Accord"
"P018790";2024-10-27;11800;0,0159657385398792;621;NA;NA;NA;2;0,0177364864864865;"Accord"
"P018791";2024-10-27;1500;0,0185787946287533;617;NA;NA;NA;2;0,0177364864864865;"Accord"
"P018792";2024-10-27;8600;0,0741268717659015;574;NA;NA;NA;7;0,0828970331588133;"Accord"
"P018793";2024-10-27;8700;0,00991683978549467;635;NA;NA;NA;1;0,00912106135986733;"Accord"
"P018794";2024-10-27;11300;0,00820601767499126;641;NA;NA;NA;1;0,00912106135986733;"Accord"
"P018795";2024-10-27;4900;0,0446071308078543;592;NA;NA;NA;5;0,0514905149051491;"Accord"
"P018796";2024-10-27;6100;0,0373328598959135;595;NA;NA;NA;4;0,0305174701459531;"Accord"
"P018797";2024-10-27;10900;0,0390653495184147;594;NA;NA;NA;4;0,0305174701459531;"Accord"
"P018798";2024-10-27;3000;0,0854167643401844;571;NA;NA;NA;7;0,0828970331588133;"Accord"
"P018799";2024-10-28;12700;0,0157833514020039;623;NA;NA;NA;2;0,0177364864864865;"Accord"
"P018800";2024-10-28;16600;0,191523823895669;544;"jours_decouvert_6m";"revenu_mensuel";"taux_endettement";9;0,268402154398564;"Refus"
"P018801";2024-10-28;6400;0,0167714200455105;620;NA;NA;NA;2;0,0177364864864865;"Accord"
"P018802";2024-10-28;3400;0,00619726519444972;649;NA;NA;NA;1;0,00912106135986733;"Accord"
"P018803";2024-10-28;5500;0,0705424624416674;578;NA;NA;NA;6;0,0623481781376518;"Accord"
"P018804";2024-10-28;13500;0,00845555741232608;640;NA;NA;NA;1;0,00912106135986733;"Accord"
"P018805";2024-10-28;19500;0,188672358663396;544;"revenu_mensuel";"jours_decouvert_6m";"taux_endettement";9;0,268402154398564;"Refus"
"P018806";2024-10-28;7400;0,177592335290556;547;"jours_decouvert_6m";"revenu_mensuel";"taux_endettement";9;0,268402154398564;"Refus"
"P018807";2024-10-28;11200;0,0227073082770351;610;NA;NA;NA;3;0,0298755186721992;"Accord"
"P018808";2024-10-28;9300;0,0126887699326048;628;NA;NA;NA;2;0,0177364864864865;"Accord"
"P018809";2024-10-28;4800;0,0428958064046953;592;NA;NA;NA;5;0,0514905149051491;"Accord"
"P018810";2024-10-28;9200;0,0174430970356226;619;NA;NA;NA;2;0,0177364864864865;"Accord"
"P018811";2024-10-28;5000;0,0405052827832986;593;NA;NA;NA;4;0,0305174701459531;"Accord"
"P018812";2024-10-28;6200;0,034657662120136;598;NA;NA;NA;4;0,0305174701459531;"Accord"
"P018813";2024-10-28;4500;0,161913619452092;550;"jours_decouvert_6m";"revenu_mensuel";"statut_logement";8;0,126416739319965;"Refus"
"P018814";2024-10-28;7600;0,0187183817225065;616;NA;NA;NA;3;0,0298755186721992;"Accord"
"P018815";2024-10-28;12800;0,0277507767666249;605;NA;NA;NA;4;0,0305174701459531;"Accord"
"P018816";2024-10-28;6600;0,0297369377746252;602;NA;NA;NA;4;0,0305174701459531;"Accord"
"P018817";2024-10-28;9400;0,0524208831335631;586;NA;NA;NA;5;0,0514905149051491;"Accord"
"P018818";2024-10-29;7800;0,0292709293768131;604;NA;NA;NA;4;0,0305174701459531;"Accord"
"P018819";2024-10-29;13100;0,0370954676545972;597;NA;NA;NA;4;0,0305174701459531;"Accord"
"P018820";2024-10-29;10100;0,05285587484438;585;NA;NA;NA;5;0,0514905149051491;"Accord"
"P018821";2024-10-29;4100;0,0132126360932459;627;NA;NA;NA;2;0,0177364864864865;"Accord"
"P018822";2024-10-29;4500;0,050291590601695;587;NA;NA;NA;5;0,0514905149051491;"Accord"
"P018823";2024-10-29;6000;0,171438264798033;548;"jours_decouvert_6m";"revenu_mensuel";"statut_logement";8;0,126416739319965;"Refus"
"P018824";2024-10-29;4300;0,0730882935181548;574;NA;NA;NA;7;0,0828970331588133;"Accord"
"P018825";2024-10-29;9400;0,0294823076560805;602;NA;NA;NA;4;0,0305174701459531;"Accord"
"P018826";2024-10-29;11900;0,0783878244111112;573;NA;NA;NA;7;0,0828970331588133;"Accord"
"P018827";2024-10-29;9700;0,210512912607883;541;"jours_decouvert_6m";"revenu_mensuel";"taux_endettement";9;0,268402154398564;"Refus"
"P018828";2024-10-29;50800;0,116629532319616;561;"taux_endettement";"jours_decouvert_6m";"revenu_mensuel";8;0,126416739319965;"Refus"
"P018829";2024-10-29;16200;0,0651323352887871;580;NA;NA;NA;6;0,0623481781376518;"Accord"
"P018830";2024-10-29;19800;0,0253071202361707;608;NA;NA;NA;3;0,0298755186721992;"Accord"
"P018831";2024-10-29;3600;0,125342182305239;557;"jours_decouvert_6m";"utilisation_revolving";"revenu_mensuel";8;0,126416739319965;"Refus"
"P018832";2024-10-29;11600;0,382553802368401;516;"jours_decouvert_6m";"revenu_mensuel";"utilisation_revolving";9;0,268402154398564;"Refus"
"P018833";2024-10-29;2100;0,167668467065436;549;"jours_decouvert_6m";"revenu_mensuel";"incidents_12m";8;0,126416739319965;"Refus"
"P018834";2024-10-29;12900;0,0739232347244932;576;NA;NA;NA;6;0,0623481781376518;"Accord"
"P018835";2024-10-30;6900;0,00708223994048286;645;NA;NA;NA;1;0,00912106135986733;"Accord"
"P018836";2024-10-30;11700;0,235165602420305;536;"jours_decouvert_6m";"revenu_mensuel";"taux_endettement";9;0,268402154398564;"Refus"
"P018837";2024-10-30;4900;0,0117309032448884;630;NA;NA;NA;1;0,00912106135986733;"Accord"
"P018838";2024-10-30;12300;0,0430544169691689;591;NA;NA;NA;5;0,0514905149051491;"Accord"
"P018839";2024-10-30;9700;0,0175689020304807;618;NA;NA;NA;2;0,0177364864864865;"Accord"
"P018840";2024-10-30;4900;0,0228198286090672;610;NA;NA;NA;3;0,0298755186721992;"Accord"
"P018841";2024-10-30;18700;0,0133067482060054;626;NA;NA;NA;2;0,0177364864864865;"Accord"
"P018842";2024-10-30;4800;0,0253021857989473;607;NA;NA;NA;4;0,0305174701459531;"Accord"
"P018843";2024-10-30;8700;0,094881649766304;567;NA;NA;NA;7;0,0828970331588133;"Accord"
"P018844";2024-10-30;10100;0,104255707896538;565;NA;NA;NA;7;0,0828970331588133;"Accord"
"P018845";2024-10-30;12800;0,00489924838958781;656;NA;NA;NA;1;0,00912106135986733;"Accord"
"P018846";2024-10-30;9900;0,0840588317308284;571;NA;NA;NA;7;0,0828970331588133;"Accord"
"P018847";2024-10-30;29500;0,0434820024300407;592;NA;NA;NA;5;0,0514905149051491;"Accord"
"P018848";2024-10-30;11300;0,0560426192829252;582;NA;NA;NA;6;0,0623481781376518;"Accord"
"P018849";2024-10-30;7500;0,128079772283332;558;"jours_decouvert_6m";"revenu_mensuel";"taux_endettement";8;0,126416739319965;"Refus"
"P018850";2024-10-30;5400;0,045490572394989;590;NA;NA;NA;5;0,0514905149051491;"Accord"
"P018851";2024-10-30;8200;0,151590081829386;552;"jours_decouvert_6m";"revenu_mensuel";"statut_logement";8;0,126416739319965;"Refus"
"P018852";2024-10-30;24000;0,0409467272848586;594;NA;NA;NA;4;0,0305174701459531;"Accord"
"P018853";2024-10-30;3400;0,0344622666135576;598;NA;NA;NA;4;0,0305174701459531;"Accord"
"P018854";2024-10-30;4500;0,0965682782632742;567;NA;NA;NA;7;0,0828970331588133;"Accord"
"P018855";2024-10-30;7500;0,0355996739610425;597;NA;NA;NA;4;0,0305174701459531;"Accord"
"P018856";2024-10-31;7900;0,0176082166172293;618;NA;NA;NA;2;0,0177364864864865;"Accord"
"P018857";2024-10-31;1400;0,0539822505007256;585;NA;NA;NA;5;0,0514905149051491;"Accord"
"P018858";2024-10-31;1500;0,0205483578163835;613;NA;NA;NA;3;0,0298755186721992;"Accord"
"P018859";2024-10-31;3100;0,0961038424491989;566;NA;NA;NA;7;0,0828970331588133;"Accord"
"P018860";2024-10-31;10400;0,0330202423485649;601;NA;NA;NA;4;0,0305174701459531;"Accord"
"P018861";2024-10-31;3900;0,0392420665451569;593;NA;NA;NA;4;0,0305174701459531;"Accord"
"P018862";2024-10-31;5300;0,00992431994909777;635;NA;NA;NA;1;0,00912106135986733;"Accord"
"P018863";2024-10-31;21200;0,0187716422588859;617;NA;NA;NA;2;0,0177364864864865;"Accord"
"P018864";2024-10-31;7900;0,0429523978637191;591;NA;NA;NA;5;0,0514905149051491;"Accord"
"P018865";2024-10-31;5100;0,0418251965516615;592;NA;NA;NA;5;0,0514905149051491;"Accord"
"P018866";2024-10-31;2500;0,201689184735802;543;"jours_decouvert_6m";"revenu_mensuel";"statut_logement";9;0,268402154398564;"Refus"
"P018867";2024-10-31;30000;0,0351170017071385;599;NA;NA;NA;4;0,0305174701459531;"Accord"
"P018868";2024-10-31;5300;0,014749151413783;623;NA;NA;NA;2;0,0177364864864865;"Accord"
"P018869";2024-10-31;15700;0,0511610713593378;586;NA;NA;NA;5;0,0514905149051491;"Accord"
"P018870";2024-10-31;4200;0,0215025224608082;612;NA;NA;NA;3;0,0298755186721992;"Accord"
"P018871";2024-10-31;6800;0,0114994869839298;630;NA;NA;NA;1;0,00912106135986733;"Accord"
"P018872";2024-11-01;2200;0,0198886868873677;615;NA;NA;NA;3;0,0298755186721992;"Accord"
"P018873";2024-11-01;6400;0,0983309552014387;566;NA;NA;NA;7;0,0828970331588133;"Accord"
"P018874";2024-11-01;1900;0,0695620573303492;578;NA;NA;NA;6;0,0623481781376518;"Accord"
"P018875";2024-11-01;2900;0,0586281534268969;583;NA;NA;NA;6;0,0623481781376518;"Accord"
"P018876";2024-11-01;20800;0,0333653745544409;599;NA;NA;NA;4;0,0305174701459531;"Accord"
"P018877";2024-11-01;5300;0,0087094548055112;638;NA;NA;NA;1;0,00912106135986733;"Accord"
"P018878";2024-11-01;10600;0,0244796237452619;609;NA;NA;NA;3;0,0298755186721992;"Accord"
"P018879";2024-11-01;3900;0,181822152557271;545;"revenu_mensuel";"jours_decouvert_6m";"statut_logement";9;0,268402154398564;"Refus"
"P018880";2024-11-01;3800;0,038912820487298;595;NA;NA;NA;4;0,0305174701459531;"Accord"
"P018881";2024-11-01;6700;0,0961649545989555;567;NA;NA;NA;7;0,0828970331588133;"Accord"
"P018882";2024-11-01;5900;0,0751251505747183;575;NA;NA;NA;6;0,0623481781376518;"Accord"
"P018883";2024-11-01;10600;0,0983886112323645;566;NA;NA;NA;7;0,0828970331588133;"Accord"
"P018884";2024-11-01;6500;0,0701706422639034;577;NA;NA;NA;6;0,0623481781376518;"Accord"
"P018885";2024-11-01;4700;0,0274438973057442;605;NA;NA;NA;4;0,0305174701459531;"Accord"
"P018886";2024-11-01;11800;0,0713060419797255;576;NA;NA;NA;6;0,0623481781376518;"Accord"
"P018887";2024-11-01;13200;0,0706769867158348;577;NA;NA;NA;6;0,0623481781376518;"Accord"
"P018888";2024-11-01;6900;0,0135445792359574;627;NA;NA;NA;2;0,0177364864864865;"Accord"
"P018889";2024-11-01;5000;0,00911252470127084;638;NA;NA;NA;1;0,00912106135986733;"Accord"
"P018890";2024-11-01;6700;0,0124239204596111;629;NA;NA;NA;1;0,00912106135986733;"Accord"
"P018891";2024-11-01;4400;0,0145819029934485;623;NA;NA;NA;2;0,0177364864864865;"Accord"
"P018892";2024-11-01;14700;0,00893716296220721;637;NA;NA;NA;1;0,00912106135986733;"Accord"
"P018893";2024-11-01;4400;0,0116800216798748;631;NA;NA;NA;1;0,00912106135986733;"Accord"
"P018894";2024-11-02;6600;0,0304031666259698;602;NA;NA;NA;4;0,0305174701459531;"Accord"
"P018895";2024-11-02;12600;0,0350243791502505;596;NA;NA;NA;4;0,0305174701459531;"Accord"
"P018896";2024-11-02;3600;0,0597757576601485;582;NA;NA;NA;6;0,0623481781376518;"Accord"
"P018897";2024-11-02;34500;0,178155756172729;546;"revenu_mensuel";"jours_decouvert_6m";"utilisation_revolving";9;0,268402154398564;"Refus"
"P018898";2024-11-02;10700;0,0761676552470147;574;NA;NA;NA;7;0,0828970331588133;"Accord"
"P018899";2024-11-02;4800;0,106196379264902;563;"jours_decouvert_6m";"revenu_mensuel";"utilisation_revolving";7;0,0828970331588133;"Refus"
"P018900";2024-11-02;5600;0,0262902252542334;606;NA;NA;NA;4;0,0305174701459531;"Accord"
"P018901";2024-11-02;6000;0,02783836246697;605;NA;NA;NA;4;0,0305174701459531;"Accord"
"P018902";2024-11-02;9700;0,017077799376949;620;NA;NA;NA;2;0,0177364864864865;"Accord"
"P018903";2024-11-02;2300;0,0528020804835705;586;NA;NA;NA;5;0,0514905149051491;"Accord"
"P018904";2024-11-02;21200;0,0147892591590572;623;NA;NA;NA;2;0,0177364864864865;"Accord"
"P018905";2024-11-02;21700;0,012901970779699;626;NA;NA;NA;2;0,0177364864864865;"Accord"
"P018906";2024-11-02;11400;0,0904043740465172;569;NA;NA;NA;7;0,0828970331588133;"Accord"
"P018907";2024-11-02;5900;0,10603898691678;563;"jours_decouvert_6m";"utilisation_revolving";"statut_logement";7;0,0828970331588133;"Refus"
"P018908";2024-11-02;23000;0,0542829461264358;585;NA;NA;NA;5;0,0514905149051491;"Accord"
"P018909";2024-11-02;900;0,0924128330190067;568;NA;NA;NA;7;0,0828970331588133;"Accord"
"P018910";2024-11-02;10500;0,0571699613517722;582;NA;NA;NA;6;0,0623481781376518;"Accord"
"P018911";2024-11-02;9900;0,224724323558063;538;"jours_decouvert_6m";"revenu_mensuel";"incidents_12m";9;0,268402154398564;"Refus"
"P018912";2024-11-02;35000;0,0921278588479421;568;NA;NA;NA;7;0,0828970331588133;"Accord"
"P018913";2024-11-03;17700;0,0113607613670693;630;NA;NA;NA;1;0,00912106135986733;"Accord"
"P018914";2024-11-03;6000;0,23163784016778;536;"revenu_mensuel";"jours_decouvert_6m";"utilisation_revolving";9;0,268402154398564;"Refus"
"P018915";2024-11-03;5600;0,196676228247153;541;"revenu_mensuel";"jours_decouvert_6m";"utilisation_revolving";9;0,268402154398564;"Refus"
"P018916";2024-11-03;13100;0,0263107645196721;607;NA;NA;NA;4;0,0305174701459531;"Accord"
"P018917";2024-11-03;9000;0,161913619452092;550;"jours_decouvert_6m";"revenu_mensuel";"statut_logement";8;0,126416739319965;"Refus"
"P018918";2024-11-03;15400;0,0857887011373648;569;NA;NA;NA;7;0,0828970331588133;"Accord"
"P018919";2024-11-03;4500;0,0634938780159964;580;NA;NA;NA;6;0,0623481781376518;"Accord"
"P018920";2024-11-03;3200;0,177030868888191;547;"jours_decouvert_6m";"revenu_mensuel";"utilisation_revolving";9;0,268402154398564;"Refus"
"P018921";2024-11-03;24600;0,0276210442846323;605;NA;NA;NA;4;0,0305174701459531;"Accord"
"P018922";2024-11-03;15700;0,189299893977669;544;"jours_decouvert_6m";"revenu_mensuel";"taux_endettement";9;0,268402154398564;"Refus"
"P018923";2024-11-03;8100;0,0384001792898786;595;NA;NA;NA;4;0,0305174701459531;"Accord"
"P018924";2024-11-03;5400;0,0236130629873473;610;NA;NA;NA;3;0,0298755186721992;"Accord"
"P018925";2024-11-03;9100;0,0917351317109197;568;NA;NA;NA;7;0,0828970331588133;"Accord"
"P018926";2024-11-03;10100;0,0259707422521197;607;NA;NA;NA;4;0,0305174701459531;"Accord"
"P018927";2024-11-03;5000;0,0370847137361859;595;NA;NA;NA;4;0,0305174701459531;"Accord"
"P018928";2024-11-03;12100;0,00864649680655675;638;NA;NA;NA;1;0,00912106135986733;"Accord"
"P018929";2024-11-03;4100;0,0131779662589751;626;NA;NA;NA;2;0,0177364864864865;"Accord"
"P018930";2024-11-03;22900;0,0294802396497939;603;NA;NA;NA;4;0,0305174701459531;"Accord"
"P018931";2024-11-03;4100;0,0147466852045318;624;NA;NA;NA;2;0,0177364864864865;"Accord"
"P018932";2024-11-03;24200;0,0238363120503375;609;NA;NA;NA;3;0,0298755186721992;"Accord"
"P018933";2024-11-03;4100;0,0300903193263162;603;NA;NA;NA;4;0,0305174701459531;"Accord"
"P018934";2024-11-03;9700;0,0631327140649016;581;NA;NA;NA;6;0,0623481781376518;"Accord"
"P018935";2024-11-03;5800;0,0298664048463802;602;NA;NA;NA;4;0,0305174701459531;"Accord"
"P018936";2024-11-03;5100;0,0331712056859432;600;NA;NA;NA;4;0,0305174701459531;"Accord"
"P018937";2024-11-03;9400;0,0130681248181576;627;NA;NA;NA;2;0,0177364864864865;"Accord"
"P018938";2024-11-03;8300;0,012627866563321;629;NA;NA;NA;1;0,00912106135986733;"Accord"
"P018939";2024-11-04;15400;0,036603423902905;596;NA;NA;NA;4;0,0305174701459531;"Accord"
"P018940";2024-11-04;13400;0,0491273136004882;587;NA;NA;NA;5;0,0514905149051491;"Accord"
"P018941";2024-11-04;10900;0,122460741069878;560;"jours_decouvert_6m";"revenu_mensuel";"utilisation_revolving";8;0,126416739319965;"Refus"
"P018942";2024-11-04;6900;0,0247050550752408;608;NA;NA;NA;3;0,0298755186721992;"Accord"
"P018943";2024-11-04;11400;0,156489080288478;550;"jours_decouvert_6m";"revenu_mensuel";"utilisation_revolving";8;0,126416739319965;"Refus"
"P018944";2024-11-04;3600;0,025112037290765;610;NA;NA;NA;3;0,0298755186721992;"Accord"
"P018945";2024-11-04;3000;0,0551385739704119;584;NA;NA;NA;6;0,0623481781376518;"Accord"
"P018946";2024-11-04;12400;0,0181133974302567;619;NA;NA;NA;2;0,0177364864864865;"Accord"
"P018947";2024-11-04;11200;0,0193183814821397;615;NA;NA;NA;3;0,0298755186721992;"Accord"
"P018948";2024-11-04;6000;0,0484006801906535;589;NA;NA;NA;5;0,0514905149051491;"Accord"
"P018949";2024-11-04;8800;0,0238562183064901;609;NA;NA;NA;3;0,0298755186721992;"Accord"
"P018950";2024-11-04;8200;0,00881863915981093;637;NA;NA;NA;1;0,00912106135986733;"Accord"
"P018951";2024-11-04;17500;0,0497472174092211;588;NA;NA;NA;5;0,0514905149051491;"Accord"
"P018952";2024-11-04;36700;0,0464244341220074;590;NA;NA;NA;5;0,0514905149051491;"Accord"
"P018953";2024-11-04;8400;0,0257081284558267;607;NA;NA;NA;4;0,0305174701459531;"Accord"
"P018954";2024-11-04;4700;0,0126981159338256;627;NA;NA;NA;2;0,0177364864864865;"Accord"
"P018955";2024-11-04;18700;0,0239154039146524;610;NA;NA;NA;3;0,0298755186721992;"Accord"
"P018956";2024-11-04;24900;0,0257835980109253;607;NA;NA;NA;4;0,0305174701459531;"Accord"
"P018957";2024-11-04;24300;0,0257523940142457;607;NA;NA;NA;4;0,0305174701459531;"Accord"
"P018958";2024-11-04;71600;0,0700942800979999;577;NA;NA;NA;6;0,0623481781376518;"Accord"
"P018959";2024-11-04;4700;0,169537403802026;547;"revenu_mensuel";"jours_decouvert_6m";"utilisation_revolving";9;0,268402154398564;"Refus"
"P018960";2024-11-04;6100;0,0350299880299016;598;NA;NA;NA;4;0,0305174701459531;"Accord"
"P018961";2024-11-04;4400;0,00710397628417555;646;NA;NA;NA;1;0,00912106135986733;"Accord"
"P018962";2024-11-05;10000;0,0215536073900346;612;NA;NA;NA;3;0,0298755186721992;"Accord"
"P018963";2024-11-05;5500;0,0709940923954462;576;NA;NA;NA;6;0,0623481781376518;"Accord"
"P018964";2024-11-05;12800;0,0580692437123903;582;NA;NA;NA;6;0,0623481781376518;"Accord"
"P018965";2024-11-05;14900;0,0160006933090898;621;NA;NA;NA;2;0,0177364864864865;"Accord"
"P018966";2024-11-05;11100;0,194840020153679;544;"jours_decouvert_6m";"revenu_mensuel";"statut_logement";9;0,268402154398564;"Refus"
"P018967";2024-11-05;4600;0,0433239470829668;592;NA;NA;NA;5;0,0514905149051491;"Accord"
"P018968";2024-11-05;3100;0,0627125058056107;580;NA;NA;NA;6;0,0623481781376518;"Accord"
"P018969";2024-11-05;4300;0,0325047834906099;600;NA;NA;NA;4;0,0305174701459531;"Accord"
"P018970";2024-11-05;6100;0,102981129732913;565;NA;NA;NA;7;0,0828970331588133;"Accord"
"P018971";2024-11-05;14600;0,0175889767198057;618;NA;NA;NA;2;0,0177364864864865;"Accord"
"P018972";2024-11-05;10300;0,0126470234205877;628;NA;NA;NA;2;0,0177364864864865;"Accord"
"P018973";2024-11-05;3400;0,0120979129036503;629;NA;NA;NA;1;0,00912106135986733;"Accord"
"P018974";2024-11-05;1100;0,0781004826376798;573;NA;NA;NA;7;0,0828970331588133;"Accord"
"P018975";2024-11-05;11000;0,00688551474031998;647;NA;NA;NA;1;0,00912106135986733;"Accord"
"P018976";2024-11-05;3000;0,0460773274575947;588;NA;NA;NA;5;0,0514905149051491;"Accord"
"P018977";2024-11-05;7700;0,0547942752398657;585;NA;NA;NA;5;0,0514905149051491;"Accord"
"P018978";2024-11-05;6300;0,0360272610038192;597;NA;NA;NA;4;0,0305174701459531;"Accord"
"P018979";2024-11-05;6700;0,0434689879983679;592;NA;NA;NA;5;0,0514905149051491;"Accord"
"P018980";2024-11-06;8100;0,0340957287958671;599;NA;NA;NA;4;0,0305174701459531;"Accord"
"P018981";2024-11-06;4100;0,191232571574747;545;"jours_decouvert_6m";"revenu_mensuel";"statut_logement";9;0,268402154398564;"Refus"
"P018982";2024-11-06;5800;0,0173816074966642;618;NA;NA;NA;2;0,0177364864864865;"Accord"
"P018983";2024-11-06;16700;0,0132008633600338;626;NA;NA;NA;2;0,0177364864864865;"Accord"
"P018984";2024-11-06;3600;0,0786722020482701;574;NA;NA;NA;7;0,0828970331588133;"Accord"
"P018985";2024-11-06;11100;0,280656073410094;530;"jours_decouvert_6m";"revenu_mensuel";"incidents_12m";9;0,268402154398564;"Refus"
"P018986";2024-11-06;5700;0,0202111029048542;614;NA;NA;NA;3;0,0298755186721992;"Accord"
"P018987";2024-11-06;10200;0,0134788876495043;627;NA;NA;NA;2;0,0177364864864865;"Accord"
"P018988";2024-11-06;1700;0,22220476277184;538;"jours_decouvert_6m";"revenu_mensuel";"incidents_12m";9;0,268402154398564;"Refus"
"P018989";2024-11-06;6600;0,243674988741352;536;"jours_decouvert_6m";"revenu_mensuel";"incidents_12m";9;0,268402154398564;"Refus"
"P018990";2024-11-06;6900;0,0174282019824429;619;NA;NA;NA;2;0,0177364864864865;"Accord"
"P018991";2024-11-06;11000;0,00874746937197182;637;NA;NA;NA;1;0,00912106135986733;"Accord"
"P018992";2024-11-06;23100;0,074161672348642;576;NA;NA;NA;6;0,0623481781376518;"Accord"
"P018993";2024-11-06;7400;0,011944375944385;629;NA;NA;NA;1;0,00912106135986733;"Accord"
"P018994";2024-11-06;3100;0,0419120505159018;593;NA;NA;NA;4;0,0305174701459531;"Accord"
"P018995";2024-11-06;4600;0,0761159442132512;573;NA;NA;NA;7;0,0828970331588133;"Accord"
"P018996";2024-11-06;5500;0,00424669310924043;660;NA;NA;NA;1;0,00912106135986733;"Accord"
"P018997";2024-11-06;5400;0,0126097305561908;628;NA;NA;NA;2;0,0177364864864865;"Accord"
"P018998";2024-11-06;6700;0,0402878829105661;593;NA;NA;NA;4;0,0305174701459531;"Accord"
"P018999";2024-11-06;2000;0,015137015218;623;NA;NA;NA;2;0,0177364864864865;"Accord"
"P019000";2024-11-06;7200;0,0309616617032429;603;NA;NA;NA;4;0,0305174701459531;"Accord"
"P019001";2024-11-06;8500;0,236054868343987;537;"jours_decouvert_6m";"revenu_mensuel";"taux_endettement";9;0,268402154398564;"Refus"
"P019002";2024-11-06;6900;0,151590081829386;552;"jours_decouvert_6m";"revenu_mensuel";"statut_logement";8;0,126416739319965;"Refus"
"P019003";2024-11-07;6800;0,00865260144531986;639;NA;NA;NA;1;0,00912106135986733;"Accord"
"P019004";2024-11-07;12700;0,0708712247775158;576;NA;NA;NA;6;0,0623481781376518;"Accord"
"P019005";2024-11-07;3400;0,0417167108826199;593;NA;NA;NA;4;0,0305174701459531;"Accord"
"P019006";2024-11-07;5400;0,00660184566342901;646;NA;NA;NA;1;0,00912106135986733;"Accord"
"P019007";2024-11-07;7500;0,053807790947378;585;NA;NA;NA;5;0,0514905149051491;"Accord"
"P019008";2024-11-07;12300;0,0135461107012971;626;NA;NA;NA;2;0,0177364864864865;"Accord"
"P019009";2024-11-07;10300;0,0271933973536958;606;NA;NA;NA;4;0,0305174701459531;"Accord"
"P019010";2024-11-07;13700;0,0152817835609955;621;NA;NA;NA;2;0,0177364864864865;"Accord"
"P019011";2024-11-07;13400;0,0246352020891453;609;NA;NA;NA;3;0,0298755186721992;"Accord"
"P019012";2024-11-07;11100;0,0100407169550446;634;NA;NA;NA;1;0,00912106135986733;"Accord"
"P019013";2024-11-07;11000;0,0653994603667352;579;NA;NA;NA;6;0,0623481781376518;"Accord"
"P019014";2024-11-07;12400;0,0310582028587723;601;NA;NA;NA;4;0,0305174701459531;"Accord"
"P019015";2024-11-07;2800;0,125020291610853;558;"revenu_mensuel";"jours_decouvert_6m";"utilisation_revolving";8;0,126416739319965;"Refus"
"P019016";2024-11-07;2000;0,0250984192355618;607;NA;NA;NA;4;0,0305174701459531;"Accord"
"P019017";2024-11-07;12100;0,11365804313893;561;"jours_decouvert_6m";"revenu_mensuel";"statut_logement";8;0,126416739319965;"Refus"
"P019018";2024-11-07;11600;0,0501503382216545;588;NA;NA;NA;5;0,0514905149051491;"Accord"
"P019019";2024-11-07;2500;0,0907867964163628;569;NA;NA;NA;7;0,0828970331588133;"Accord"
"P019020";2024-11-08;9800;0,0254938505016685;607;NA;NA;NA;4;0,0305174701459531;"Accord"
"P019021";2024-11-08;5000;0,0443622113569645;591;NA;NA;NA;5;0,0514905149051491;"Accord"
"P019022";2024-11-08;2800;0,0529548317999126;586;NA;NA;NA;5;0,0514905149051491;"Accord"
"P019023";2024-11-08;4000;0,0718851044593448;576;NA;NA;NA;6;0,0623481781376518;"Accord"
"P019024";2024-11-08;8000;0,0226571724823301;610;NA;NA;NA;3;0,0298755186721992;"Accord"
"P019025";2024-11-08;10100;0,00642399170243002;648;NA;NA;NA;1;0,00912106135986733;"Accord"
"P019026";2024-11-08;4800;0,0933376445299643;567;NA;NA;NA;7;0,0828970331588133;"Accord"
"P019027";2024-11-08;10900;0,0606928662780156;582;NA;NA;NA;6;0,0623481781376518;"Accord"
"P019028";2024-11-08;6600;0,349505948844848;520;"jours_decouvert_6m";"revenu_mensuel";"utilisation_revolving";9;0,268402154398564;"Refus"
"P019029";2024-11-08;13600;0,0063251626665459;647;NA;NA;NA;1;0,00912106135986733;"Accord"
"P019030";2024-11-08;4400;0,153611079764147;552;"jours_decouvert_6m";"revenu_mensuel";"statut_logement";8;0,126416739319965;"Refus"
"P019031";2024-11-08;7300;0,0380005944921674;595;NA;NA;NA;4;0,0305174701459531;"Accord"
"P019032";2024-11-08;10700;0,0188626623796507;617;NA;NA;NA;2;0,0177364864864865;"Accord"
"P019033";2024-11-08;3200;0,301324933996281;526;"jours_decouvert_6m";"revenu_mensuel";"utilisation_revolving";9;0,268402154398564;"Refus"
"P019034";2024-11-08;8200;0,0392743078368063;594;NA;NA;NA;4;0,0305174701459531;"Accord"
"P019035";2024-11-08;23300;0,0246352020891453;609;NA;NA;NA;3;0,0298755186721992;"Accord"
"P019036";2024-11-08;9900;0,0131716122354805;627;NA;NA;NA;2;0,0177364864864865;"Accord"
"P019037";2024-11-08;12200;0,0342761736756567;599;NA;NA;NA;4;0,0305174701459531;"Accord"
"P019038";2024-11-08;5100;0,0152968206910566;623;NA;NA;NA;2;0,0177364864864865;"Accord"
"P019039";2024-11-08;9900;0,00493191767861809;656;NA;NA;NA;1;0,00912106135986733;"Accord"
"P019040";2024-11-08;3300;0,107824216412754;563;"revenu_mensuel";"jours_decouvert_6m";"statut_logement";7;0,0828970331588133;"Refus"
"P019041";2024-11-08;8800;0,0298244571810114;602;NA;NA;NA;4;0,0305174701459531;"Accord"
"P019042";2024-11-09;7800;0,0534711469610307;585;NA;NA;NA;5;0,0514905149051491;"Accord"
"P019043";2024-11-09;10100;0,0385733864330767;595;NA;NA;NA;4;0,0305174701459531;"Accord"
"P019044";2024-11-09;7700;0,0123958032273005;628;NA;NA;NA;2;0,0177364864864865;"Accord"
"P019045";2024-11-09;22100;0,0266883347695083;606;NA;NA;NA;4;0,0305174701459531;"Accord"
"P019046";2024-11-09;6900;0,212241297875037;541;"jours_decouvert_6m";"revenu_mensuel";"incidents_12m";9;0,268402154398564;"Refus"
"P019047";2024-11-09;7300;0,166415447830904;548;"jours_decouvert_6m";"revenu_mensuel";"taux_endettement";8;0,126416739319965;"Refus"
"P019048";2024-11-09;5100;0,0866546159202773;571;NA;NA;NA;7;0,0828970331588133;"Accord"
"P019049";2024-11-09;7600;0,0449108783655445;590;NA;NA;NA;5;0,0514905149051491;"Accord"
"P019050";2024-11-09;5300;0,03868616244153;595;NA;NA;NA;4;0,0305174701459531;"Accord"
"P019051";2024-11-09;20600;0,031130420518786;602;NA;NA;NA;4;0,0305174701459531;"Accord"
"P019052";2024-11-09;12600;0,0638061318550141;581;NA;NA;NA;6;0,0623481781376518;"Accord"
"P019053";2024-11-09;24400;0,114122040552258;562;"revenu_mensuel";"jours_decouvert_6m";"taux_endettement";8;0,126416739319965;"Refus"
"P019054";2024-11-09;9200;0,0229463916208644;611;NA;NA;NA;3;0,0298755186721992;"Accord"
"P019055";2024-11-09;2500;0,0211403515728779;612;NA;NA;NA;3;0,0298755186721992;"Accord"
"P019056";2024-11-09;7600;0,159515273837249;549;"revenu_mensuel";"jours_decouvert_6m";"utilisation_revolving";8;0,126416739319965;"Refus"
"P019057";2024-11-09;8700;0,0179730035728431;617;NA;NA;NA;2;0,0177364864864865;"Accord"
"P019058";2024-11-09;5500;0,0432718685369264;591;NA;NA;NA;5;0,0514905149051491;"Accord"
"P019059";2024-11-09;4200;0,0794262669383604;573;NA;NA;NA;7;0,0828970331588133;"Accord"
"P019060";2024-11-09;12900;0,152315278025859;552;"jours_decouvert_6m";"revenu_mensuel";"statut_logement";8;0,126416739319965;"Refus"
"P019061";2024-11-10;20600;0,235528918991274;535;"jours_decouvert_6m";"revenu_mensuel";"utilisation_revolving";9;0,268402154398564;"Refus"
"P019062";2024-11-10;9100;0,0613617067274379;581;NA;NA;NA;6;0,0623481781376518;"Accord"
"P019063";2024-11-10;19700;0,14780016049145;552;"jours_decouvert_6m";"revenu_mensuel";"taux_endettement";8;0,126416739319965;"Refus"
"P019064";2024-11-10;2400;0,048852553171871;588;NA;NA;NA;5;0,0514905149051491;"Accord"
"P019065";2024-11-10;16400;0,00911159567980885;637;NA;NA;NA;1;0,00912106135986733;"Accord"
"P019066";2024-11-10;10200;0,193724444671879;543;"jours_decouvert_6m";"revenu_mensuel";"utilisation_revolving";9;0,268402154398564;"Refus"
"P019067";2024-11-10;12100;0,0080760227899909;642;NA;NA;NA;1;0,00912106135986733;"Accord"
"P019068";2024-11-10;6600;0,0532652798499411;584;NA;NA;NA;6;0,0623481781376518;"Accord"
"P019069";2024-11-10;4700;0,0670304592933558;578;NA;NA;NA;6;0,0623481781376518;"Accord"
"P019070";2024-11-10;5900;0,102981129732913;565;NA;NA;NA;7;0,0828970331588133;"Accord"
"P019071";2024-11-10;19100;0,0245928009923353;609;NA;NA;NA;3;0,0298755186721992;"Accord"
"P019072";2024-11-10;21100;0,0363227261030132;596;NA;NA;NA;4;0,0305174701459531;"Accord"
"P019073";2024-11-10;9600;0,234596063566974;537;"jours_decouvert_6m";"revenu_mensuel";"incidents_12m";9;0,268402154398564;"Refus"
"P019074";2024-11-10;10600;0,105091740186575;564;"jours_decouvert_6m";"revenu_mensuel";"statut_logement";7;0,0828970331588133;"Refus"
"P019075";2024-11-10;12700;0,0176870008085955;618;NA;NA;NA;2;0,0177364864864865;"Accord"
"P019076";2024-11-10;4400;0,0550367729049528;584;NA;NA;NA;6;0,0623481781376518;"Accord"
"P019077";2024-11-11;2500;0,0426017036341585;591;NA;NA;NA;5;0,0514905149051491;"Accord"
"P019078";2024-11-11;6500;0,00715723856706252;644;NA;NA;NA;1;0,00912106135986733;"Accord"
"P019079";2024-11-11;13800;0,0461397149670486;590;NA;NA;NA;5;0,0514905149051491;"Accord"
"P019080";2024-11-11;7000;0,00695826450234053;644;NA;NA;NA;1;0,00912106135986733;"Accord"
"P019081";2024-11-11;19000;0,0833891162321967;572;NA;NA;NA;7;0,0828970331588133;"Accord"
"P019082";2024-11-11;7500;0,0409145371475361;593;NA;NA;NA;4;0,0305174701459531;"Accord"
"P019083";2024-11-11;31200;0,3214056247624;523;"jours_decouvert_6m";"revenu_mensuel";"utilisation_revolving";9;0,268402154398564;"Refus"
"P019084";2024-11-11;7000;0,160691978871719;550;"revenu_mensuel";"taux_endettement";"statut_logement";8;0,126416739319965;"Refus"
"P019085";2024-11-11;6400;0,185323918429456;544;"jours_decouvert_6m";"revenu_mensuel";"utilisation_revolving";9;0,268402154398564;"Refus"
"P019086";2024-11-11;4600;0,206701513555059;541;"jours_decouvert_6m";"revenu_mensuel";"utilisation_revolving";9;0,268402154398564;"Refus"
"P019087";2024-11-11;4300;0,0284799509632706;605;NA;NA;NA;4;0,0305174701459531;"Accord"
"P019088";2024-11-11;2400;0,025590721012068;608;NA;NA;NA;3;0,0298755186721992;"Accord"
"P019089";2024-11-11;5100;0,0527508087592528;586;NA;NA;NA;5;0,0514905149051491;"Accord"
"P019090";2024-11-12;4800;0,0395711609118466;594;NA;NA;NA;4;0,0305174701459531;"Accord"
"P019091";2024-11-12;9100;0,0191637116054078;616;NA;NA;NA;3;0,0298755186721992;"Accord"
"P019092";2024-11-12;7400;0,0359357637138782;598;NA;NA;NA;4;0,0305174701459531;"Accord"
"P019093";2024-11-12;4300;0,0192111958068577;616;NA;NA;NA;3;0,0298755186721992;"Accord"
"P019094";2024-11-12;13500;0,0344347372282331;597;NA;NA;NA;4;0,0305174701459531;"Accord"
"P019095";2024-11-12;5300;0,0563788957490724;583;NA;NA;NA;6;0,0623481781376518;"Accord"
"P019096";2024-11-12;7700;0,00394672471190923;662;NA;NA;NA;1;0,00912106135986733;"Accord"
"P019097";2024-11-12;2600;0,172580189637132;547;"jours_decouvert_6m";"revenu_mensuel";"utilisation_revolving";9;0,268402154398564;"Refus"
"P019098";2024-11-12;3600;0,0257283309389108;607;NA;NA;NA;4;0,0305174701459531;"Accord"
"P019099";2024-11-12;5800;0,382256217269195;516;"jours_decouvert_6m";"revenu_mensuel";"utilisation_revolving";9;0,268402154398564;"Refus"
"P019100";2024-11-12;12700;0,229924316372158;537;"jours_decouvert_6m";"revenu_mensuel";"statut_logement";9;0,268402154398564;"Refus"
"P019101";2024-11-12;6200;0,167308868585976;549;"jours_decouvert_6m";"revenu_mensuel";"statut_logement";8;0,126416739319965;"Refus"
"P019102";2024-11-12;6800;0,0229422641675633;611;NA;NA;NA;3;0,0298755186721992;"Accord"
"P019103";2024-11-12;3800;0,0203926567685296;614;NA;NA;NA;3;0,0298755186721992;"Accord"
"P019104";2024-11-12;5900;0,0339402828904235;598;NA;NA;NA;4;0,0305174701459531;"Accord"
"P019105";2024-11-12;3600;0,0616318747614508;581;NA;NA;NA;6;0,0623481781376518;"Accord"
"P019106";2024-11-12;3700;0,116911405322735;560;"jours_decouvert_6m";"revenu_mensuel";"taux_endettement";8;0,126416739319965;"Refus"
"P019107";2024-11-13;7100;0,0401957205274184;594;NA;NA;NA;4;0,0305174701459531;"Accord"
"P019108";2024-11-13;5900;0,006383749974702;648;NA;NA;NA;1;0,00912106135986733;"Accord"
"P019109";2024-11-13;5100;0,0703031670503669;577;NA;NA;NA;6;0,0623481781376518;"Accord"
"P019110";2024-11-13;4600;0,100317024660955;565;NA;NA;NA;7;0,0828970331588133;"Accord"
"P019111";2024-11-13;6100;0,0116408433014594;631;NA;NA;NA;1;0,00912106135986733;"Accord"
"P019112";2024-11-13;4400;0,237304753175369;536;"jours_decouvert_6m";"revenu_mensuel";"incidents_12m";9;0,268402154398564;"Refus"
"P019113";2024-11-13;37600;0,00965364248762282;636;NA;NA;NA;1;0,00912106135986733;"Accord"
"P019114";2024-11-13;24500;0,0262586345216478;606;NA;NA;NA;4;0,0305174701459531;"Accord"
"P019115";2024-11-13;9200;0,397728415413024;514;"jours_decouvert_6m";"revenu_mensuel";"utilisation_revolving";9;0,268402154398564;"Refus"
"P019116";2024-11-13;9600;0,0210766812915133;612;NA;NA;NA;3;0,0298755186721992;"Accord"
"P019117";2024-11-13;3600;0,0760547186547897;575;NA;NA;NA;6;0,0623481781376518;"Accord"
"P019118";2024-11-13;4700;0,132199215707117;557;"jours_decouvert_6m";"revenu_mensuel";"statut_logement";8;0,126416739319965;"Refus"
"P019119";2024-11-13;7100;0,0443863573047485;591;NA;NA;NA;5;0,0514905149051491;"Accord"
"P019120";2024-11-13;1100;0,041506260238282;593;NA;NA;NA;4;0,0305174701459531;"Accord"
"P019121";2024-11-13;8400;0,0732773367553029;575;NA;NA;NA;6;0,0623481781376518;"Accord"
"P019122";2024-11-13;7100;0,00692934558441083;645;NA;NA;NA;1;0,00912106135986733;"Accord"
"P019123";2024-11-13;16000;0,0825960277269267;572;NA;NA;NA;7;0,0828970331588133;"Accord"
"P019124";2024-11-13;3300;0,0234683052118159;609;NA;NA;NA;3;0,0298755186721992;"Accord"
"P019125";2024-11-14;43500;0,00582432292620636;651;NA;NA;NA;1;0,00912106135986733;"Accord"
"P019126";2024-11-14;3700;0,0408615604030033;593;NA;NA;NA;4;0,0305174701459531;"Accord"
"P019127";2024-11-14;10400;0,026526865236914;606;NA;NA;NA;4;0,0305174701459531;"Accord"
"P019128";2024-11-14;11800;0,0631327140649016;581;NA;NA;NA;6;0,0623481781376518;"Accord"
"P019129";2024-11-14;7900;0,029348645918003;603;NA;NA;NA;4;0,0305174701459531;"Accord"
"P019130";2024-11-14;10300;0,0690873507541518;578;NA;NA;NA;6;0,0623481781376518;"Accord"
"P019131";2024-11-14;3300;0,0373868026008671;597;NA;NA;NA;4;0,0305174701459531;"Accord"
"P019132";2024-11-14;4500;0,0121334584657413;629;NA;NA;NA;1;0,00912106135986733;"Accord"
"P019133";2024-11-14;21100;0,165136415562859;549;"jours_decouvert_6m";"utilisation_revolving";"revenu_mensuel";8;0,126416739319965;"Refus"
"P019134";2024-11-14;5400;0,0946074740358325;566;NA;NA;NA;7;0,0828970331588133;"Accord"
"P019135";2024-11-14;1700;0,0239495267675903;609;NA;NA;NA;3;0,0298755186721992;"Accord"
"P019136";2024-11-14;16000;0,039444431123838;594;NA;NA;NA;4;0,0305174701459531;"Accord"
"P019137";2024-11-14;5500;0,0415731030786033;592;NA;NA;NA;5;0,0514905149051491;"Accord"
"P019138";2024-11-14;9600;0,0508631987785619;586;NA;NA;NA;5;0,0514905149051491;"Accord"
"P019139";2024-11-14;3200;0,0127306298798385;628;NA;NA;NA;2;0,0177364864864865;"Accord"
"P019140";2024-11-15;4800;0,0150435077914404;623;NA;NA;NA;2;0,0177364864864865;"Accord"
"P019141";2024-11-15;12100;0,146252514514456;554;"jours_decouvert_6m";"revenu_mensuel";"taux_endettement";8;0,126416739319965;"Refus"
"P019142";2024-11-15;1800;0,0082843878905484;639;NA;NA;NA;1;0,00912106135986733;"Accord"
"P019143";2024-11-15;3700;0,297757188433574;528;"jours_decouvert_6m";"revenu_mensuel";"statut_logement";9;0,268402154398564;"Refus"
"P019144";2024-11-15;4400;0,143149422551923;554;"jours_decouvert_6m";"revenu_mensuel";"statut_logement";8;0,126416739319965;"Refus"
"P019145";2024-11-15;6100;0,222586501745296;538;"jours_decouvert_6m";"revenu_mensuel";"utilisation_revolving";9;0,268402154398564;"Refus"
"P019146";2024-11-15;12800;0,0341826796313927;599;NA;NA;NA;4;0,0305174701459531;"Accord"
"P019147";2024-11-15;10600;0,340713149777512;522;"jours_decouvert_6m";"revenu_mensuel";"taux_endettement";9;0,268402154398564;"Refus"
"P019148";2024-11-15;10600;0,154627968530653;551;"jours_decouvert_6m";"revenu_mensuel";"statut_logement";8;0,126416739319965;"Refus"
"P019149";2024-11-15;19100;0,0934661463803573;568;NA;NA;NA;7;0,0828970331588133;"Accord"
"P019150";2024-11-15;8300;0,0283629415027428;605;NA;NA;NA;4;0,0305174701459531;"Accord"
"P019151";2024-11-15;6500;0,0258341488088498;607;NA;NA;NA;4;0,0305174701459531;"Accord"
"P019152";2024-11-15;10200;0,151590081829386;552;"jours_decouvert_6m";"revenu_mensuel";"statut_logement";8;0,126416739319965;"Refus"
"P019153";2024-11-15;5000;0,368939552762112;517;"revenu_mensuel";"jours_decouvert_6m";"utilisation_revolving";9;0,268402154398564;"Refus"
"P019154";2024-11-15;9300;0,0171789329749391;619;NA;NA;NA;2;0,0177364864864865;"Accord"
"P019155";2024-11-15;5800;0,093897536397644;569;NA;NA;NA;7;0,0828970331588133;"Accord"
"P019156";2024-11-15;6800;0,0457195232164583;590;NA;NA;NA;5;0,0514905149051491;"Accord"
"P019157";2024-11-15;8600;0,0542812314757983;584;NA;NA;NA;6;0,0623481781376518;"Accord"
"P019158";2024-11-15;13800;0,0371006155935606;596;NA;NA;NA;4;0,0305174701459531;"Accord"
"P019159";2024-11-15;29500;0,155214196040369;551;"jours_decouvert_6m";"revenu_mensuel";"statut_logement";8;0,126416739319965;"Refus"
"P019160";2024-11-15;6600;0,00308127031528322;669;NA;NA;NA;1;0,00912106135986733;"Accord"
"P019161";2024-11-15;5800;0,079277121844346;574;NA;NA;NA;7;0,0828970331588133;"Accord"
"P019162";2024-11-15;8300;0,0525555451923952;585;NA;NA;NA;5;0,0514905149051491;"Accord"
"P019163";2024-11-15;14900;0,0244448877778875;608;NA;NA;NA;3;0,0298755186721992;"Accord"
"P019164";2024-11-15;17000;0,0696651131293565;577;NA;NA;NA;6;0,0623481781376518;"Accord"
"P019165";2024-11-15;3700;0,0137822282678125;624;NA;NA;NA;2;0,0177364864864865;"Accord"
"P019166";2024-11-15;5400;0,0431480369455295;592;NA;NA;NA;5;0,0514905149051491;"Accord"
"P019167";2024-11-16;4800;0,451100184110759;508;"jours_decouvert_6m";"revenu_mensuel";"taux_endettement";9;0,268402154398564;"Refus"
"P019168";2024-11-16;7600;0,0222181554076875;612;NA;NA;NA;3;0,0298755186721992;"Accord"
"P019169";2024-11-16;32100;0,0141242841163786;624;NA;NA;NA;2;0,0177364864864865;"Accord"
"P019170";2024-11-16;1300;0,0277885079688668;606;NA;NA;NA;4;0,0305174701459531;"Accord"
"P019171";2024-11-16;5200;0,0282917884008252;603;NA;NA;NA;4;0,0305174701459531;"Accord"
"P019172";2024-11-16;3800;0,0413913662753203;593;NA;NA;NA;4;0,0305174701459531;"Accord"
"P019173";2024-11-16;3800;0,0157800554206373;623;NA;NA;NA;2;0,0177364864864865;"Accord"
"P019174";2024-11-16;10500;0,0533890033521125;585;NA;NA;NA;5;0,0514905149051491;"Accord"
"P019175";2024-11-16;1200;0,00998894980531643;635;NA;NA;NA;1;0,00912106135986733;"Accord"
"P019176";2024-11-16;7900;0,00492106352346182;655;NA;NA;NA;1;0,00912106135986733;"Accord"
"P019177";2024-11-16;11300;0,0236801057892134;611;NA;NA;NA;3;0,0298755186721992;"Accord"
"P019178";2024-11-16;12900;0,029712394526989;603;NA;NA;NA;4;0,0305174701459531;"Accord"
"P019179";2024-11-16;10800;0,104922756772616;565;NA;NA;NA;7;0,0828970331588133;"Accord"
"P019180";2024-11-16;7300;0,111601752143582;561;"jours_decouvert_6m";"revenu_mensuel";"utilisation_revolving";8;0,126416739319965;"Refus"
"P019181";2024-11-16;2800;0,0361614847817177;598;NA;NA;NA;4;0,0305174701459531;"Accord"
"P019182";2024-11-16;14200;0,207872551789202;542;"jours_decouvert_6m";"revenu_mensuel";"taux_endettement";9;0,268402154398564;"Refus"
"P019183";2024-11-16;13800;0,0329242890862309;601;NA;NA;NA;4;0,0305174701459531;"Accord"
"P019184";2024-11-16;5600;0,0183811160426724;617;NA;NA;NA;2;0,0177364864864865;"Accord"
"P019185";2024-11-16;2800;0,00763292042158935;642;NA;NA;NA;1;0,00912106135986733;"Accord"
"P019186";2024-11-16;22200;0,0573986216508807;583;NA;NA;NA;6;0,0623481781376518;"Accord"
"P019187";2024-11-17;3100;0,021230341945919;612;NA;NA;NA;3;0,0298755186721992;"Accord"
"P019188";2024-11-17;17700;0,0289982539307113;603;NA;NA;NA;4;0,0305174701459531;"Accord"
"P019189";2024-11-17;14900;0,0624744682975511;581;NA;NA;NA;6;0,0623481781376518;"Accord"
"P019190";2024-11-17;17900;0,0452824461142506;591;NA;NA;NA;5;0,0514905149051491;"Accord"
"P019191";2024-11-17;12700;0,304843587950001;526;"jours_decouvert_6m";"revenu_mensuel";"taux_endettement";9;0,268402154398564;"Refus"
"P019192";2024-11-17;5400;0,106568377618028;563;"jours_decouvert_6m";"revenu_mensuel";"statut_logement";7;0,0828970331588133;"Refus"
"P019193";2024-11-17;7600;0,104176250067939;563;"jours_decouvert_6m";"revenu_mensuel";"utilisation_revolving";7;0,0828970331588133;"Refus"
"P019194";2024-11-17;5000;0,109869190360156;562;"jours_decouvert_6m";"revenu_mensuel";"statut_logement";8;0,126416739319965;"Refus"
"P019195";2024-11-17;13200;0,0290355868753798;604;NA;NA;NA;4;0,0305174701459531;"Accord"
"P019196";2024-11-17;8300;0,146494923434093;553;"jours_decouvert_6m";"revenu_mensuel";"statut_logement";8;0,126416739319965;"Refus"
"P019197";2024-11-17;5500;0,00805881285379348;642;NA;NA;NA;1;0,00912106135986733;"Accord"
"P019198";2024-11-17;9300;0,174958128469644;547;"jours_decouvert_6m";"revenu_mensuel";"taux_endettement";9;0,268402154398564;"Refus"
"P019199";2024-11-17;14900;0,112469130669754;562;"revenu_mensuel";"jours_decouvert_6m";"utilisation_revolving";8;0,126416739319965;"Refus"
"P019200";2024-11-17;6500;0,120247449522909;559;"jours_decouvert_6m";"revenu_mensuel";"statut_logement";8;0,126416739319965;"Refus"
"P019201";2024-11-18;7900;0,0727537077360178;576;NA;NA;NA;6;0,0623481781376518;"Accord"
"P019202";2024-11-18;15500;0,0418762959935236;592;NA;NA;NA;5;0,0514905149051491;"Accord"
"P019203";2024-11-18;9900;0,0224848179923744;611;NA;NA;NA;3;0,0298755186721992;"Accord"
"P019204";2024-11-18;6600;0,0310340368349637;603;NA;NA;NA;4;0,0305174701459531;"Accord"
"P019205";2024-11-18;14700;0,0506249084467038;587;NA;NA;NA;5;0,0514905149051491;"Accord"
"P019206";2024-11-18;24700;0,0931666134055687;567;NA;NA;NA;7;0,0828970331588133;"Accord"
"P019207";2024-11-18;33600;0,0540605919116714;585;NA;NA;NA;5;0,0514905149051491;"Accord"
"P019208";2024-11-18;7300;0,0208267653390432;614;NA;NA;NA;3;0,0298755186721992;"Accord"
"P019209";2024-11-18;4000;0,0362209573921643;597;NA;NA;NA;4;0,0305174701459531;"Accord"
"P019210";2024-11-18;13700;0,101266212205326;566;NA;NA;NA;7;0,0828970331588133;"Accord"
"P019211";2024-11-18;20400;0,100956505903569;565;NA;NA;NA;7;0,0828970331588133;"Accord"
"P019212";2024-11-18;1200;0,0410017998006548;594;NA;NA;NA;4;0,0305174701459531;"Accord"
"P019213";2024-11-18;5400;0,0236784998818193;609;NA;NA;NA;3;0,0298755186721992;"Accord"
"P019214";2024-11-18;5600;0,0327524909879168;600;NA;NA;NA;4;0,0305174701459531;"Accord"
"P019215";2024-11-18;4500;0,00476269520585777;656;NA;NA;NA;1;0,00912106135986733;"Accord"
"P019216";2024-11-18;8400;0,161913619452092;550;"jours_decouvert_6m";"revenu_mensuel";"statut_logement";8;0,126416739319965;"Refus"
"P019217";2024-11-19;15200;0,267144888055902;531;"jours_decouvert_6m";"revenu_mensuel";"utilisation_revolving";9;0,268402154398564;"Refus"
"P019218";2024-11-19;6300;0,0558416524280921;584;NA;NA;NA;6;0,0623481781376518;"Accord"
"P019219";2024-11-19;6900;0,0418433020933946;593;NA;NA;NA;4;0,0305174701459531;"Accord"
"P019220";2024-11-19;8700;0,0329058020535951;600;NA;NA;NA;4;0,0305174701459531;"Accord"
"P019221";2024-11-19;12700;0,00492106352346182;655;NA;NA;NA;1;0,00912106135986733;"Accord"
"P019222";2024-11-19;7900;0,0238864041488122;609;NA;NA;NA;3;0,0298755186721992;"Accord"
"P019223";2024-11-19;9900;0,0345900881589987;599;NA;NA;NA;4;0,0305174701459531;"Accord"
"P019224";2024-11-19;18500;0,0412846788571236;594;NA;NA;NA;4;0,0305174701459531;"Accord"
"P019225";2024-11-19;6100;0,0182134837423324;617;NA;NA;NA;2;0,0177364864864865;"Accord"
"P019226";2024-11-19;4900;0,0201834984418292;614;NA;NA;NA;3;0,0298755186721992;"Accord"
"P019227";2024-11-19;7500;0,274554503275222;530;"jours_decouvert_6m";"revenu_mensuel";"taux_endettement";9;0,268402154398564;"Refus"
"P019228";2024-11-19;14800;0,00665634166257088;646;NA;NA;NA;1;0,00912106135986733;"Accord"
"P019229";2024-11-19;13200;0,0469247694963013;589;NA;NA;NA;5;0,0514905149051491;"Accord"
"P019230";2024-11-19;7300;0,0626374995822451;579;NA;NA;NA;6;0,0623481781376518;"Accord"
"P019231";2024-11-19;3600;0,00927766870903412;636;NA;NA;NA;1;0,00912106135986733;"Accord"
"P019232";2024-11-19;6500;0,0142234480750597;624;NA;NA;NA;2;0,0177364864864865;"Accord"
"P019233";2024-11-19;17500;0,0844956946480139;571;NA;NA;NA;7;0,0828970331588133;"Accord"
"P019234";2024-11-20;2200;0,0783494743738397;573;NA;NA;NA;7;0,0828970331588133;"Accord"
"P019235";2024-11-20;17100;0,0800569068180765;573;NA;NA;NA;7;0,0828970331588133;"Accord"
"P019236";2024-11-20;7200;0,0309467840334899;601;NA;NA;NA;4;0,0305174701459531;"Accord"
"P019237";2024-11-20;6400;0,0911114040093103;569;NA;NA;NA;7;0,0828970331588133;"Accord"
"P019238";2024-11-20;2800;0,0570291505573523;583;NA;NA;NA;6;0,0623481781376518;"Accord"
"P019239";2024-11-20;12300;0,0829172629245823;572;NA;NA;NA;7;0,0828970331588133;"Accord"
"P019240";2024-11-20;4200;0,0190504117423557;616;NA;NA;NA;3;0,0298755186721992;"Accord"
"P019241";2024-11-20;6300;0,0896706757925011;570;NA;NA;NA;7;0,0828970331588133;"Accord"
"P019242";2024-11-20;3100;0,0366318664315831;596;NA;NA;NA;4;0,0305174701459531;"Accord"
"P019243";2024-11-20;12500;0,0396241781639963;595;NA;NA;NA;4;0,0305174701459531;"Accord"
"P019244";2024-11-20;10200;0,0422446038269786;593;NA;NA;NA;4;0,0305174701459531;"Accord"
"P019245";2024-11-20;7300;0,0164421253111347;621;NA;NA;NA;2;0,0177364864864865;"Accord"
"P019246";2024-11-20;7200;0,0210998398851866;614;NA;NA;NA;3;0,0298755186721992;"Accord"
"P019247";2024-11-20;6200;0,0258754866004759;608;NA;NA;NA;3;0,0298755186721992;"Accord"
"P019248";2024-11-20;30000;0,375464522623973;517;"jours_decouvert_6m";"revenu_mensuel";"taux_endettement";9;0,268402154398564;"Refus"
"P019249";2024-11-20;3400;0,151590081829386;552;"jours_decouvert_6m";"revenu_mensuel";"statut_logement";8;0,126416739319965;"Refus"
"P019250";2024-11-20;10000;0,0268339766687957;606;NA;NA;NA;4;0,0305174701459531;"Accord"
"P019251";2024-11-20;2100;0,239085312824322;536;"jours_decouvert_6m";"revenu_mensuel";"utilisation_revolving";9;0,268402154398564;"Refus"
"P019252";2024-11-20;16200;0,0187960385164959;616;NA;NA;NA;3;0,0298755186721992;"Accord"
"P019253";2024-11-21;11500;0,00798361897057046;641;NA;NA;NA;1;0,00912106135986733;"Accord"
"P019254";2024-11-21;7700;0,0104322497244484;634;NA;NA;NA;1;0,00912106135986733;"Accord"
"P019255";2024-11-21;9500;0,0350645211482456;598;NA;NA;NA;4;0,0305174701459531;"Accord"
"P019256";2024-11-21;10700;0,116460441182788;561;"revenu_mensuel";"jours_decouvert_6m";"taux_endettement";8;0,126416739319965;"Refus"
"P019257";2024-11-21;4800;0,072636782516777;575;NA;NA;NA;6;0,0623481781376518;"Accord"
"P019258";2024-11-21;4300;0,0755004904764487;573;NA;NA;NA;7;0,0828970331588133;"Accord"
"P019259";2024-11-21;9100;0,451596857414026;508;"jours_decouvert_6m";"revenu_mensuel";"utilisation_revolving";9;0,268402154398564;"Refus"
"P019260";2024-11-21;10400;0,119814023595799;561;"jours_decouvert_6m";"taux_endettement";"statut_logement";8;0,126416739319965;"Refus"
"P019261";2024-11-21;4600;0,0351829269811345;597;NA;NA;NA;4;0,0305174701459531;"Accord"
"P019262";2024-11-21;7300;0,0162849631354902;621;NA;NA;NA;2;0,0177364864864865;"Accord"
"P019263";2024-11-21;13900;0,0150367944720139;624;NA;NA;NA;2;0,0177364864864865;"Accord"
"P019264";2024-11-22;9900;0,0270839119080445;605;NA;NA;NA;4;0,0305174701459531;"Accord"
"P019265";2024-11-22;9300;0,198285123333705;543;"jours_decouvert_6m";"revenu_mensuel";"taux_endettement";9;0,268402154398564;"Refus"
"P019266";2024-11-22;3400;0,0217224736823413;613;NA;NA;NA;3;0,0298755186721992;"Accord"
"P019267";2024-11-22;65900;0,353556653851349;520;"jours_decouvert_6m";"revenu_mensuel";"taux_endettement";9;0,268402154398564;"Refus"
"P019268";2024-11-22;6800;0,0179788304981151;618;NA;NA;NA;2;0,0177364864864865;"Accord"
"P019269";2024-11-22;4100;0,178859482709788;547;"jours_decouvert_6m";"revenu_mensuel";"taux_endettement";9;0,268402154398564;"Refus"
"P019270";2024-11-22;17100;0,0710604969149934;577;NA;NA;NA;6;0,0623481781376518;"Accord"
"P019271";2024-11-22;3700;0,109072985697312;563;"jours_decouvert_6m";"revenu_mensuel";"utilisation_revolving";7;0,0828970331588133;"Refus"
"P019272";2024-11-22;12500;0,361757416938301;519;"jours_decouvert_6m";"revenu_mensuel";"taux_endettement";9;0,268402154398564;"Refus"
"P019273";2024-11-22;15100;0,181256156662985;546;"jours_decouvert_6m";"utilisation_revolving";"statut_logement";9;0,268402154398564;"Refus"
"P019274";2024-11-22;6400;0,0125448695667136;628;NA;NA;NA;2;0,0177364864864865;"Accord"
"P019275";2024-11-22;13000;0,0713384615199445;576;NA;NA;NA;6;0,0623481781376518;"Accord"
"P019276";2024-11-22;14900;0,209969647515459;541;"jours_decouvert_6m";"revenu_mensuel";"taux_endettement";9;0,268402154398564;"Refus"
"P019277";2024-11-22;2800;0,00966898401463578;636;NA;NA;NA;1;0,00912106135986733;"Accord"
"P019278";2024-11-22;7100;0,0350252359476433;598;NA;NA;NA;4;0,0305174701459531;"Accord"
"P019279";2024-11-22;15600;0,18600091571542;544;"jours_decouvert_6m";"revenu_mensuel";"utilisation_revolving";9;0,268402154398564;"Refus"
"P019280";2024-11-22;4000;0,0998958648028895;566;NA;NA;NA;7;0,0828970331588133;"Accord"
"P019281";2024-11-22;1400;0,0161508720677209;621;NA;NA;NA;2;0,0177364864864865;"Accord"
"P019282";2024-11-22;4700;0,0146922795087455;624;NA;NA;NA;2;0,0177364864864865;"Accord"
"P019283";2024-11-22;8900;0,0193558260829922;615;NA;NA;NA;3;0,0298755186721992;"Accord"
"P019284";2024-11-23;8000;0,0107559956094358;633;NA;NA;NA;1;0,00912106135986733;"Accord"
"P019285";2024-11-23;6000;0,00724523709363889;643;NA;NA;NA;1;0,00912106135986733;"Accord"
"P019286";2024-11-23;4200;0,301920397273141;527;"jours_decouvert_6m";"revenu_mensuel";"statut_logement";9;0,268402154398564;"Refus"
"P019287";2024-11-23;27600;0,0422446038269786;593;NA;NA;NA;4;0,0305174701459531;"Accord"
"P019288";2024-11-23;9800;0,0287804976689596;604;NA;NA;NA;4;0,0305174701459531;"Accord"
"P019289";2024-11-23;8700;0,0255914243415121;607;NA;NA;NA;4;0,0305174701459531;"Accord"
"P019290";2024-11-23;3800;0,15514732191382;551;"jours_decouvert_6m";"revenu_mensuel";"statut_logement";8;0,126416739319965;"Refus"
"P019291";2024-11-23;9900;0,0166654434088553;620;NA;NA;NA;2;0,0177364864864865;"Accord"
"P019292";2024-11-23;8900;0,0675184550410696;578;NA;NA;NA;6;0,0623481781376518;"Accord"
"P019293";2024-11-23;9500;0,0159324318246526;622;NA;NA;NA;2;0,0177364864864865;"Accord"
"P019294";2024-11-23;29600;0,0195064185675067;615;NA;NA;NA;3;0,0298755186721992;"Accord"
"P019295";2024-11-23;12200;0,0141843303688265;625;NA;NA;NA;2;0,0177364864864865;"Accord"
"P019296";2024-11-23;11900;0,00728781363163655;644;NA;NA;NA;1;0,00912106135986733;"Accord"
"P019297";2024-11-23;7100;0,011431627990511;630;NA;NA;NA;1;0,00912106135986733;"Accord"
"P019298";2024-11-23;42200;0,0466990991110189;590;NA;NA;NA;5;0,0514905149051491;"Accord"
"P019299";2024-11-23;5800;0,312494684048737;525;"jours_decouvert_6m";"revenu_mensuel";"statut_logement";9;0,268402154398564;"Refus"
"P019300";2024-11-23;12800;0,0369547642109146;596;NA;NA;NA;4;0,0305174701459531;"Accord"
"P019301";2024-11-23;28400;0,14512717383972;552;"jours_decouvert_6m";"revenu_mensuel";"utilisation_revolving";8;0,126416739319965;"Refus"
"P019302";2024-11-23;3900;0,0287688694894987;605;NA;NA;NA;4;0,0305174701459531;"Accord"
"P019303";2024-11-23;5100;0,00879142440431585;639;NA;NA;NA;1;0,00912106135986733;"Accord"
"P019304";2024-11-23;2200;0,0804088527435709;572;NA;NA;NA;7;0,0828970331588133;"Accord"
"P019305";2024-11-23;16000;0,041057719573083;592;NA;NA;NA;5;0,0514905149051491;"Accord"
"P019306";2024-11-23;13400;0,0168735622008112;619;NA;NA;NA;2;0,0177364864864865;"Accord"
"P019307";2024-11-23;6300;0,167308868585976;549;"jours_decouvert_6m";"revenu_mensuel";"statut_logement";8;0,126416739319965;"Refus"
"P019308";2024-11-23;1800;0,141003672778265;554;"revenu_mensuel";"jours_decouvert_6m";"statut_logement";8;0,126416739319965;"Refus"
"P019309";2024-11-23;3300;0,0190335040149789;615;NA;NA;NA;3;0,0298755186721992;"Accord"
"P019310";2024-11-24;9900;0,0833054653205281;571;NA;NA;NA;7;0,0828970331588133;"Accord"
"P019311";2024-11-24;3200;0,156808873769414;552;"jours_decouvert_6m";"revenu_mensuel";"incidents_12m";8;0,126416739319965;"Refus"
"P019312";2024-11-24;13500;0,019731749266833;615;NA;NA;NA;3;0,0298755186721992;"Accord"
"P019313";2024-11-24;35300;0,218702863456593;538;"jours_decouvert_6m";"revenu_mensuel";"utilisation_revolving";9;0,268402154398564;"Refus"
"P019314";2024-11-24;9000;0,0592792608535913;582;NA;NA;NA;6;0,0623481781376518;"Accord"
"P019315";2024-11-24;5100;0,0235267561780161;609;NA;NA;NA;3;0,0298755186721992;"Accord"
"P019316";2024-11-24;30800;0,0174662538926468;617;NA;NA;NA;2;0,0177364864864865;"Accord"
"P019317";2024-11-24;12500;0,0237233199292862;610;NA;NA;NA;3;0,0298755186721992;"Accord"
"P019318";2024-11-24;10700;0,121486289251799;559;"revenu_mensuel";"jours_decouvert_6m";"incidents_12m";8;0,126416739319965;"Refus"
"P019319";2024-11-24;15300;0,445930359181393;509;"jours_decouvert_6m";"revenu_mensuel";"taux_endettement";9;0,268402154398564;"Refus"
"P019320";2024-11-25;33100;0,0108012895560588;633;NA;NA;NA;1;0,00912106135986733;"Accord"
"P019321";2024-11-25;5700;0,133403594465685;557;"jours_decouvert_6m";"revenu_mensuel";"utilisation_revolving";8;0,126416739319965;"Refus"
"P019322";2024-11-25;10800;0,0102735453837271;633;NA;NA;NA;1;0,00912106135986733;"Accord"
"P019323";2024-11-25;3300;0,153933175796975;552;"revenu_mensuel";"jours_decouvert_6m";"statut_logement";8;0,126416739319965;"Refus"
"P019324";2024-11-25;5800;0,0173823257148312;618;NA;NA;NA;2;0,0177364864864865;"Accord"
"P019325";2024-11-25;7300;0,0212525064614259;614;NA;NA;NA;3;0,0298755186721992;"Accord"
"P019326";2024-11-25;6100;0,234596063566974;537;"jours_decouvert_6m";"revenu_mensuel";"incidents_12m";9;0,268402154398564;"Refus"
"P019327";2024-11-25;4700;0,0540659141738875;585;NA;NA;NA;5;0,0514905149051491;"Accord"
"P019328";2024-11-25;24100;0,0592482380052778;582;NA;NA;NA;6;0,0623481781376518;"Accord"
"P019329";2024-11-25;11400;0,0332899147511794;599;NA;NA;NA;4;0,0305174701459531;"Accord"
"P019330";2024-11-25;26300;0,00956833282214199;637;NA;NA;NA;1;0,00912106135986733;"Accord"
"P019331";2024-11-25;15200;0,244684006033335;535;"jours_decouvert_6m";"revenu_mensuel";"statut_logement";9;0,268402154398564;"Refus"
"P019332";2024-11-25;3400;0,0967263127905802;567;NA;NA;NA;7;0,0828970331588133;"Accord"
"P019333";2024-11-25;10400;0,0206459388516061;614;NA;NA;NA;3;0,0298755186721992;"Accord"
"P019334";2024-11-25;5400;0,0227771824984181;610;NA;NA;NA;3;0,0298755186721992;"Accord"
"P019335";2024-11-25;12400;0,100511440194432;565;NA;NA;NA;7;0,0828970331588133;"Accord"
"P019336";2024-11-25;6700;0,0162041764546128;622;NA;NA;NA;2;0,0177364864864865;"Accord"
"P019337";2024-11-25;1900;0,0527427861595827;585;NA;NA;NA;5;0,0514905149051491;"Accord"
"P019338";2024-11-25;19700;0,0101760965009733;634;NA;NA;NA;1;0,00912106135986733;"Accord"
"P019339";2024-11-25;6300;0,0551752494872461;585;NA;NA;NA;5;0,0514905149051491;"Accord"
"P019340";2024-11-25;9300;0,0852754352975423;571;NA;NA;NA;7;0,0828970331588133;"Accord"
"P019341";2024-11-26;6600;0,0597631581936984;582;NA;NA;NA;6;0,0623481781376518;"Accord"
"P019342";2024-11-26;2600;0,0545934418166228;583;NA;NA;NA;6;0,0623481781376518;"Accord"
"P019343";2024-11-26;4100;0,00644697168048866;649;NA;NA;NA;1;0,00912106135986733;"Accord"
"P019344";2024-11-26;7200;0,0864209864488605;569;NA;NA;NA;7;0,0828970331588133;"Accord"
"P019345";2024-11-26;25100;0,0754618824169767;575;NA;NA;NA;6;0,0623481781376518;"Accord"
"P019346";2024-11-26;9000;0,0615729235718163;581;NA;NA;NA;6;0,0623481781376518;"Accord"
"P019347";2024-11-26;2000;0,033887593009521;599;NA;NA;NA;4;0,0305174701459531;"Accord"
"P019348";2024-11-26;24500;0,0524887280971137;585;NA;NA;NA;5;0,0514905149051491;"Accord"
"P019349";2024-11-26;1800;0,0314470754816573;602;NA;NA;NA;4;0,0305174701459531;"Accord"
"P019350";2024-11-26;4600;0,0871766290992036;570;NA;NA;NA;7;0,0828970331588133;"Accord"
"P019351";2024-11-26;12100;0,0227100820605542;611;NA;NA;NA;3;0,0298755186721992;"Accord"
"P019352";2024-11-26;1000;0,0352673295230341;598;NA;NA;NA;4;0,0305174701459531;"Accord"
"P019353";2024-11-26;17200;0,0592240147694541;582;NA;NA;NA;6;0,0623481781376518;"Accord"
"P019354";2024-11-26;24600;0,0707793607801675;577;NA;NA;NA;6;0,0623481781376518;"Accord"
"P019355";2024-11-26;7900;0,0275166686319916;604;NA;NA;NA;4;0,0305174701459531;"Accord"
"P019356";2024-11-26;10200;0,0113076378717227;633;NA;NA;NA;1;0,00912106135986733;"Accord"
"P019357";2024-11-26;3900;0,0301484449299556;602;NA;NA;NA;4;0,0305174701459531;"Accord"
"P019358";2024-11-26;10100;0,0585817684555553;582;NA;NA;NA;6;0,0623481781376518;"Accord"
"P019359";2024-11-26;16100;0,217464676287277;539;"jours_decouvert_6m";"revenu_mensuel";"incidents_12m";9;0,268402154398564;"Refus"
"P019360";2024-11-26;24400;0,0405350879047007;594;NA;NA;NA;4;0,0305174701459531;"Accord"
"P019361";2024-11-26;4300;0,0538308404193184;586;NA;NA;NA;5;0,0514905149051491;"Accord"
"P019362";2024-11-27;8100;0,0245364987612006;609;NA;NA;NA;3;0,0298755186721992;"Accord"
"P019363";2024-11-27;8000;0,0140471039002872;626;NA;NA;NA;2;0,0177364864864865;"Accord"
"P019364";2024-11-27;36500;0,144919663226356;553;"jours_decouvert_6m";"revenu_mensuel";"taux_endettement";8;0,126416739319965;"Refus"
"P019365";2024-11-27;9300;0,0140415301679815;625;NA;NA;NA;2;0,0177364864864865;"Accord"
"P019366";2024-11-27;8500;0,144141982644486;554;"jours_decouvert_6m";"utilisation_revolving";"revenu_mensuel";8;0,126416739319965;"Refus"
"P019367";2024-11-27;1500;0,00364282775205832;665;NA;NA;NA;1;0,00912106135986733;"Accord"
"P019368";2024-11-27;9100;0,0881840405144817;569;NA;NA;NA;7;0,0828970331588133;"Accord"
"P019369";2024-11-27;2800;0,239085312824322;536;"jours_decouvert_6m";"revenu_mensuel";"utilisation_revolving";9;0,268402154398564;"Refus"
"P019370";2024-11-27;12300;0,0221811046262867;612;NA;NA;NA;3;0,0298755186721992;"Accord"
"P019371";2024-11-27;3700;0,142422696333331;554;"revenu_mensuel";"jours_decouvert_6m";"statut_logement";8;0,126416739319965;"Refus"
"P019372";2024-11-27;12000;0,0490552940366287;588;NA;NA;NA;5;0,0514905149051491;"Accord"
"P019373";2024-11-27;30000;0,0783864571933068;574;NA;NA;NA;7;0,0828970331588133;"Accord"
"P019374";2024-11-27;18100;0,195732147305448;543;"jours_decouvert_6m";"revenu_mensuel";"taux_endettement";9;0,268402154398564;"Refus"
"P019375";2024-11-27;6500;0,0486911179121966;589;NA;NA;NA;5;0,0514905149051491;"Accord"
"P019376";2024-11-27;1400;0,00726239063788663;643;NA;NA;NA;1;0,00912106135986733;"Accord"
"P019377";2024-11-27;5500;0,0191493679586311;615;NA;NA;NA;3;0,0298755186721992;"Accord"
"P019378";2024-11-27;3100;0,00804892861901864;641;NA;NA;NA;1;0,00912106135986733;"Accord"
"P019379";2024-11-28;11700;0,0214103502551728;613;NA;NA;NA;3;0,0298755186721992;"Accord"
"P019380";2024-11-28;12100;0,00625882815730604;648;NA;NA;NA;1;0,00912106135986733;"Accord"
"P019381";2024-11-28;8200;0,0217841909036694;613;NA;NA;NA;3;0,0298755186721992;"Accord"
"P019382";2024-11-28;7700;0,0764953021268244;573;NA;NA;NA;7;0,0828970331588133;"Accord"
"P019383";2024-11-28;3800;0,0374378124169485;595;NA;NA;NA;4;0,0305174701459531;"Accord"
"P019384";2024-11-28;5100;0,0562573730536284;584;NA;NA;NA;6;0,0623481781376518;"Accord"
"P019385";2024-11-28;5800;0,0141095097996183;626;NA;NA;NA;2;0,0177364864864865;"Accord"
"P019386";2024-11-28;24800;0,00975053694430912;635;NA;NA;NA;1;0,00912106135986733;"Accord"
"P019387";2024-11-28;21100;0,0434479431692284;592;NA;NA;NA;5;0,0514905149051491;"Accord"
"P019388";2024-11-28;15400;0,215973790841587;539;"jours_decouvert_6m";"revenu_mensuel";"taux_endettement";9;0,268402154398564;"Refus"
"P019389";2024-11-28;39300;0,118636368355433;560;"revenu_mensuel";"taux_endettement";"jours_decouvert_6m";8;0,126416739319965;"Refus"
"P019390";2024-11-28;33000;0,202910759741409;542;"jours_decouvert_6m";"revenu_mensuel";"taux_endettement";9;0,268402154398564;"Refus"
"P019391";2024-11-28;6500;0,0155595301367555;622;NA;NA;NA;2;0,0177364864864865;"Accord"
"P019392";2024-11-28;4400;0,158096222892343;550;"jours_decouvert_6m";"revenu_mensuel";"taux_endettement";8;0,126416739319965;"Refus"
"P019393";2024-11-28;11500;0,257159412162055;532;"revenu_mensuel";"jours_decouvert_6m";"utilisation_revolving";9;0,268402154398564;"Refus"
"P019394";2024-11-28;5800;0,0178806151526427;618;NA;NA;NA;2;0,0177364864864865;"Accord"
"P019395";2024-11-29;12500;0,0306918464033916;602;NA;NA;NA;4;0,0305174701459531;"Accord"
"P019396";2024-11-29;3000;0,0157232723169852;622;NA;NA;NA;2;0,0177364864864865;"Accord"
"P019397";2024-11-29;6200;0,024807503981773;607;NA;NA;NA;4;0,0305174701459531;"Accord"
"P019398";2024-11-29;4200;0,0623396205811551;581;NA;NA;NA;6;0,0623481781376518;"Accord"
"P019399";2024-11-29;2600;0,0131323511105619;627;NA;NA;NA;2;0,0177364864864865;"Accord"
"P019400";2024-11-29;15400;0,0402488588242588;593;NA;NA;NA;4;0,0305174701459531;"Accord"
"P019401";2024-11-29;8400;0,0710604969149934;577;NA;NA;NA;6;0,0623481781376518;"Accord"
"P019402";2024-11-29;8200;0,0127428744895809;627;NA;NA;NA;2;0,0177364864864865;"Accord"
"P019403";2024-11-29;4300;0,0538691111423919;584;NA;NA;NA;6;0,0623481781376518;"Accord"
"P019404";2024-11-29;8700;0,141534805343085;554;"jours_decouvert_6m";"utilisation_revolving";"revenu_mensuel";8;0,126416739319965;"Refus"
"P019405";2024-11-29;17900;0,221077473911514;540;"jours_decouvert_6m";"revenu_mensuel";"taux_endettement";9;0,268402154398564;"Refus"
"P019406";2024-11-29;3400;0,0516346779733279;586;NA;NA;NA;5;0,0514905149051491;"Accord"
"P019407";2024-11-29;19200;0,0398257772468805;594;NA;NA;NA;4;0,0305174701459531;"Accord"
"P019408";2024-11-29;15500;0,0459864150547871;590;NA;NA;NA;5;0,0514905149051491;"Accord"
"P019409";2024-11-29;2200;0,401455164294595;513;"jours_decouvert_6m";"revenu_mensuel";"utilisation_revolving";9;0,268402154398564;"Refus"
"P019410";2024-11-29;3700;0,167308868585976;549;"jours_decouvert_6m";"revenu_mensuel";"statut_logement";8;0,126416739319965;"Refus"
"P019411";2024-11-29;5800;0,037207774483032;595;NA;NA;NA;4;0,0305174701459531;"Accord"
"P019412";2024-11-29;8500;0,00682540937533603;645;NA;NA;NA;1;0,00912106135986733;"Accord"
"P019413";2024-11-29;25900;0,0368402518844948;596;NA;NA;NA;4;0,0305174701459531;"Accord"
"P019414";2024-11-29;5900;0,0344723591619671;599;NA;NA;NA;4;0,0305174701459531;"Accord"
"P019415";2024-11-29;12600;0,0260154609895664;606;NA;NA;NA;4;0,0305174701459531;"Accord"
"P019416";2024-11-29;6000;0,0328262379999587;601;NA;NA;NA;4;0,0305174701459531;"Accord"
"P019417";2024-11-29;14000;0,0976486020108108;566;NA;NA;NA;7;0,0828970331588133;"Accord"
"P019418";2024-11-29;2500;0,0241459931137818;607;NA;NA;NA;4;0,0305174701459531;"Accord"
"P019419";2024-11-30;19500;0,0307149098577337;602;NA;NA;NA;4;0,0305174701459531;"Accord"
"P019420";2024-11-30;11300;0,0354408829293297;597;NA;NA;NA;4;0,0305174701459531;"Accord"
"P019421";2024-11-30;6800;0,0131345901305332;626;NA;NA;NA;2;0,0177364864864865;"Accord"
"P019422";2024-11-30;8800;0,0817301725451291;571;NA;NA;NA;7;0,0828970331588133;"Accord"
"P019423";2024-11-30;8100;0,123160805836759;559;"jours_decouvert_6m";"revenu_mensuel";"taux_endettement";8;0,126416739319965;"Refus"
"P019424";2024-11-30;9900;0,0691206043474818;578;NA;NA;NA;6;0,0623481781376518;"Accord"
"P019425";2024-11-30;17400;0,00673160388755155;646;NA;NA;NA;1;0,00912106135986733;"Accord"
"P019426";2024-11-30;6300;0,130526524755164;557;"revenu_mensuel";"taux_endettement";"statut_logement";8;0,126416739319965;"Refus"
"P019427";2024-11-30;7600;0,065556719156274;579;NA;NA;NA;6;0,0623481781376518;"Accord"
"P019428";2024-11-30;19200;0,0416002538563593;594;NA;NA;NA;4;0,0305174701459531;"Accord"
"P019429";2024-11-30;9600;0,0275806380575406;605;NA;NA;NA;4;0,0305174701459531;"Accord"
"P019430";2024-11-30;9100;0,00768707106999571;642;NA;NA;NA;1;0,00912106135986733;"Accord"
"P019431";2024-11-30;8100;0,0710511824195709;576;NA;NA;NA;6;0,0623481781376518;"Accord"
"P019432";2024-11-30;7300;0,0289009029426508;604;NA;NA;NA;4;0,0305174701459531;"Accord"
"P019433";2024-11-30;5500;0,0131197312654271;626;NA;NA;NA;2;0,0177364864864865;"Accord"
"P019434";2024-11-30;13200;0,0834747439080144;572;NA;NA;NA;7;0,0828970331588133;"Accord"
"P019435";2024-11-30;4200;0,0705669397968641;577;NA;NA;NA;6;0,0623481781376518;"Accord"
"P019436";2024-11-30;13200;0,0148919389670961;624;NA;NA;NA;2;0,0177364864864865;"Accord"
"P019437";2024-11-30;7000;0,0280475138876601;605;NA;NA;NA;4;0,0305174701459531;"Accord"
"P019438";2024-11-30;8100;0,105134138238225;564;"jours_decouvert_6m";"utilisation_revolving";"incidents_12m";7;0,0828970331588133;"Refus"
"P019439";2024-12-01;4100;0,0246155881631565;609;NA;NA;NA;3;0,0298755186721992;"Accord"
"P019440";2024-12-01;6500;0,0818671834037974;573;NA;NA;NA;7;0,0828970331588133;"Accord"
"P019441";2024-12-01;7800;0,017779785798822;618;NA;NA;NA;2;0,0177364864864865;"Accord"
"P019442";2024-12-01;12300;0,206689773293326;542;"jours_decouvert_6m";"revenu_mensuel";"taux_endettement";9;0,268402154398564;"Refus"
"P019443";2024-12-01;5700;0,0143445091509292;625;NA;NA;NA;2;0,0177364864864865;"Accord"
"P019444";2024-12-01;8700;0,0208342349077047;614;NA;NA;NA;3;0,0298755186721992;"Accord"
"P019445";2024-12-01;29000;0,0493253766532313;588;NA;NA;NA;5;0,0514905149051491;"Accord"
"P019446";2024-12-01;5600;0,06931546040958;577;NA;NA;NA;6;0,0623481781376518;"Accord"
"P019447";2024-12-01;2800;0,0628696820117938;581;NA;NA;NA;6;0,0623481781376518;"Accord"
"P019448";2024-12-01;6300;0,0711183201200843;577;NA;NA;NA;6;0,0623481781376518;"Accord"
"P019449";2024-12-01;14700;0,0488931723725261;588;NA;NA;NA;5;0,0514905149051491;"Accord"
"P019450";2024-12-01;16800;0,133182375444202;556;"jours_decouvert_6m";"revenu_mensuel";"statut_logement";8;0,126416739319965;"Refus"
"P019451";2024-12-01;7400;0,0247757777284932;608;NA;NA;NA;3;0,0298755186721992;"Accord"
"P019452";2024-12-01;3800;0,00661748560636658;646;NA;NA;NA;1;0,00912106135986733;"Accord"
"P019453";2024-12-01;18300;0,0337135708128632;599;NA;NA;NA;4;0,0305174701459531;"Accord"
"P019454";2024-12-01;7800;0,0191772943632799;617;NA;NA;NA;2;0,0177364864864865;"Accord"
"P019455";2024-12-02;25700;0,016116924368115;622;NA;NA;NA;2;0,0177364864864865;"Accord"
"P019456";2024-12-02;5700;0,0231306684901433;610;NA;NA;NA;3;0,0298755186721992;"Accord"
"P019457";2024-12-02;39800;0,0210001523682488;612;NA;NA;NA;3;0,0298755186721992;"Accord"
"P019458";2024-12-02;4800;0,0484006801906535;589;NA;NA;NA;5;0,0514905149051491;"Accord"
"P019459";2024-12-02;8800;0,0408080863813993;593;NA;NA;NA;4;0,0305174701459531;"Accord"
"P019460";2024-12-02;3600;0,0986823035532246;566;NA;NA;NA;7;0,0828970331588133;"Accord"
"P019461";2024-12-02;10400;0,0120653440313806;629;NA;NA;NA;1;0,00912106135986733;"Accord"
"P019462";2024-12-02;11600;0,0437037125383738;591;NA;NA;NA;5;0,0514905149051491;"Accord"
"P019463";2024-12-02;7100;0,153713337976202;550;"jours_decouvert_6m";"revenu_mensuel";"utilisation_revolving";8;0,126416739319965;"Refus"
"P019464";2024-12-02;14300;0,189344020717879;544;"revenu_mensuel";"jours_decouvert_6m";"utilisation_revolving";9;0,268402154398564;"Refus"
"P019465";2024-12-02;7500;0,119912477835915;559;"jours_decouvert_6m";"revenu_mensuel";"statut_logement";8;0,126416739319965;"Refus"
"P019466";2024-12-02;12200;0,0489180097671557;589;NA;NA;NA;5;0,0514905149051491;"Accord"
"P019467";2024-12-02;6500;0,0874384946478994;570;NA;NA;NA;7;0,0828970331588133;"Accord"
"P019468";2024-12-02;4100;0,0521779163865576;586;NA;NA;NA;5;0,0514905149051491;"Accord"
"P019469";2024-12-02;10500;0,0529100276318163;585;NA;NA;NA;5;0,0514905149051491;"Accord"
"P019470";2024-12-02;1900;0,263404160301095;532;"jours_decouvert_6m";"revenu_mensuel";"incidents_12m";9;0,268402154398564;"Refus"
"P019471";2024-12-02;24300;0,0714067072255536;576;NA;NA;NA;6;0,0623481781376518;"Accord"
"P019472";2024-12-02;11500;0,0334416158362119;598;NA;NA;NA;4;0,0305174701459531;"Accord"
"P019473";2024-12-03;21200;0,097076912746494;566;NA;NA;NA;7;0,0828970331588133;"Accord"
"P019474";2024-12-03;6700;0,107470548625758;562;"revenu_mensuel";"jours_decouvert_6m";"statut_logement";8;0,126416739319965;"Refus"
"P019475";2024-12-03;11000;0,00670932347930681;646;NA;NA;NA;1;0,00912106135986733;"Accord"
"P019476";2024-12-03;5100;0,0210998398851866;614;NA;NA;NA;3;0,0298755186721992;"Accord"
"P019477";2024-12-03;17500;0,0422470185311856;592;NA;NA;NA;5;0,0514905149051491;"Accord"
"P019478";2024-12-03;7500;0,0463837489738421;589;NA;NA;NA;5;0,0514905149051491;"Accord"
"P019479";2024-12-03;7300;0,0133483203558651;626;NA;NA;NA;2;0,0177364864864865;"Accord"
"P019480";2024-12-03;11700;0,0189415684158919;616;NA;NA;NA;3;0,0298755186721992;"Accord"
"P019481";2024-12-03;9400;0,0228356983038713;610;NA;NA;NA;3;0,0298755186721992;"Accord"
"P019482";2024-12-03;9400;0,0412729354371238;593;NA;NA;NA;4;0,0305174701459531;"Accord"
"P019483";2024-12-03;5600;0,0517981130970342;587;NA;NA;NA;5;0,0514905149051491;"Accord"
"P019484";2024-12-03;7000;0,124572907261766;559;"jours_decouvert_6m";"incidents_12m";"statut_logement";8;0,126416739319965;"Refus"
"P019485";2024-12-03;4600;0,0658303228685822;581;NA;NA;NA;6;0,0623481781376518;"Accord"
"P019486";2024-12-03;7300;0,0131252353293989;626;NA;NA;NA;2;0,0177364864864865;"Accord"
"P019487";2024-12-03;13600;0,126053066330746;558;"utilisation_revolving";"jours_decouvert_6m";"revenu_mensuel";8;0,126416739319965;"Refus"
"P019488";2024-12-03;3500;0,0436513518287891;591;NA;NA;NA;5;0,0514905149051491;"Accord"
"P019489";2024-12-03;17200;0,0286923687180451;603;NA;NA;NA;4;0,0305174701459531;"Accord"
"P019490";2024-12-03;7800;0,0152030053682699;623;NA;NA;NA;2;0,0177364864864865;"Accord"
"P019491";2024-12-03;1800;0,0306289641111619;601;NA;NA;NA;4;0,0305174701459531;"Accord"
"P019492";2024-12-03;6800;0,10738892228926;562;"revenu_mensuel";"utilisation_revolving";"jours_decouvert_6m";8;0,126416739319965;"Refus"
"P019493";2024-12-04;12100;0,0157077140393954;621;NA;NA;NA;2;0,0177364864864865;"Accord"
"P019494";2024-12-04;16700;0,129379984064201;557;"revenu_mensuel";"utilisation_revolving";"jours_decouvert_6m";8;0,126416739319965;"Refus"
"P019495";2024-12-04;1500;0,0498515964457364;588;NA;NA;NA;5;0,0514905149051491;"Accord"
"P019496";2024-12-04;5000;0,0206431283976087;614;NA;NA;NA;3;0,0298755186721992;"Accord"
"P019497";2024-12-04;30100;0,043827312988082;590;NA;NA;NA;5;0,0514905149051491;"Accord"
"P019498";2024-12-04;4100;0,201689184735802;543;"jours_decouvert_6m";"revenu_mensuel";"statut_logement";9;0,268402154398564;"Refus"
"P019499";2024-12-04;11000;0,0651198199227255;579;NA;NA;NA;6;0,0623481781376518;"Accord"
"P019500";2024-12-04;34600;0,012610094743812;628;NA;NA;NA;2;0,0177364864864865;"Accord"
"P019501";2024-12-04;5100;0,0286046316140939;605;NA;NA;NA;4;0,0305174701459531;"Accord"
"P019502";2024-12-04;2300;0,00779991476626682;641;NA;NA;NA;1;0,00912106135986733;"Accord"
"P019503";2024-12-04;7800;0,183983368673897;546;"revenu_mensuel";"jours_decouvert_6m";"taux_endettement";9;0,268402154398564;"Refus"
"P019504";2024-12-04;12200;0,00998894980531643;635;NA;NA;NA;1;0,00912106135986733;"Accord"
"P019505";2024-12-04;10300;0,0162818031810838;622;NA;NA;NA;2;0,0177364864864865;"Accord"
"P019506";2024-12-04;16900;0,0099842319512139;634;NA;NA;NA;1;0,00912106135986733;"Accord"
"P019507";2024-12-04;11600;0,0286139278503548;604;NA;NA;NA;4;0,0305174701459531;"Accord"
"P019508";2024-12-04;5000;0,0746715490196918;575;NA;NA;NA;6;0,0623481781376518;"Accord"
"P019509";2024-12-04;21900;0,0241835799812697;608;NA;NA;NA;3;0,0298755186721992;"Accord"
"P019510";2024-12-04;4000;0,255988827017334;533;"jours_decouvert_6m";"revenu_mensuel";"utilisation_revolving";9;0,268402154398564;"Refus"
"P019511";2024-12-04;6700;0,00801487838003578;641;NA;NA;NA;1;0,00912106135986733;"Accord"
"P019512";2024-12-04;5100;0,235999579510865;536;"jours_decouvert_6m";"revenu_mensuel";"incidents_12m";9;0,268402154398564;"Refus"
"P019513";2024-12-04;13900;0,0124800215929838;628;NA;NA;NA;2;0,0177364864864865;"Accord"
"P019514";2024-12-05;9800;0,0505146096110094;587;NA;NA;NA;5;0,0514905149051491;"Accord"
"P019515";2024-12-05;8500;0,135709922201202;556;"revenu_mensuel";"taux_endettement";"statut_logement";8;0,126416739319965;"Refus"
"P019516";2024-12-05;11500;0,0397149466251663;594;NA;NA;NA;4;0,0305174701459531;"Accord"
"P019517";2024-12-05;11900;0,00421591487122849;660;NA;NA;NA;1;0,00912106135986733;"Accord"
"P019518";2024-12-05;15900;0,00966617899334788;636;NA;NA;NA;1;0,00912106135986733;"Accord"
"P019519";2024-12-05;2500;0,0228923686075315;610;NA;NA;NA;3;0,0298755186721992;"Accord"
"P019520";2024-12-05;5200;0,0134643691419429;626;NA;NA;NA;2;0,0177364864864865;"Accord"
"P019521";2024-12-05;7600;0,0339651929819559;599;NA;NA;NA;4;0,0305174701459531;"Accord"
"P019522";2024-12-05;1700;0,130684412871728;556;"revenu_mensuel";"jours_decouvert_6m";"utilisation_revolving";8;0,126416739319965;"Refus"
"P019523";2024-12-05;2500;0,0176573036091598;617;NA;NA;NA;2;0,0177364864864865;"Accord"
"P019524";2024-12-05;9600;0,0291937613995659;603;NA;NA;NA;4;0,0305174701459531;"Accord"
"P019525";2024-12-05;11800;0,0224785818939852;611;NA;NA;NA;3;0,0298755186721992;"Accord"
"P019526";2024-12-05;29700;0,0265305116865995;606;NA;NA;NA;4;0,0305174701459531;"Accord"
"P019527";2024-12-05;14700;0,134522698418707;556;"jours_decouvert_6m";"revenu_mensuel";"taux_endettement";8;0,126416739319965;"Refus"
"P019528";2024-12-05;5600;0,0246122379461919;607;NA;NA;NA;4;0,0305174701459531;"Accord"
"P019529";2024-12-05;11900;0,0794908671594752;572;NA;NA;NA;7;0,0828970331588133;"Accord"
"P019530";2024-12-05;22800;0,161913619452092;550;"jours_decouvert_6m";"revenu_mensuel";"statut_logement";8;0,126416739319965;"Refus"
"P019531";2024-12-05;8500;0,0831650388234879;571;NA;NA;NA;7;0,0828970331588133;"Accord"
"P019532";2024-12-05;2500;0,19491000698982;543;"revenu_mensuel";"incidents_12m";"statut_logement";9;0,268402154398564;"Refus"
"P019533";2024-12-06;1900;0,0681024199578514;577;NA;NA;NA;6;0,0623481781376518;"Accord"
"P019534";2024-12-06;10100;0,0232996947492278;611;NA;NA;NA;3;0,0298755186721992;"Accord"
"P019535";2024-12-06;7200;0,118810609251072;560;"jours_decouvert_6m";"revenu_mensuel";"utilisation_revolving";8;0,126416739319965;"Refus"
"P019536";2024-12-06;15000;0,0661374668011965;579;NA;NA;NA;6;0,0623481781376518;"Accord"
"P019537";2024-12-06;4200;0,0454357142536934;590;NA;NA;NA;5;0,0514905149051491;"Accord"
"P019538";2024-12-06;5500;0,0786861831320346;573;NA;NA;NA;7;0,0828970331588133;"Accord"
"P019539";2024-12-06;13400;0,0949883720816733;567;NA;NA;NA;7;0,0828970331588133;"Accord"
"P019540";2024-12-06;24900;0,288645348833814;528;"jours_decouvert_6m";"revenu_mensuel";"utilisation_revolving";9;0,268402154398564;"Refus"
"P019541";2024-12-06;15100;0,0793755184428864;573;NA;NA;NA;7;0,0828970331588133;"Accord"
"P019542";2024-12-06;21700;0,0745929048071328;575;NA;NA;NA;6;0,0623481781376518;"Accord"
"P019543";2024-12-06;4700;0,0167001710823015;620;NA;NA;NA;2;0,0177364864864865;"Accord"
"P019544";2024-12-06;35400;0,0694529890364699;577;NA;NA;NA;6;0,0623481781376518;"Accord"
"P019545";2024-12-06;3400;0,0450901024343202;591;NA;NA;NA;5;0,0514905149051491;"Accord"
"P019546";2024-12-06;8000;0,0516983908263343;585;NA;NA;NA;5;0,0514905149051491;"Accord"
"P019547";2024-12-06;12100;0,126476413658157;559;"jours_decouvert_6m";"revenu_mensuel";"incidents_12m";8;0,126416739319965;"Refus"
"P019548";2024-12-06;5300;0,064319842505328;580;NA;NA;NA;6;0,0623481781376518;"Accord"
"P019549";2024-12-06;17700;0,0498379708239659;588;NA;NA;NA;5;0,0514905149051491;"Accord"
"P019550";2024-12-07;10600;0,0101227178126322;634;NA;NA;NA;1;0,00912106135986733;"Accord"
"P019551";2024-12-07;5100;0,152010277479609;551;"jours_decouvert_6m";"revenu_mensuel";"statut_logement";8;0,126416739319965;"Refus"
"P019552";2024-12-07;5200;0,0212148510395466;613;NA;NA;NA;3;0,0298755186721992;"Accord"
"P019553";2024-12-07;13000;0,0807820799031878;571;NA;NA;NA;7;0,0828970331588133;"Accord"
"P019554";2024-12-07;2400;0,0148413336765338;624;NA;NA;NA;2;0,0177364864864865;"Accord"
"P019555";2024-12-07;13900;0,114193923046937;560;"jours_decouvert_6m";"revenu_mensuel";"taux_endettement";8;0,126416739319965;"Refus"
"P019556";2024-12-07;9700;0,0161725696728457;621;NA;NA;NA;2;0,0177364864864865;"Accord"
"P019557";2024-12-07;5300;0,0446746934179865;591;NA;NA;NA;5;0,0514905149051491;"Accord"
"P019558";2024-12-07;7400;0,0382146579645808;596;NA;NA;NA;4;0,0305174701459531;"Accord"
"P019559";2024-12-07;9200;0,119021295403952;561;"revenu_mensuel";"jours_decouvert_6m";"taux_endettement";8;0,126416739319965;"Refus"
"P019560";2024-12-07;4500;0,0103821380327218;633;NA;NA;NA;1;0,00912106135986733;"Accord"
"P019561";2024-12-07;5200;0,214692133964926;539;"revenu_mensuel";"jours_decouvert_6m";"utilisation_revolving";9;0,268402154398564;"Refus"
"P019562";2024-12-07;9700;0,00433369702100546;660;NA;NA;NA;1;0,00912106135986733;"Accord"
"P019563";2024-12-07;7400;0,0802875983050134;572;NA;NA;NA;7;0,0828970331588133;"Accord"
"P019564";2024-12-07;7300;0,0432432856107687;592;NA;NA;NA;5;0,0514905149051491;"Accord"
"P019565";2024-12-07;3300;0,00965714411158156;635;NA;NA;NA;1;0,00912106135986733;"Accord"
"P019566";2024-12-07;5100;0,0794908189076921;572;NA;NA;NA;7;0,0828970331588133;"Accord"
"P019567";2024-12-07;5500;0,0344891049277915;598;NA;NA;NA;4;0,0305174701459531;"Accord"
"P019568";2024-12-07;5400;0,101416646832557;565;NA;NA;NA;7;0,0828970331588133;"Accord"
"P019569";2024-12-07;5400;0,150976360235237;552;"jours_decouvert_6m";"revenu_mensuel";"utilisation_revolving";8;0,126416739319965;"Refus"
"P019570";2024-12-07;4800;0,0522369443861155;586;NA;NA;NA;5;0,0514905149051491;"Accord"
"P019571";2024-12-07;11700;0,0709207840841045;577;NA;NA;NA;6;0,0623481781376518;"Accord"
"P019572";2024-12-08;1400;0,00753789122618171;644;NA;NA;NA;1;0,00912106135986733;"Accord"
"P019573";2024-12-08;16400;0,0646385818939666;580;NA;NA;NA;6;0,0623481781376518;"Accord"
"P019574";2024-12-08;26700;0,106344120337526;564;"jours_decouvert_6m";"revenu_mensuel";"taux_endettement";7;0,0828970331588133;"Refus"
"P019575";2024-12-08;6500;0,12569192233902;559;"jours_decouvert_6m";"taux_endettement";"statut_logement";8;0,126416739319965;"Refus"
"P019576";2024-12-08;5700;0,0120532910085022;631;NA;NA;NA;1;0,00912106135986733;"Accord"
"P019577";2024-12-08;6300;0,0129312967126222;627;NA;NA;NA;2;0,0177364864864865;"Accord"
"P019578";2024-12-08;10300;0,00664579243046326;646;NA;NA;NA;1;0,00912106135986733;"Accord"
"P019579";2024-12-08;9500;0,0205334132460702;614;NA;NA;NA;3;0,0298755186721992;"Accord"
"P019580";2024-12-08;5300;0,0428749510970353;592;NA;NA;NA;5;0,0514905149051491;"Accord"
"P019581";2024-12-08;2800;0,110826779331719;562;"jours_decouvert_6m";"revenu_mensuel";"statut_logement";8;0,126416739319965;"Refus"
"P019582";2024-12-08;14400;0,0203910013019438;614;NA;NA;NA;3;0,0298755186721992;"Accord"
"P019583";2024-12-08;12200;0,0741441401956958;576;NA;NA;NA;6;0,0623481781376518;"Accord"
"P019584";2024-12-08;7300;0,0227313140642116;610;NA;NA;NA;3;0,0298755186721992;"Accord"
"P019585";2024-12-08;12500;0,0413913662753203;593;NA;NA;NA;4;0,0305174701459531;"Accord"
"P019586";2024-12-08;6000;0,0227804138468826;611;NA;NA;NA;3;0,0298755186721992;"Accord"
"P019587";2024-12-08;7400;0,00530678606761899;653;NA;NA;NA;1;0,00912106135986733;"Accord"
"P019588";2024-12-09;6700;0,0402036367433305;594;NA;NA;NA;4;0,0305174701459531;"Accord"
"P019589";2024-12-09;5500;0,0385510325322149;595;NA;NA;NA;4;0,0305174701459531;"Accord"
"P019590";2024-12-09;8300;0,0200372421434008;614;NA;NA;NA;3;0,0298755186721992;"Accord"
"P019591";2024-12-09;6900;0,0319760471395894;600;NA;NA;NA;4;0,0305174701459531;"Accord"
"P019592";2024-12-09;11300;0,0196112762509922;615;NA;NA;NA;3;0,0298755186721992;"Accord"
"P019593";2024-12-09;13600;0,0254938505016685;607;NA;NA;NA;4;0,0305174701459531;"Accord"
"P019594";2024-12-09;8000;0,0903658931830261;569;NA;NA;NA;7;0,0828970331588133;"Accord"
"P019595";2024-12-09;6000;0,0658524065360519;579;NA;NA;NA;6;0,0623481781376518;"Accord"
"P019596";2024-12-09;39900;0,0956583821758754;567;NA;NA;NA;7;0,0828970331588133;"Accord"
"P019597";2024-12-09;7800;0,0169813848720978;618;NA;NA;NA;2;0,0177364864864865;"Accord"
"P019598";2024-12-10;2800;0,0788223252903021;574;NA;NA;NA;7;0,0828970331588133;"Accord"
"P019599";2024-12-10;5500;0,00980092300534828;635;NA;NA;NA;1;0,00912106135986733;"Accord"
"P019600";2024-12-10;11500;0,0592850604939308;582;NA;NA;NA;6;0,0623481781376518;"Accord"
"P019601";2024-12-10;6400;0,0452447126388309;591;NA;NA;NA;5;0,0514905149051491;"Accord"
"P019602";2024-12-10;13500;0,025492555996554;607;NA;NA;NA;4;0,0305174701459531;"Accord"
"P019603";2024-12-10;8900;0,0537032953973112;585;NA;NA;NA;5;0,0514905149051491;"Accord"
"P019604";2024-12-10;11300;0,048833486673067;588;NA;NA;NA;5;0,0514905149051491;"Accord"
"P019605";2024-12-10;9900;0,0596973039851253;582;NA;NA;NA;6;0,0623481781376518;"Accord"
"P019606";2024-12-10;4100;0,0257492560341148;608;NA;NA;NA;3;0,0298755186721992;"Accord"
"P019607";2024-12-10;5800;0,033195416976423;599;NA;NA;NA;4;0,0305174701459531;"Accord"
"P019608";2024-12-10;13200;0,262480033121407;532;"jours_decouvert_6m";"revenu_mensuel";"taux_endettement";9;0,268402154398564;"Refus"
"P019609";2024-12-10;28200;0,05297413443168;586;NA;NA;NA;5;0,0514905149051491;"Accord"
"P019610";2024-12-10;7300;0,0888451816225827;569;NA;NA;NA;7;0,0828970331588133;"Accord"
"P019611";2024-12-10;5200;0,0408908891747196;593;NA;NA;NA;4;0,0305174701459531;"Accord"
"P019612";2024-12-10;13100;0,0252302464157922;607;NA;NA;NA;4;0,0305174701459531;"Accord"
"P019613";2024-12-11;2400;0,0173823257148312;618;NA;NA;NA;2;0,0177364864864865;"Accord"
"P019614";2024-12-11;9700;0,0127411290342982;629;NA;NA;NA;1;0,00912106135986733;"Accord"
"P019615";2024-12-11;4000;0,0189063983180231;615;NA;NA;NA;3;0,0298755186721992;"Accord"
"P019616";2024-12-11;5400;0,103724428713824;563;"jours_decouvert_6m";"utilisation_revolving";"statut_logement";7;0,0828970331588133;"Refus"
"P019617";2024-12-11;2700;0,180415871924138;547;"jours_decouvert_6m";"revenu_mensuel";"incidents_12m";9;0,268402154398564;"Refus"
"P019618";2024-12-11;13900;0,00973061117062943;636;NA;NA;NA;1;0,00912106135986733;"Accord"
"P019619";2024-12-11;25600;0,0144071278665631;624;NA;NA;NA;2;0,0177364864864865;"Accord"
"P019620";2024-12-11;18600;0,0283895403743603;604;NA;NA;NA;4;0,0305174701459531;"Accord"
"P019621";2024-12-11;2700;0,0354028442783828;598;NA;NA;NA;4;0,0305174701459531;"Accord"
"P019622";2024-12-11;5700;0,0122370666892088;630;NA;NA;NA;1;0,00912106135986733;"Accord"
"P019623";2024-12-11;7200;0,0461397149670486;590;NA;NA;NA;5;0,0514905149051491;"Accord"
"P019624";2024-12-11;15500;0,161081677174863;550;"jours_decouvert_6m";"taux_endettement";"revenu_mensuel";8;0,126416739319965;"Refus"
"P019625";2024-12-12;4000;0,116405648794576;561;"jours_decouvert_6m";"revenu_mensuel";"statut_logement";8;0,126416739319965;"Refus"
"P019626";2024-12-12;13600;0,0591414153756439;582;NA;NA;NA;6;0,0623481781376518;"Accord"
"P019627";2024-12-12;6800;0,0456864586407444;591;NA;NA;NA;5;0,0514905149051491;"Accord"
"P019628";2024-12-12;9300;0,0118584435267924;629;NA;NA;NA;1;0,00912106135986733;"Accord"
"P019629";2024-12-12;14400;0,0147370661352394;623;NA;NA;NA;2;0,0177364864864865;"Accord"
"P019630";2024-12-12;8200;0,0379250371425124;597;NA;NA;NA;4;0,0305174701459531;"Accord"
"P019631";2024-12-12;15700;0,0668075754799525;578;NA;NA;NA;6;0,0623481781376518;"Accord"
"P019632";2024-12-12;14200;0,0158362822098339;621;NA;NA;NA;2;0,0177364864864865;"Accord"
"P019633";2024-12-12;12900;0,180455756859105;547;"jours_decouvert_6m";"revenu_mensuel";"taux_endettement";9;0,268402154398564;"Refus"
"P019634";2024-12-12;2100;0,0487395846004075;588;NA;NA;NA;5;0,0514905149051491;"Accord"
"P019635";2024-12-12;7100;0,181812666331713;545;"jours_decouvert_6m";"revenu_mensuel";"utilisation_revolving";9;0,268402154398564;"Refus"
"P019636";2024-12-12;6000;0,0108494206195376;632;NA;NA;NA;1;0,00912106135986733;"Accord"
"P019637";2024-12-12;11200;0,234309659701631;537;"jours_decouvert_6m";"revenu_mensuel";"taux_endettement";9;0,268402154398564;"Refus"
"P019638";2024-12-13;7400;0,0910572355140248;569;NA;NA;NA;7;0,0828970331588133;"Accord"
"P019639";2024-12-13;12300;0,0662412838961075;579;NA;NA;NA;6;0,0623481781376518;"Accord"
"P019640";2024-12-13;3400;0,0486082072157907;589;NA;NA;NA;5;0,0514905149051491;"Accord"
"P019641";2024-12-13;7300;0,0107383690892161;632;NA;NA;NA;1;0,00912106135986733;"Accord"
"P019642";2024-12-13;6000;0,214594925366845;541;"jours_decouvert_6m";"revenu_mensuel";"taux_endettement";9;0,268402154398564;"Refus"
"P019643";2024-12-13;9100;0,0359971545152706;597;NA;NA;NA;4;0,0305174701459531;"Accord"
"P019644";2024-12-13;10100;0,103855984855846;564;"revenu_mensuel";"utilisation_revolving";"incidents_12m";7;0,0828970331588133;"Refus"
"P019645";2024-12-13;7600;0,0294155701825991;604;NA;NA;NA;4;0,0305174701459531;"Accord"
"P019646";2024-12-13;11300;0,0132806210507683;627;NA;NA;NA;2;0,0177364864864865;"Accord"
"P019647";2024-12-13;8600;0,147102600596295;553;"jours_decouvert_6m";"revenu_mensuel";"utilisation_revolving";8;0,126416739319965;"Refus"
"P019648";2024-12-13;13000;0,0173466306871233;620;NA;NA;NA;2;0,0177364864864865;"Accord"
"P019649";2024-12-13;15200;0,106236334742594;564;"jours_decouvert_6m";"revenu_mensuel";"taux_endettement";7;0,0828970331588133;"Refus"
"P019650";2024-12-13;16900;0,274288637670126;531;"jours_decouvert_6m";"revenu_mensuel";"incidents_12m";9;0,268402154398564;"Refus"
"P019651";2024-12-13;5100;0,28028583852936;530;"jours_decouvert_6m";"revenu_mensuel";"statut_logement";9;0,268402154398564;"Refus"
"P019652";2024-12-13;5200;0,0471289462093599;589;NA;NA;NA;5;0,0514905149051491;"Accord"
"P019653";2024-12-13;4000;0,0903073706536832;568;NA;NA;NA;7;0,0828970331588133;"Accord"
"P019654";2024-12-13;5700;0,0376860730305682;596;NA;NA;NA;4;0,0305174701459531;"Accord"
"P019655";2024-12-13;6200;0,0136778905230836;626;NA;NA;NA;2;0,0177364864864865;"Accord"
"P019656";2024-12-13;25500;0,0516346779733279;586;NA;NA;NA;5;0,0514905149051491;"Accord"
"P019657";2024-12-13;6300;0,0162348899258725;621;NA;NA;NA;2;0,0177364864864865;"Accord"
"P019658";2024-12-14;10500;0,041186601434752;593;NA;NA;NA;4;0,0305174701459531;"Accord"
"P019659";2024-12-14;10400;0,0288678991158949;604;NA;NA;NA;4;0,0305174701459531;"Accord"
"P019660";2024-12-14;27100;0,0510746193157501;586;NA;NA;NA;5;0,0514905149051491;"Accord"
"P019661";2024-12-14;3500;0,024305898678408;609;NA;NA;NA;3;0,0298755186721992;"Accord"
"P019662";2024-12-14;6000;0,021609064090417;613;NA;NA;NA;3;0,0298755186721992;"Accord"
"P019663";2024-12-14;10000;0,189354370283735;544;"jours_decouvert_6m";"revenu_mensuel";"utilisation_revolving";9;0,268402154398564;"Refus"
"P019664";2024-12-14;17500;0,142402923619636;555;"jours_decouvert_6m";"revenu_mensuel";"statut_logement";8;0,126416739319965;"Refus"
"P019665";2024-12-14;30900;0,0132806283092674;627;NA;NA;NA;2;0,0177364864864865;"Accord"
"P019666";2024-12-14;14200;0,01084745937172;632;NA;NA;NA;1;0,00912106135986733;"Accord"
"P019667";2024-12-14;11900;0,012565112634866;627;NA;NA;NA;2;0,0177364864864865;"Accord"
"P019668";2024-12-14;1500;0,00592679236013083;651;NA;NA;NA;1;0,00912106135986733;"Accord"
"P019669";2024-12-14;24500;0,0102861331610643;634;NA;NA;NA;1;0,00912106135986733;"Accord"
"P019670";2024-12-14;7800;0,0518138420047731;585;NA;NA;NA;5;0,0514905149051491;"Accord"
"P019671";2024-12-14;1500;0,0042606902930325;659;NA;NA;NA;1;0,00912106135986733;"Accord"
"P019672";2024-12-14;5000;0,0687236091522008;579;NA;NA;NA;6;0,0623481781376518;"Accord"
"P019673";2024-12-14;10100;0,0156391819710411;621;NA;NA;NA;2;0,0177364864864865;"Accord"
"P019674";2024-12-14;6700;0,105499843089152;564;"jours_decouvert_6m";"revenu_mensuel";"utilisation_revolving";7;0,0828970331588133;"Refus"
"P019675";2024-12-14;9900;0,0599654127700524;581;NA;NA;NA;6;0,0623481781376518;"Accord"
"P019676";2024-12-14;2800;0,0249633125171218;608;NA;NA;NA;3;0,0298755186721992;"Accord"
"P019677";2024-12-14;19200;0,00670761619857811;645;NA;NA;NA;1;0,00912106135986733;"Accord"
"P019678";2024-12-14;7100;0,0183565362064695;616;NA;NA;NA;3;0,0298755186721992;"Accord"
"P019679";2024-12-14;3100;0,0513091169606611;587;NA;NA;NA;5;0,0514905149051491;"Accord"
"P019680";2024-12-15;3100;0,103463162561111;564;"revenu_mensuel";"jours_decouvert_6m";"taux_endettement";7;0,0828970331588133;"Refus"
"P019681";2024-12-15;11800;0,0800210469040248;573;NA;NA;NA;7;0,0828970331588133;"Accord"
"P019682";2024-12-15;13000;0,111372124183196;563;"jours_decouvert_6m";"statut_logement";"taux_endettement";7;0,0828970331588133;"Refus"
"P019683";2024-12-15;22100;0,371607047756506;518;"jours_decouvert_6m";"revenu_mensuel";"taux_endettement";9;0,268402154398564;"Refus"
"P019684";2024-12-15;12900;0,0648668485120774;579;NA;NA;NA;6;0,0623481781376518;"Accord"
"P019685";2024-12-15;9400;0,230752921366695;537;"jours_decouvert_6m";"revenu_mensuel";"utilisation_revolving";9;0,268402154398564;"Refus"
"P019686";2024-12-15;2000;0,0364125201161972;598;NA;NA;NA;4;0,0305174701459531;"Accord"
"P019687";2024-12-15;2200;0,034960305514167;598;NA;NA;NA;4;0,0305174701459531;"Accord"
"P019688";2024-12-15;13200;0,0264023868629506;606;NA;NA;NA;4;0,0305174701459531;"Accord"
"P019689";2024-12-15;8600;0,480154090529514;505;"jours_decouvert_6m";"revenu_mensuel";"taux_endettement";9;0,268402154398564;"Refus"
"P019690";2024-12-15;3300;0,245616888893248;534;"jours_decouvert_6m";"revenu_mensuel";"utilisation_revolving";9;0,268402154398564;"Refus"
"P019691";2024-12-15;16900;0,0287741390249929;603;NA;NA;NA;4;0,0305174701459531;"Accord"
"P019692";2024-12-15;8600;0,0238075415611105;608;NA;NA;NA;3;0,0298755186721992;"Accord"
"P019693";2024-12-15;4700;0,0796940106921842;572;NA;NA;NA;7;0,0828970331588133;"Accord"
"P019694";2024-12-15;3800;0,039250612549511;595;NA;NA;NA;4;0,0305174701459531;"Accord"
"P019695";2024-12-15;18700;0,0389414839822804;595;NA;NA;NA;4;0,0305174701459531;"Accord"
"P019696";2024-12-15;9100;0,0107921494274967;632;NA;NA;NA;1;0,00912106135986733;"Accord"
"P019697";2024-12-15;8700;0,0239283288584206;610;NA;NA;NA;3;0,0298755186721992;"Accord"
"P019698";2024-12-15;5800;0,010863813039248;631;NA;NA;NA;1;0,00912106135986733;"Accord"
"P019699";2024-12-15;6600;0,0238175098074871;610;NA;NA;NA;3;0,0298755186721992;"Accord"
"P019700";2024-12-15;5300;0,0222000479838359;611;NA;NA;NA;3;0,0298755186721992;"Accord"
"P019701";2024-12-16;15800;0,0842924935578616;570;NA;NA;NA;7;0,0828970331588133;"Accord"
"P019702";2024-12-16;13600;0,0448428363220229;590;NA;NA;NA;5;0,0514905149051491;"Accord"
"P019703";2024-12-16;17700;0,0442435228565032;591;NA;NA;NA;5;0,0514905149051491;"Accord"
"P019704";2024-12-16;15300;0,0146922795087455;624;NA;NA;NA;2;0,0177364864864865;"Accord"
"P019705";2024-12-16;3700;0,174058196959365;547;"jours_decouvert_6m";"revenu_mensuel";"taux_endettement";9;0,268402154398564;"Refus"
"P019706";2024-12-16;25600;0,0848361073992207;571;NA;NA;NA;7;0,0828970331588133;"Accord"
"P019707";2024-12-16;17100;0,0144071278665631;624;NA;NA;NA;2;0,0177364864864865;"Accord"
"P019708";2024-12-16;55300;0,136948440979888;556;"revenu_mensuel";"jours_decouvert_6m";"taux_endettement";8;0,126416739319965;"Refus"
"P019709";2024-12-16;3500;0,0391866534045387;594;NA;NA;NA;4;0,0305174701459531;"Accord"
"P019710";2024-12-16;10300;0,38989819580714;514;"jours_decouvert_6m";"revenu_mensuel";"utilisation_revolving";9;0,268402154398564;"Refus"
"P019711";2024-12-16;10300;0,123168658909476;559;"jours_decouvert_6m";"utilisation_revolving";"revenu_mensuel";8;0,126416739319965;"Refus"
"P019712";2024-12-16;6000;0,0218375964065607;611;NA;NA;NA;3;0,0298755186721992;"Accord"
"P019713";2024-12-16;11600;0,0171025301824766;619;NA;NA;NA;2;0,0177364864864865;"Accord"
"P019714";2024-12-16;3900;0,00888067214323558;639;NA;NA;NA;1;0,00912106135986733;"Accord"
"P019715";2024-12-16;8000;0,170278946971289;548;"jours_decouvert_6m";"utilisation_revolving";"revenu_mensuel";8;0,126416739319965;"Refus"
"P019716";2024-12-16;8300;0,0307864311872734;603;NA;NA;NA;4;0,0305174701459531;"Accord"
"P019717";2024-12-16;8000;0,0561372726058966;584;NA;NA;NA;6;0,0623481781376518;"Accord"
"P019718";2024-12-16;2900;0,0511638235801509;587;NA;NA;NA;5;0,0514905149051491;"Accord"
"P019719";2024-12-16;6100;0,008636106367158;640;NA;NA;NA;1;0,00912106135986733;"Accord"
"P019720";2024-12-16;5700;0,0172799255321041;619;NA;NA;NA;2;0,0177364864864865;"Accord"
"P019721";2024-12-16;2800;0,100083547124189;566;NA;NA;NA;7;0,0828970331588133;"Accord"
"P019722";2024-12-16;7300;0,0872919557454162;570;NA;NA;NA;7;0,0828970331588133;"Accord"
"P019723";2024-12-16;9100;0,190123839509081;544;"jours_decouvert_6m";"revenu_mensuel";"utilisation_revolving";9;0,268402154398564;"Refus"
"P019724";2024-12-16;7600;0,0700178413956986;576;NA;NA;NA;6;0,0623481781376518;"Accord"
"P019725";2024-12-16;4600;0,0195430779024176;617;NA;NA;NA;2;0,0177364864864865;"Accord"
"P019726";2024-12-17;13000;0,127236595094969;558;"jours_decouvert_6m";"revenu_mensuel";"utilisation_revolving";8;0,126416739319965;"Refus"
"P019727";2024-12-17;8400;0,0430841113610083;592;NA;NA;NA;5;0,0514905149051491;"Accord"
"P019728";2024-12-17;8900;0,0138709785459716;625;NA;NA;NA;2;0,0177364864864865;"Accord"
"P019729";2024-12-17;12300;0,0377968763375967;596;NA;NA;NA;4;0,0305174701459531;"Accord"
"P019730";2024-12-17;2200;0,0114755041346505;631;NA;NA;NA;1;0,00912106135986733;"Accord"
"P019731";2024-12-17;10000;0,0293368820892927;603;NA;NA;NA;4;0,0305174701459531;"Accord"
"P019732";2024-12-17;10900;0,121971917944002;559;"jours_decouvert_6m";"revenu_mensuel";"utilisation_revolving";8;0,126416739319965;"Refus"
"P019733";2024-12-17;6100;0,0491348217969415;589;NA;NA;NA;5;0,0514905149051491;"Accord"
"P019734";2024-12-17;3000;0,0343760884728044;599;NA;NA;NA;4;0,0305174701459531;"Accord"
"P019735";2024-12-17;16700;0,0236443553599041;609;NA;NA;NA;3;0,0298755186721992;"Accord"
"P019736";2024-12-17;7600;0,150752380241801;552;"revenu_mensuel";"jours_decouvert_6m";"taux_endettement";8;0,126416739319965;"Refus"
"P019737";2024-12-17;1900;0,122499302130888;558;"jours_decouvert_6m";"revenu_mensuel";"utilisation_revolving";8;0,126416739319965;"Refus"
"P019738";2024-12-17;3000;0,0253071202361707;608;NA;NA;NA;3;0,0298755186721992;"Accord"
"P019739";2024-12-17;6900;0,0271933973536958;606;NA;NA;NA;4;0,0305174701459531;"Accord"
"P019740";2024-12-17;4900;0,00911252470127084;638;NA;NA;NA;1;0,00912106135986733;"Accord"
"P019741";2024-12-18;1400;0,046835087519832;589;NA;NA;NA;5;0,0514905149051491;"Accord"
"P019742";2024-12-18;16000;0,0954948880231091;567;NA;NA;NA;7;0,0828970331588133;"Accord"
"P019743";2024-12-18;2700;0,0325579945615334;601;NA;NA;NA;4;0,0305174701459531;"Accord"
"P019744";2024-12-18;4500;0,0123741559092119;628;NA;NA;NA;2;0,0177364864864865;"Accord"
"P019745";2024-12-18;13900;0,0406318240598675;594;NA;NA;NA;4;0,0305174701459531;"Accord"
"P019746";2024-12-18;8200;0,0131454902812426;628;NA;NA;NA;2;0,0177364864864865;"Accord"
"P019747";2024-12-18;7300;0,0143607421054584;624;NA;NA;NA;2;0,0177364864864865;"Accord"
"P019748";2024-12-18;3300;0,0275387983051457;606;NA;NA;NA;4;0,0305174701459531;"Accord"
"P019749";2024-12-18;5700;0,0389690452319585;594;NA;NA;NA;4;0,0305174701459531;"Accord"
"P019750";2024-12-18;2300;0,0123762678646101;629;NA;NA;NA;1;0,00912106135986733;"Accord"
"P019751";2024-12-18;31500;0,157642631054099;550;"jours_decouvert_6m";"revenu_mensuel";"taux_endettement";8;0,126416739319965;"Refus"
"P019752";2024-12-18;7000;0,0276961850424981;604;NA;NA;NA;4;0,0305174701459531;"Accord"
"P019753";2024-12-18;8000;0,0442494992374929;591;NA;NA;NA;5;0,0514905149051491;"Accord"
"P019754";2024-12-18;14200;0,0207456188825796;613;NA;NA;NA;3;0,0298755186721992;"Accord"
"P019755";2024-12-18;5300;0,0285634878468237;605;NA;NA;NA;4;0,0305174701459531;"Accord"
"P019756";2024-12-18;23600;0,110187142552422;563;"jours_decouvert_6m";"revenu_mensuel";"statut_logement";7;0,0828970331588133;"Refus"
"P019757";2024-12-18;14400;0,0402570565619072;593;NA;NA;NA;4;0,0305174701459531;"Accord"
"P019758";2024-12-18;7400;0,00532006865680883;652;NA;NA;NA;1;0,00912106135986733;"Accord"
"P019759";2024-12-18;5100;0,0208569484056105;614;NA;NA;NA;3;0,0298755186721992;"Accord"
"P019760";2024-12-18;6500;0,132199215707117;557;"jours_decouvert_6m";"revenu_mensuel";"statut_logement";8;0,126416739319965;"Refus"
"P019761";2024-12-19;21900;0,120764483944603;560;"revenu_mensuel";"jours_decouvert_6m";"statut_logement";8;0,126416739319965;"Refus"
"P019762";2024-12-19;3200;0,0263458221205328;606;NA;NA;NA;4;0,0305174701459531;"Accord"
"P019763";2024-12-19;1200;0,0644475724253132;580;NA;NA;NA;6;0,0623481781376518;"Accord"
"P019764";2024-12-19;8600;0,0691206043474818;578;NA;NA;NA;6;0,0623481781376518;"Accord"
"P019765";2024-12-19;13000;0,0145280583484508;623;NA;NA;NA;2;0,0177364864864865;"Accord"
"P019766";2024-12-19;2600;0,0389429288736128;595;NA;NA;NA;4;0,0305174701459531;"Accord"
"P019767";2024-12-19;15200;0,0152084532622767;624;NA;NA;NA;2;0,0177364864864865;"Accord"
"P019768";2024-12-19;11200;0,0395497704197321;594;NA;NA;NA;4;0,0305174701459531;"Accord"
"P019769";2024-12-19;7200;0,0315621559465577;600;NA;NA;NA;4;0,0305174701459531;"Accord"
"P019770";2024-12-19;7000;0,0199187568288603;614;NA;NA;NA;3;0,0298755186721992;"Accord"
"P019771";2024-12-19;6400;0,274772210415476;531;"jours_decouvert_6m";"revenu_mensuel";"taux_endettement";9;0,268402154398564;"Refus"
"P019772";2024-12-19;4800;0,0681473577413301;578;NA;NA;NA;6;0,0623481781376518;"Accord"
"P019773";2024-12-19;14400;0,126809074248775;558;"jours_decouvert_6m";"revenu_mensuel";"statut_logement";8;0,126416739319965;"Refus"
"P019774";2024-12-19;6600;0,0567107353256754;584;NA;NA;NA;6;0,0623481781376518;"Accord"
"P019775";2024-12-20;5500;0,0214068338917818;613;NA;NA;NA;3;0,0298755186721992;"Accord"
"P019776";2024-12-20;12000;0,0259049411938897;607;NA;NA;NA;4;0,0305174701459531;"Accord"
"P019777";2024-12-20;6100;0,0124311850282913;627;NA;NA;NA;2;0,0177364864864865;"Accord"
"P019778";2024-12-20;4600;0,198077454149154;543;"jours_decouvert_6m";"revenu_mensuel";"statut_logement";9;0,268402154398564;"Refus"
"P019779";2024-12-20;4800;0,120764483944603;560;"revenu_mensuel";"jours_decouvert_6m";"statut_logement";8;0,126416739319965;"Refus"
"P019780";2024-12-20;3200;0,0549550510047793;585;NA;NA;NA;5;0,0514905149051491;"Accord"
"P019781";2024-12-20;12500;0,0105215957063803;634;NA;NA;NA;1;0,00912106135986733;"Accord"
"P019782";2024-12-20;9700;0,0469214532857276;589;NA;NA;NA;5;0,0514905149051491;"Accord"
"P019783";2024-12-20;6600;0,0226094720907498;611;NA;NA;NA;3;0,0298755186721992;"Accord"
"P019784";2024-12-20;7400;0,0186799740619375;616;NA;NA;NA;3;0,0298755186721992;"Accord"
"P019785";2024-12-20;4900;0,0983886112323645;566;NA;NA;NA;7;0,0828970331588133;"Accord"
"P019786";2024-12-20;7900;0,0260918831386424;605;NA;NA;NA;4;0,0305174701459531;"Accord"
"P019787";2024-12-20;3400;0,0340874274991136;598;NA;NA;NA;4;0,0305174701459531;"Accord"
"P019788";2024-12-20;3200;0,0192111958068577;616;NA;NA;NA;3;0,0298755186721992;"Accord"
"P019789";2024-12-20;34100;0,122264960317115;559;"revenu_mensuel";"jours_decouvert_6m";"utilisation_revolving";8;0,126416739319965;"Refus"
"P019790";2024-12-20;29800;0,0295816006633928;604;NA;NA;NA;4;0,0305174701459531;"Accord"
"P019791";2024-12-20;5800;0,0330105105533475;599;NA;NA;NA;4;0,0305174701459531;"Accord"
"P019792";2024-12-20;20200;0,0332719755066055;599;NA;NA;NA;4;0,0305174701459531;"Accord"
"P019793";2024-12-20;40300;0,0246352020891453;609;NA;NA;NA;3;0,0298755186721992;"Accord"
"P019794";2024-12-20;6100;0,0333060725466951;599;NA;NA;NA;4;0,0305174701459531;"Accord"
"P019795";2024-12-20;23800;0,0133646204364301;625;NA;NA;NA;2;0,0177364864864865;"Accord"
"P019796";2024-12-20;4600;0,0107024373580118;632;NA;NA;NA;1;0,00912106135986733;"Accord"
"P019797";2024-12-20;10300;0,0536309300168121;585;NA;NA;NA;5;0,0514905149051491;"Accord"
"P019798";2024-12-20;9600;0,100657331232439;566;NA;NA;NA;7;0,0828970331588133;"Accord"
"P019799";2024-12-21;8600;0,140496887579392;555;"jours_decouvert_6m";"revenu_mensuel";"statut_logement";8;0,126416739319965;"Refus"
"P019800";2024-12-21;5800;0,0365973338328775;596;NA;NA;NA;4;0,0305174701459531;"Accord"
"P019801";2024-12-21;15500;0,00741689396471634;644;NA;NA;NA;1;0,00912106135986733;"Accord"
"P019802";2024-12-21;6000;0,023577860234542;610;NA;NA;NA;3;0,0298755186721992;"Accord"
"P019803";2024-12-21;15800;0,0710318588789039;577;NA;NA;NA;6;0,0623481781376518;"Accord"
"P019804";2024-12-21;4200;0,051694273537457;586;NA;NA;NA;5;0,0514905149051491;"Accord"
"P019805";2024-12-21;9500;0,0745741293067165;576;NA;NA;NA;6;0,0623481781376518;"Accord"
"P019806";2024-12-21;15200;0,00538689078766041;652;NA;NA;NA;1;0,00912106135986733;"Accord"
"P019807";2024-12-21;34600;0,148430778092655;553;"revenu_mensuel";"jours_decouvert_6m";"taux_endettement";8;0,126416739319965;"Refus"
"P019808";2024-12-21;2300;0,0220919474816454;611;NA;NA;NA;3;0,0298755186721992;"Accord"
"P019809";2024-12-21;2900;0,00522083318372897;655;NA;NA;NA;1;0,00912106135986733;"Accord"
"P019810";2024-12-21;3200;0,0681643575743839;579;NA;NA;NA;6;0,0623481781376518;"Accord"
"P019811";2024-12-21;4300;0,10247324618608;565;NA;NA;NA;7;0,0828970331588133;"Accord"
"P019812";2024-12-21;10400;0,00579686579132602;650;NA;NA;NA;1;0,00912106135986733;"Accord"
"P019813";2024-12-21;11700;0,0513091169606611;587;NA;NA;NA;5;0,0514905149051491;"Accord"
"P019814";2024-12-21;6300;0,121122399128319;560;"revenu_mensuel";"jours_decouvert_6m";"taux_endettement";8;0,126416739319965;"Refus"
"P019815";2024-12-21;5400;0,0145196671104426;624;NA;NA;NA;2;0,0177364864864865;"Accord"
"P019816";2024-12-21;6600;0,0252493163029467;608;NA;NA;NA;3;0,0298755186721992;"Accord"
"P019817";2024-12-21;3000;0,0195265309635516;615;NA;NA;NA;3;0,0298755186721992;"Accord"
"P019818";2024-12-22;9000;0,0517855473168964;587;NA;NA;NA;5;0,0514905149051491;"Accord"
"P019819";2024-12-22;12600;0,054856081828792;584;NA;NA;NA;6;0,0623481781376518;"Accord"
"P019820";2024-12-22;8700;0,00824807043040132;641;NA;NA;NA;1;0,00912106135986733;"Accord"
"P019821";2024-12-22;18800;0,05109459478213;588;NA;NA;NA;5;0,0514905149051491;"Accord"
"P019822";2024-12-22;3100;0,0258246105618919;608;NA;NA;NA;3;0,0298755186721992;"Accord"
"P019823";2024-12-22;5700;0,107226686072166;564;"jours_decouvert_6m";"revenu_mensuel";"statut_logement";7;0,0828970331588133;"Refus"
"P019824";2024-12-22;3200;0,0265533396002269;607;NA;NA;NA;4;0,0305174701459531;"Accord"
"P019825";2024-12-22;2900;0,0968394385338441;566;NA;NA;NA;7;0,0828970331588133;"Accord"
"P019826";2024-12-22;18900;0,0470521926926112;589;NA;NA;NA;5;0,0514905149051491;"Accord"
"P019827";2024-12-22;2700;0,0634389348395948;581;NA;NA;NA;6;0,0623481781376518;"Accord"
"P019828";2024-12-22;9600;0,0573014164954896;584;NA;NA;NA;6;0,0623481781376518;"Accord"
"P019829";2024-12-22;18000;0,0758610514172672;575;NA;NA;NA;6;0,0623481781376518;"Accord"
"P019830";2024-12-22;9700;0,167308868585976;549;"jours_decouvert_6m";"revenu_mensuel";"statut_logement";8;0,126416739319965;"Refus"
"P019831";2024-12-22;11300;0,0919820407804411;568;NA;NA;NA;7;0,0828970331588133;"Accord"
"P019832";2024-12-22;21200;0,0283385761901899;604;NA;NA;NA;4;0,0305174701459531;"Accord"
"P019833";2024-12-22;4100;0,0239852276552057;609;NA;NA;NA;3;0,0298755186721992;"Accord"
"P019834";2024-12-22;8900;0,0257835522046815;608;NA;NA;NA;3;0,0298755186721992;"Accord"
"P019835";2024-12-22;4100;0,275613397584759;530;"jours_decouvert_6m";"revenu_mensuel";"statut_logement";9;0,268402154398564;"Refus"
"P019836";2024-12-22;14800;0,0288699966399594;603;NA;NA;NA;4;0,0305174701459531;"Accord"
"P019837";2024-12-22;5800;0,0073261260607335;643;NA;NA;NA;1;0,00912106135986733;"Accord"
"P019838";2024-12-22;12500;0,0613048204654472;580;NA;NA;NA;6;0,0623481781376518;"Accord"
"P019839";2024-12-23;6500;0,0613563654062167;581;NA;NA;NA;6;0,0623481781376518;"Accord"
"P019840";2024-12-23;8300;0,0278450608135986;605;NA;NA;NA;4;0,0305174701459531;"Accord"
"P019841";2024-12-23;3600;0,0348239805447612;599;NA;NA;NA;4;0,0305174701459531;"Accord"
"P019842";2024-12-23;5100;0,00827124891653408;641;NA;NA;NA;1;0,00912106135986733;"Accord"
"P019843";2024-12-23;2400;0,0738462986218505;575;NA;NA;NA;6;0,0623481781376518;"Accord"
"P019844";2024-12-23;13100;0,128030093195389;559;"jours_decouvert_6m";"revenu_mensuel";"taux_endettement";8;0,126416739319965;"Refus"
"P019845";2024-12-23;4000;0,010477753259161;633;NA;NA;NA;1;0,00912106135986733;"Accord"
"P019846";2024-12-23;3300;0,0305693510120714;603;NA;NA;NA;4;0,0305174701459531;"Accord"
"P019847";2024-12-23;11400;0,0714791559868127;577;NA;NA;NA;6;0,0623481781376518;"Accord"
"P019848";2024-12-23;3800;0,0188546936292963;617;NA;NA;NA;2;0,0177364864864865;"Accord"
"P019849";2024-12-23;5900;0,228425361988364;537;"jours_decouvert_6m";"revenu_mensuel";"incidents_12m";9;0,268402154398564;"Refus"
"P019850";2024-12-23;5600;0,0157833514020039;623;NA;NA;NA;2;0,0177364864864865;"Accord"
"P019851";2024-12-23;14600;0,0486586606750075;588;NA;NA;NA;5;0,0514905149051491;"Accord"
"P019852";2024-12-23;3300;0,125444410837853;558;"jours_decouvert_6m";"revenu_mensuel";"statut_logement";8;0,126416739319965;"Refus"
"P019853";2024-12-23;21400;0,0403300805238935;594;NA;NA;NA;4;0,0305174701459531;"Accord"
"P019854";2024-12-23;13300;0,0123210399916643;629;NA;NA;NA;1;0,00912106135986733;"Accord"
"P019855";2024-12-23;14300;0,0173195521435239;617;NA;NA;NA;2;0,0177364864864865;"Accord"
"P019856";2024-12-24;8000;0,0209512578228586;613;NA;NA;NA;3;0,0298755186721992;"Accord"
"P019857";2024-12-24;4900;0,0239303116288893;609;NA;NA;NA;3;0,0298755186721992;"Accord"
"P019858";2024-12-24;9500;0,0531865522333772;586;NA;NA;NA;5;0,0514905149051491;"Accord"
"P019859";2024-12-24;7900;0,0241550750971963;609;NA;NA;NA;3;0,0298755186721992;"Accord"
"P019860";2024-12-24;15500;0,0322918585274299;599;NA;NA;NA;4;0,0305174701459531;"Accord"
"P019861";2024-12-24;6100;0,0183662852075367;618;NA;NA;NA;2;0,0177364864864865;"Accord"
"P019862";2024-12-24;4500;0,0872577759968805;571;NA;NA;NA;7;0,0828970331588133;"Accord"
"P019863";2024-12-24;5400;0,019731749266833;615;NA;NA;NA;3;0,0298755186721992;"Accord"
"P019864";2024-12-24;15100;0,0360984569044973;598;NA;NA;NA;4;0,0305174701459531;"Accord"
"P019865";2024-12-24;8900;0,197718970559923;543;"jours_decouvert_6m";"revenu_mensuel";"utilisation_revolving";9;0,268402154398564;"Refus"
"P019866";2024-12-24;16200;0,0150465165018972;623;NA;NA;NA;2;0,0177364864864865;"Accord"
"P019867";2024-12-24;5800;0,072094402678813;576;NA;NA;NA;6;0,0623481781376518;"Accord"
"P019868";2024-12-24;7000;0,0169008107106924;620;NA;NA;NA;2;0,0177364864864865;"Accord"
"P019869";2024-12-24;11300;0,0102403299918564;633;NA;NA;NA;1;0,00912106135986733;"Accord"
"P019870";2024-12-24;8000;0,11266919087406;562;"jours_decouvert_6m";"revenu_mensuel";"statut_logement";8;0,126416739319965;"Refus"
"P019871";2024-12-24;12000;0,186585280597561;544;"jours_decouvert_6m";"revenu_mensuel";"utilisation_revolving";9;0,268402154398564;"Refus"
"P019872";2024-12-24;3500;0,00688551474031998;647;NA;NA;NA;1;0,00912106135986733;"Accord"
"P019873";2024-12-24;33100;0,0885542395044339;569;NA;NA;NA;7;0,0828970331588133;"Accord"
"P019874";2024-12-25;7200;0,211502994665017;540;"revenu_mensuel";"jours_decouvert_6m";"taux_endettement";9;0,268402154398564;"Refus"
"P019875";2024-12-25;3900;0,136112661889704;556;"jours_decouvert_6m";"revenu_mensuel";"statut_logement";8;0,126416739319965;"Refus"
"P019876";2024-12-25;1500;0,0545920933432634;584;NA;NA;NA;6;0,0623481781376518;"Accord"
"P019877";2024-12-25;8500;0,102046037135947;565;NA;NA;NA;7;0,0828970331588133;"Accord"
"P019878";2024-12-25;8000;0,0788486227597534;573;NA;NA;NA;7;0,0828970331588133;"Accord"
"P019879";2024-12-25;3900;0,0659635585455072;578;NA;NA;NA;6;0,0623481781376518;"Accord"
"P019880";2024-12-25;4300;0,0284257903795429;604;NA;NA;NA;4;0,0305174701459531;"Accord"
"P019881";2024-12-25;10900;0,0409722877476076;593;NA;NA;NA;4;0,0305174701459531;"Accord"
"P019882";2024-12-25;3600;0,023129746985959;612;NA;NA;NA;3;0,0298755186721992;"Accord"
"P019883";2024-12-25;7600;0,061699236854861;580;NA;NA;NA;6;0,0623481781376518;"Accord"
"P019884";2024-12-25;8600;0,160616971020123;550;"revenu_mensuel";"jours_decouvert_6m";"statut_logement";8;0,126416739319965;"Refus"
"P019885";2024-12-25;12300;0,090152408375268;568;NA;NA;NA;7;0,0828970331588133;"Accord"
"P019886";2024-12-25;9200;0,217764013618725;540;"jours_decouvert_6m";"revenu_mensuel";"taux_endettement";9;0,268402154398564;"Refus"
"P019887";2024-12-25;8500;0,0286017381970696;603;NA;NA;NA;4;0,0305174701459531;"Accord"
"P019888";2024-12-25;8000;0,0442532648471289;591;NA;NA;NA;5;0,0514905149051491;"Accord"
"P019889";2024-12-25;5300;0,0546941406962238;585;NA;NA;NA;5;0,0514905149051491;"Accord"
"P019890";2024-12-25;8800;0,0342761736756567;599;NA;NA;NA;4;0,0305174701459531;"Accord"
"P019891";2024-12-25;35200;0,0500342011561401;587;NA;NA;NA;5;0,0514905149051491;"Accord"
"P019892";2024-12-25;4500;0,0264462041787692;607;NA;NA;NA;4;0,0305174701459531;"Accord"
"P019893";2024-12-25;7100;0,0199187568288603;614;NA;NA;NA;3;0,0298755186721992;"Accord"
"P019894";2024-12-25;7000;0,030794792637136;601;NA;NA;NA;4;0,0305174701459531;"Accord"
"P019895";2024-12-25;3100;0,0351506059357541;597;NA;NA;NA;4;0,0305174701459531;"Accord"
"P019896";2024-12-25;4900;0,0987249451675665;567;NA;NA;NA;7;0,0828970331588133;"Accord"
"P019897";2024-12-26;14300;0,0317855049013912;600;NA;NA;NA;4;0,0305174701459531;"Accord"
"P019898";2024-12-26;10500;0,0299356355032805;603;NA;NA;NA;4;0,0305174701459531;"Accord"
"P019899";2024-12-26;3900;0,030712229349375;602;NA;NA;NA;4;0,0305174701459531;"Accord"
"P019900";2024-12-26;7100;0,0780470117011107;573;NA;NA;NA;7;0,0828970331588133;"Accord"
"P019901";2024-12-26;10900;0,110136359087914;563;"jours_decouvert_6m";"utilisation_revolving";"revenu_mensuel";7;0,0828970331588133;"Refus"
"P019902";2024-12-26;5100;0,0556565219126489;585;NA;NA;NA;5;0,0514905149051491;"Accord"
"P019903";2024-12-26;15700;0,0768534288070926;574;NA;NA;NA;7;0,0828970331588133;"Accord"
"P019904";2024-12-26;3300;0,0293251214485565;602;NA;NA;NA;4;0,0305174701459531;"Accord"
"P019905";2024-12-26;8900;0,0894230088983331;570;NA;NA;NA;7;0,0828970331588133;"Accord"
"P019906";2024-12-26;10500;0,031130420518786;602;NA;NA;NA;4;0,0305174701459531;"Accord"
"P019907";2024-12-26;10500;0,159544980240985;551;"jours_decouvert_6m";"revenu_mensuel";"statut_logement";8;0,126416739319965;"Refus"
"P019908";2024-12-26;4100;0,0937408822819487;568;NA;NA;NA;7;0,0828970331588133;"Accord"
"P019909";2024-12-26;18400;0,0946074740358325;566;NA;NA;NA;7;0,0828970331588133;"Accord"
"P019910";2024-12-26;16900;0,0180870760904322;617;NA;NA;NA;2;0,0177364864864865;"Accord"
"P019911";2024-12-26;4900;0,0444540685351342;590;NA;NA;NA;5;0,0514905149051491;"Accord"
"P019912";2024-12-26;27700;0,0251989426360102;608;NA;NA;NA;3;0,0298755186721992;"Accord"
"P019913";2024-12-26;32000;0,523869851345272;499;"jours_decouvert_6m";"revenu_mensuel";"utilisation_revolving";9;0,268402154398564;"Refus"
"P019914";2024-12-26;9800;0,0361778750275031;597;NA;NA;NA;4;0,0305174701459531;"Accord"
"P019915";2024-12-26;5800;0,0488901105779308;588;NA;NA;NA;5;0,0514905149051491;"Accord"
"P019916";2024-12-26;9000;0,0189561682429133;616;NA;NA;NA;3;0,0298755186721992;"Accord"
"P019917";2024-12-27;19200;0,0273438767737025;605;NA;NA;NA;4;0,0305174701459531;"Accord"
"P019918";2024-12-27;17700;0,0431843421175488;591;NA;NA;NA;5;0,0514905149051491;"Accord"
"P019919";2024-12-27;4900;0,0800569068180765;573;NA;NA;NA;7;0,0828970331588133;"Accord"
"P019920";2024-12-27;13500;0,128030093195389;559;"jours_decouvert_6m";"revenu_mensuel";"taux_endettement";8;0,126416739319965;"Refus"
"P019921";2024-12-27;4800;0,0842924935578616;570;NA;NA;NA;7;0,0828970331588133;"Accord"
"P019922";2024-12-27;9800;0,0236055917708125;609;NA;NA;NA;3;0,0298755186721992;"Accord"
"P019923";2024-12-27;21800;0,0497472174092211;588;NA;NA;NA;5;0,0514905149051491;"Accord"
"P019924";2024-12-27;15100;0,0802476161703373;573;NA;NA;NA;7;0,0828970331588133;"Accord"
"P019925";2024-12-27;19300;0,00815191574562879;640;NA;NA;NA;1;0,00912106135986733;"Accord"
"P019926";2024-12-27;6500;0,117781782108539;561;"revenu_mensuel";"jours_decouvert_6m";"taux_endettement";8;0,126416739319965;"Refus"
"P019927";2024-12-27;8200;0,00956739937415867;636;NA;NA;NA;1;0,00912106135986733;"Accord"
"P019928";2024-12-27;8700;0,0793342762655283;573;NA;NA;NA;7;0,0828970331588133;"Accord"
"P019929";2024-12-27;10700;0,159969246212297;551;"revenu_mensuel";"jours_decouvert_6m";"taux_endettement";8;0,126416739319965;"Refus"
"P019930";2024-12-27;4800;0,0874448988252526;570;NA;NA;NA;7;0,0828970331588133;"Accord"
"P019931";2024-12-27;5100;0,09581963835437;567;NA;NA;NA;7;0,0828970331588133;"Accord"
"P019932";2024-12-27;4400;0,0554563021209214;584;NA;NA;NA;6;0,0623481781376518;"Accord"
"P019933";2024-12-27;15000;0,201708420742713;541;"jours_decouvert_6m";"revenu_mensuel";"taux_endettement";9;0,268402154398564;"Refus"
"P019934";2024-12-27;5700;0,0545244022156027;584;NA;NA;NA;6;0,0623481781376518;"Accord"
"P019935";2024-12-27;8000;0,0225576387324254;612;NA;NA;NA;3;0,0298755186721992;"Accord"
"P019936";2024-12-28;12200;0,163845426047434;549;"jours_decouvert_6m";"revenu_mensuel";"utilisation_revolving";8;0,126416739319965;"Refus"
"P019937";2024-12-28;4800;0,036352830599476;597;NA;NA;NA;4;0,0305174701459531;"Accord"
"P019938";2024-12-28;8500;0,0267671288006348;606;NA;NA;NA;4;0,0305174701459531;"Accord"
"P019939";2024-12-28;3400;0,013420369892939;625;NA;NA;NA;2;0,0177364864864865;"Accord"
"P019940";2024-12-28;9300;0,0255609064032936;607;NA;NA;NA;4;0,0305174701459531;"Accord"
"P019941";2024-12-28;4700;0,0397149466251663;594;NA;NA;NA;4;0,0305174701459531;"Accord"
"P019942";2024-12-28;4600;0,0287741390249929;603;NA;NA;NA;4;0,0305174701459531;"Accord"
"P019943";2024-12-28;4100;0,0144202455695169;624;NA;NA;NA;2;0,0177364864864865;"Accord"
"P019944";2024-12-28;12000;0,0229246579995494;611;NA;NA;NA;3;0,0298755186721992;"Accord"
"P019945";2024-12-28;7600;0,13735736131586;556;"jours_decouvert_6m";"revenu_mensuel";"taux_endettement";8;0,126416739319965;"Refus"
"P019946";2024-12-28;7600;0,0125126950991388;628;NA;NA;NA;2;0,0177364864864865;"Accord"
"P019947";2024-12-28;5700;0,0183502133155196;618;NA;NA;NA;2;0,0177364864864865;"Accord"
"P019948";2024-12-28;2100;0,0495366620954549;588;NA;NA;NA;5;0,0514905149051491;"Accord"
"P019949";2024-12-28;3900;0,160473061559859;550;"revenu_mensuel";"jours_decouvert_6m";"statut_logement";8;0,126416739319965;"Refus"
"P019950";2024-12-28;8000;0,0335647834354657;599;NA;NA;NA;4;0,0305174701459531;"Accord"
"P019951";2024-12-28;4800;0,0287974858421909;604;NA;NA;NA;4;0,0305174701459531;"Accord"
"P019952";2024-12-28;8200;0,0405502961760348;594;NA;NA;NA;4;0,0305174701459531;"Accord"
"P019953";2024-12-28;4500;0,0292900867610546;602;NA;NA;NA;4;0,0305174701459531;"Accord"
"P019954";2024-12-29;9900;0,0135916070717198;626;NA;NA;NA;2;0,0177364864864865;"Accord"
"P019955";2024-12-29;16900;0,0513296197752902;586;NA;NA;NA;5;0,0514905149051491;"Accord"
"P019956";2024-12-29;4300;0,0125565819405944;629;NA;NA;NA;1;0,00912106135986733;"Accord"
"P019957";2024-12-29;10000;0,032674833242119;599;NA;NA;NA;4;0,0305174701459531;"Accord"
"P019958";2024-12-29;12300;0,0133065940528081;627;NA;NA;NA;2;0,0177364864864865;"Accord"
"P019959";2024-12-29;5000;0,117681573943527;560;"jours_decouvert_6m";"revenu_mensuel";"statut_logement";8;0,126416739319965;"Refus"
"P019960";2024-12-29;12600;0,455068742518582;507;"jours_decouvert_6m";"revenu_mensuel";"utilisation_revolving";9;0,268402154398564;"Refus"
"P019961";2024-12-29;17300;0,0133065940528081;627;NA;NA;NA;2;0,0177364864864865;"Accord"
"P019962";2024-12-29;11900;0,0432303493160792;592;NA;NA;NA;5;0,0514905149051491;"Accord"
"P019963";2024-12-29;4200;0,0196018423668096;615;NA;NA;NA;3;0,0298755186721992;"Accord"
"P019964";2024-12-29;13200;0,386474284199158;515;"revenu_mensuel";"jours_decouvert_6m";"utilisation_revolving";9;0,268402154398564;"Refus"
"P019965";2024-12-29;26800;0,0714375300516829;575;NA;NA;NA;6;0,0623481781376518;"Accord"
"P019966";2024-12-29;10200;0,0972636774678203;567;NA;NA;NA;7;0,0828970331588133;"Accord"
"P019967";2024-12-29;22900;0,0105569236005229;634;NA;NA;NA;1;0,00912106135986733;"Accord"
"P019968";2024-12-30;5800;0,0175395055920749;618;NA;NA;NA;2;0,0177364864864865;"Accord"
"P019969";2024-12-30;10100;0,100867297269263;565;NA;NA;NA;7;0,0828970331588133;"Accord"
"P019970";2024-12-30;9900;0,0137634092190789;626;NA;NA;NA;2;0,0177364864864865;"Accord"
"P019971";2024-12-30;9600;0,0606760261561351;581;NA;NA;NA;6;0,0623481781376518;"Accord"
"P019972";2024-12-30;8500;0,197562379720588;543;"jours_decouvert_6m";"revenu_mensuel";"utilisation_revolving";9;0,268402154398564;"Refus"
"P019973";2024-12-30;9600;0,00784356539156029;641;NA;NA;NA;1;0,00912106135986733;"Accord"
"P019974";2024-12-30;10500;0,0551890512581282;585;NA;NA;NA;5;0,0514905149051491;"Accord"
"P019975";2024-12-30;6600;0,137131474917017;555;"jours_decouvert_6m";"revenu_mensuel";"incidents_12m";8;0,126416739319965;"Refus"
"P019976";2024-12-30;4500;0,0385294516548154;596;NA;NA;NA;4;0,0305174701459531;"Accord"
"P019977";2024-12-30;7800;0,0240451440527732;610;NA;NA;NA;3;0,0298755186721992;"Accord"
"P019978";2024-12-30;3400;0,0608411543043366;581;NA;NA;NA;6;0,0623481781376518;"Accord"
"P019979";2024-12-30;3300;0,0360308055733868;596;NA;NA;NA;4;0,0305174701459531;"Accord"
"P019980";2024-12-30;2800;0,0101325465591759;634;NA;NA;NA;1;0,00912106135986733;"Accord"
"P019981";2024-12-30;5200;0,0291621700909699;603;NA;NA;NA;4;0,0305174701459531;"Accord"
"P019982";2024-12-30;9000;0,0445589585882619;590;NA;NA;NA;5;0,0514905149051491;"Accord"
"P019983";2024-12-30;12700;0,267475013894253;531;"jours_decouvert_6m";"revenu_mensuel";"taux_endettement";9;0,268402154398564;"Refus"
"P019984";2024-12-30;15800;0,12947092236899;557;"jours_decouvert_6m";"revenu_mensuel";"utilisation_revolving";8;0,126416739319965;"Refus"
"P019985";2024-12-30;14400;0,0576655629042443;583;NA;NA;NA;6;0,0623481781376518;"Accord"
"P019986";2024-12-31;3700;0,037481945215757;596;NA;NA;NA;4;0,0305174701459531;"Accord"
"P019987";2024-12-31;4800;0,0283061670350458;604;NA;NA;NA;4;0,0305174701459531;"Accord"
"P019988";2024-12-31;21100;0,0116571991222008;630;NA;NA;NA;1;0,00912106135986733;"Accord"
"P019989";2024-12-31;5500;0,367361543779595;519;"jours_decouvert_6m";"revenu_mensuel";"statut_logement";9;0,268402154398564;"Refus"
"P019990";2024-12-31;3900;0,156516657666209;551;"jours_decouvert_6m";"utilisation_revolving";"statut_logement";8;0,126416739319965;"Refus"
"P019991";2024-12-31;6700;0,0146922795087455;624;NA;NA;NA;2;0,0177364864864865;"Accord"
"P019992";2024-12-31;22400;0,0437364767267863;591;NA;NA;NA;5;0,0514905149051491;"Accord"
"P019993";2024-12-31;7000;0,0257081284558267;607;NA;NA;NA;4;0,0305174701459531;"Accord"
"P019994";2024-12-31;4400;0,189402713081941;545;"jours_decouvert_6m";"revenu_mensuel";"statut_logement";9;0,268402154398564;"Refus"
"P019995";2024-12-31;9700;0,039854838237404;594;NA;NA;NA;4;0,0305174701459531;"Accord"
"P019996";2024-12-31;3600;0,0376001643873084;596;NA;NA;NA;4;0,0305174701459531;"Accord"
"P019997";2024-12-31;6300;0,0850128060180706;570;NA;NA;NA;7;0,0828970331588133;"Accord"
"P019998";2024-12-31;6900;0,0049836529829317;655;NA;NA;NA;1;0,00912106135986733;"Accord"
"P019999";2024-12-31;3300;0,0138042904724243;625;NA;NA;NA;2;0,0177364864864865;"Accord"
"P020000";2024-12-31;9800;0,146494923434093;553;"jours_decouvert_6m";"revenu_mensuel";"statut_logement";8;0,126416739319965;"Refus"
