"id";"annee";"secteur";"pd";"score";"motif_1";"motif_2";"motif_3";"classe";"pd_classe"
"E00001";2023;"Hôtellerie-restauration";0,0157193504169314;606;"liquidite_generale";"capacite_remboursement";"autonomie_financiere";4;0,0195503421309873
"E00004";2023;"Services";0,0270309118563767;590;"autonomie_financiere";"capacite_remboursement";"tresorerie_actif";6;0,0261682242990654
"E00008";2023;"Services";0,00102852130309558;686;"log_effectif";"liquidite_generale";"delai_clients_jours";1;0,00282752120640905
"E00013";2023;"Commerce";0,0218814852548289;597;"capacite_remboursement";"autonomie_financiere";"tresorerie_actif";5;0,0206378986866792
"E00019";2023;"Transport";0,0154055035148518;607;"capacite_remboursement";"autonomie_financiere";"tresorerie_actif";4;0,0195503421309873
"E00020";2023;"BTP";0,0505671751495527;572;"capacite_remboursement";"autonomie_financiere";"tresorerie_actif";7;0,0622489959839357
"E00022";2023;"Hôtellerie-restauration";0,00684728759180502;631;"capacite_remboursement";"tresorerie_actif";"autonomie_financiere";3;0,0101195952161914
"E00028";2023;"Services";0,00532562064416367;638;"log_effectif";"tresorerie_actif";"autonomie_financiere";2;0,00561272217025257
"E00032";2023;"Hôtellerie-restauration";0,0259288013122565;592;"capacite_remboursement";"autonomie_financiere";"tresorerie_actif";5;0,0206378986866792
"E00034";2023;"Services";0,0267555062943665;592;"capacite_remboursement";"autonomie_financiere";"tresorerie_actif";5;0,0206378986866792
"E00035";2023;"Services";0,0112384896593957;617;"capacite_remboursement";"autonomie_financiere";"tresorerie_actif";4;0,0195503421309873
"E00038";2023;"Industrie";0,00951502612449302;622;"capacite_remboursement";"tresorerie_actif";"autonomie_financiere";3;0,0101195952161914
"E00040";2023;"Hôtellerie-restauration";0,00544506880788772;637;"capacite_remboursement";"autonomie_financiere";"liquidite_generale";2;0,00561272217025257
"E00045";2023;"Industrie";0,0755287797767652;560;"capacite_remboursement";"liquidite_generale";"autonomie_financiere";7;0,0622489959839357
"E00046";2023;"Commerce";0,00483785239942724;641;"autonomie_financiere";"capacite_remboursement";"tresorerie_actif";2;0,00561272217025257
"E00048";2023;"Commerce";0,104092721342565;549;"capacite_remboursement";"autonomie_financiere";"log_effectif";8;0,157088122605364
"E00053";2023;"Hôtellerie-restauration";0,0813882880567887;558;"capacite_remboursement";"autonomie_financiere";"liquidite_generale";7;0,0622489959839357
"E00054";2023;"BTP";0,0291226389811148;589;"capacite_remboursement";"autonomie_financiere";"tresorerie_actif";6;0,0261682242990654
"E00062";2023;"Industrie";0,0190694628554825;601;"capacite_remboursement";"liquidite_generale";"tresorerie_actif";5;0,0206378986866792
"E00064";2023;"Industrie";0,00257245537397812;660;"capacite_remboursement";"tresorerie_actif";"liquidite_generale";1;0,00282752120640905
"E00072";2023;"BTP";0,020478451212343;599;"autonomie_financiere";"capacite_remboursement";"liquidite_generale";5;0,0206378986866792
"E00077";2023;"Services";0,0499415487781813;572;"capacite_remboursement";"liquidite_generale";"autonomie_financiere";7;0,0622489959839357
"E00078";2023;"Industrie";0,0181088749720496;603;"autonomie_financiere";"capacite_remboursement";"tresorerie_actif";5;0,0206378986866792
"E00080";2023;"Hôtellerie-restauration";0,0235740376755404;595;"capacite_remboursement";"autonomie_financiere";"liquidite_generale";5;0,0206378986866792
"E00081";2023;"Industrie";0,0141474789561654;610;"autonomie_financiere";"capacite_remboursement";"tresorerie_actif";4;0,0195503421309873
"E00086";2023;"Hôtellerie-restauration";0,0104497063739139;619;"capacite_remboursement";"autonomie_financiere";"tresorerie_actif";3;0,0101195952161914
"E00088";2023;"BTP";0,0159323782836291;607;"capacite_remboursement";"autonomie_financiere";"tresorerie_actif";4;0,0195503421309873
"E00091";2023;"BTP";0,0447168735088461;574;"capacite_remboursement";"tresorerie_actif";"liquidite_generale";7;0,0622489959839357
"E00099";2023;"Industrie";0,012072950640551;615;"capacite_remboursement";"liquidite_generale";"autonomie_financiere";4;0,0195503421309873
"E00102";2023;"Commerce";0,0286582907116649;589;"capacite_remboursement";"autonomie_financiere";"liquidite_generale";6;0,0261682242990654
"E00109";2023;"Commerce";0,00060479458764761;701;"tresorerie_actif";"log_effectif";"secteur";1;0,00282752120640905
"E00112";2023;"BTP";0,00511156831066594;639;"log_effectif";"autonomie_financiere";"tresorerie_actif";2;0,00561272217025257
"E00124";2023;"Transport";0,0851436284599739;555;"capacite_remboursement";"liquidite_generale";"autonomie_financiere";8;0,157088122605364
"E00126";2023;"Hôtellerie-restauration";0,0114396804744639;616;"capacite_remboursement";"log_effectif";"autonomie_financiere";4;0,0195503421309873
"E00128";2023;"Services";0,0104290804223045;619;"capacite_remboursement";"autonomie_financiere";"tresorerie_actif";3;0,0101195952161914
"E00134";2023;"BTP";0,0225615247926801;596;"capacite_remboursement";"autonomie_financiere";"tresorerie_actif";5;0,0206378986866792
"E00136";2023;"Services";0,00950103866499497;621;"autonomie_financiere";"capacite_remboursement";"liquidite_generale";3;0,0101195952161914
"E00138";2023;"Commerce";0,0511345722337476;572;"capacite_remboursement";"autonomie_financiere";"tresorerie_actif";7;0,0622489959839357
"E00141";2023;"Commerce";0,017179145504859;604;"autonomie_financiere";"tresorerie_actif";"capacite_remboursement";5;0,0206378986866792
"E00148";2023;"BTP";0,0718472606233756;560;"capacite_remboursement";"liquidite_generale";"autonomie_financiere";7;0,0622489959839357
"E00151";2023;"Commerce";0,0118168562217458;615;"capacite_remboursement";"autonomie_financiere";"tresorerie_actif";4;0,0195503421309873
"E00153";2023;"Industrie";0,0728491839305428;561;"capacite_remboursement";"autonomie_financiere";"tresorerie_actif";7;0,0622489959839357
"E00156";2023;"Commerce";0,0371173306653691;581;"capacite_remboursement";"tresorerie_actif";"autonomie_financiere";6;0,0261682242990654
"E00166";2023;"Commerce";0,0296483807471146;588;"capacite_remboursement";"autonomie_financiere";"liquidite_generale";6;0,0261682242990654
"E00168";2023;"Hôtellerie-restauration";0,0264335851308545;592;"capacite_remboursement";"autonomie_financiere";"log_effectif";5;0,0206378986866792
"E00170";2023;"Commerce";0,0557445844275937;569;"autonomie_financiere";"liquidite_generale";"capacite_remboursement";7;0,0622489959839357
"E00178";2023;"Transport";0,0157294486030173;607;"capacite_remboursement";"autonomie_financiere";"liquidite_generale";4;0,0195503421309873
"E00182";2023;"Services";0,0116931029035988;615;"capacite_remboursement";"liquidite_generale";"autonomie_financiere";4;0,0195503421309873
"E00183";2023;"Commerce";0,0154388967660765;607;"capacite_remboursement";"autonomie_financiere";"tresorerie_actif";4;0,0195503421309873
"E00191";2023;"Commerce";0,0295178015690443;589;"capacite_remboursement";"autonomie_financiere";"tresorerie_actif";6;0,0261682242990654
"E00194";2023;"Commerce";0,0320430189459146;586;"capacite_remboursement";"autonomie_financiere";"tresorerie_actif";6;0,0261682242990654
"E00199";2023;"Commerce";0,0378031172041413;581;"capacite_remboursement";"autonomie_financiere";"tresorerie_actif";6;0,0261682242990654
"E00203";2023;"Hôtellerie-restauration";0,0092640014108367;622;"capacite_remboursement";"autonomie_financiere";"log_effectif";3;0,0101195952161914
"E00206";2023;"Commerce";0,148712607978996;537;"capacite_remboursement";"autonomie_financiere";"tresorerie_actif";8;0,157088122605364
"E00212";2023;"Commerce";0,0227261268902056;596;"capacite_remboursement";"liquidite_generale";"autonomie_financiere";5;0,0206378986866792
"E00214";2023;"Transport";0,00448779390074245;643;"capacite_remboursement";"log_effectif";"liquidite_generale";2;0,00561272217025257
"E00220";2023;"Services";0,0574833408682865;568;"liquidite_generale";"autonomie_financiere";"capacite_remboursement";7;0,0622489959839357
"E00226";2023;"Transport";0,0513691414445288;572;"liquidite_generale";"capacite_remboursement";"autonomie_financiere";7;0,0622489959839357
"E00228";2023;"Industrie";0,0334708696243104;585;"capacite_remboursement";"autonomie_financiere";"tresorerie_actif";6;0,0261682242990654
"E00241";2023;"Commerce";0,0156145205658715;607;"capacite_remboursement";"tresorerie_actif";"autonomie_financiere";4;0,0195503421309873
"E00242";2023;"Commerce";0,00182948538930719;669;"autonomie_financiere";"tresorerie_actif";"secteur";1;0,00282752120640905
"E00255";2023;"Industrie";0,0404878787338389;579;"autonomie_financiere";"liquidite_generale";"capacite_remboursement";6;0,0261682242990654
"E00268";2023;"Commerce";0,0230431103134427;596;"capacite_remboursement";"autonomie_financiere";"tresorerie_actif";5;0,0206378986866792
"E00276";2023;"BTP";0,0102618308765545;620;"capacite_remboursement";"liquidite_generale";"tresorerie_actif";3;0,0101195952161914
"E00284";2023;"Hôtellerie-restauration";0,0124791201904472;614;"capacite_remboursement";"autonomie_financiere";"tresorerie_actif";4;0,0195503421309873
"E00288";2023;"Industrie";0,00706796342042601;630;"autonomie_financiere";"capacite_remboursement";"tresorerie_actif";3;0,0101195952161914
"E00291";2023;"Services";0,00200921971739506;666;"log_effectif";"liquidite_generale";"tresorerie_actif";1;0,00282752120640905
"E00298";2023;"BTP";0,0139739026541291;611;"capacite_remboursement";"autonomie_financiere";"tresorerie_actif";4;0,0195503421309873
"E00303";2023;"Commerce";0,0143932158287789;610;"capacite_remboursement";"autonomie_financiere";"log_effectif";4;0,0195503421309873
"E00315";2023;"Commerce";0,0030786479674631;653;"autonomie_financiere";"liquidite_generale";"tresorerie_actif";1;0,00282752120640905
"E00320";2023;"Industrie";0,0129461665392084;611;"autonomie_financiere";"capacite_remboursement";"incidents_paiement";4;0,0195503421309873
"E00327";2023;"BTP";0,147771508647179;537;"liquidite_generale";"capacite_remboursement";"autonomie_financiere";8;0,157088122605364
"E00331";2023;"Industrie";0,00302767223383085;654;"autonomie_financiere";"liquidite_generale";"tresorerie_actif";1;0,00282752120640905
"E00340";2023;"Hôtellerie-restauration";0,00627328494831828;634;"capacite_remboursement";"autonomie_financiere";"tresorerie_actif";2;0,00561272217025257
"E00344";2023;"Commerce";0,00536766865722524;638;"capacite_remboursement";"tresorerie_actif";"log_effectif";2;0,00561272217025257
"E00345";2023;"Commerce";0,0194189704154451;600;"capacite_remboursement";"autonomie_financiere";"tresorerie_actif";5;0,0206378986866792
"E00352";2023;"BTP";0,00228704975290125;662;"autonomie_financiere";"liquidite_generale";"tresorerie_actif";1;0,00282752120640905
"E00353";2023;"BTP";0,00805731788961962;626;"capacite_remboursement";"autonomie_financiere";"tresorerie_actif";3;0,0101195952161914
"E00355";2023;"Industrie";0,0279509792801994;590;"capacite_remboursement";"log_effectif";"autonomie_financiere";6;0,0261682242990654
"E00360";2023;"Services";0,00917457467865833;623;"capacite_remboursement";"tresorerie_actif";"autonomie_financiere";3;0,0101195952161914
"E00363";2023;"Services";0,00856648527338067;625;"capacite_remboursement";"tresorerie_actif";"autonomie_financiere";3;0,0101195952161914
"E00366";2023;"Industrie";0,00228307743192731;663;"autonomie_financiere";"liquidite_generale";"tresorerie_actif";1;0,00282752120640905
"E00367";2023;"Services";0,0716806962162106;561;"capacite_remboursement";"liquidite_generale";"log_effectif";7;0,0622489959839357
"E00368";2023;"Services";0,00675540527802034;631;"capacite_remboursement";"autonomie_financiere";"liquidite_generale";3;0,0101195952161914
"E00369";2023;"Commerce";0,0127133356759867;613;"capacite_remboursement";"tresorerie_actif";"autonomie_financiere";4;0,0195503421309873
"E00376";2023;"Commerce";0,0280044746319497;590;"capacite_remboursement";"autonomie_financiere";"tresorerie_actif";6;0,0261682242990654
"E00383";2023;"Transport";0,0180338329969691;603;"capacite_remboursement";"autonomie_financiere";"tresorerie_actif";5;0,0206378986866792
"E00389";2023;"Services";0,088171133667586;555;"autonomie_financiere";"capacite_remboursement";"tresorerie_actif";8;0,157088122605364
"E00421";2023;"Services";0,003492154411576;651;"capacite_remboursement";"autonomie_financiere";"liquidite_generale";2;0,00561272217025257
"E00423";2023;"Services";0,0772057754145802;558;"liquidite_generale";"capacite_remboursement";"autonomie_financiere";7;0,0622489959839357
"E00426";2023;"Industrie";0,0386034549799944;580;"capacite_remboursement";"log_effectif";"autonomie_financiere";6;0,0261682242990654
"E00428";2023;"Transport";0,00300608830652585;655;"capacite_remboursement";"autonomie_financiere";"tresorerie_actif";1;0,00282752120640905
"E00433";2023;"Commerce";0,0582227230788563;568;"capacite_remboursement";"autonomie_financiere";"tresorerie_actif";7;0,0622489959839357
"E00434";2023;"Commerce";0,0313794202014279;586;"autonomie_financiere";"log_effectif";"capacite_remboursement";6;0,0261682242990654
"E00437";2023;"Hôtellerie-restauration";0,133809758685198;541;"autonomie_financiere";"capacite_remboursement";"liquidite_generale";8;0,157088122605364
"E00449";2023;"Services";0,00369492989200354;650;"capacite_remboursement";"autonomie_financiere";"tresorerie_actif";2;0,00561272217025257
"E00453";2023;"Services";0,0130555995710068;612;"liquidite_generale";"capacite_remboursement";"autonomie_financiere";4;0,0195503421309873
"E00454";2023;"BTP";0,0643912353378843;564;"capacite_remboursement";"autonomie_financiere";"log_effectif";7;0,0622489959839357
"E00457";2023;"Commerce";0,0430730817314158;576;"capacite_remboursement";"liquidite_generale";"autonomie_financiere";7;0,0622489959839357
"E00458";2023;"BTP";0,194536817095348;527;"capacite_remboursement";"liquidite_generale";"autonomie_financiere";8;0,157088122605364
"E00463";2023;"Services";0,0778094135207085;560;"autonomie_financiere";"capacite_remboursement";"liquidite_generale";7;0,0622489959839357
"E00469";2023;"Hôtellerie-restauration";0,0660088211420855;563;"capacite_remboursement";"liquidite_generale";"autonomie_financiere";7;0,0622489959839357
"E00473";2023;"Transport";0,00782395749626582;627;"capacite_remboursement";"autonomie_financiere";"liquidite_generale";3;0,0101195952161914
"E00475";2023;"Industrie";0,0442788598506014;577;"autonomie_financiere";"capacite_remboursement";"tresorerie_actif";6;0,0261682242990654
"E00481";2023;"Commerce";0,095528227807185;553;"autonomie_financiere";"liquidite_generale";"capacite_remboursement";8;0,157088122605364
"E00488";2023;"Hôtellerie-restauration";0,0308167962067438;586;"capacite_remboursement";"autonomie_financiere";"liquidite_generale";6;0,0261682242990654
"E00492";2023;"Services";0,00285188360773788;657;"autonomie_financiere";"log_effectif";"tresorerie_actif";1;0,00282752120640905
"E00493";2023;"Industrie";0,0300987055837075;588;"capacite_remboursement";"autonomie_financiere";"log_effectif";6;0,0261682242990654
"E00501";2023;"Hôtellerie-restauration";0,00340160661129821;651;"capacite_remboursement";"liquidite_generale";"tresorerie_actif";2;0,00561272217025257
"E00503";2023;"Hôtellerie-restauration";0,00028111191462133;723;"log_effectif";"secteur";NA;1;0,00282752120640905
"E00504";2023;"Commerce";0,0266667812922227;589;"tresorerie_actif";"autonomie_financiere";"capacite_remboursement";6;0,0261682242990654
"E00505";2023;"Commerce";0,0270951712601177;591;"capacite_remboursement";"tresorerie_actif";"autonomie_financiere";6;0,0261682242990654
"E00514";2023;"Transport";0,0254733894996094;592;"autonomie_financiere";"capacite_remboursement";"liquidite_generale";5;0,0206378986866792
"E00517";2023;"Commerce";0,0178472281916044;603;"capacite_remboursement";"autonomie_financiere";"tresorerie_actif";5;0,0206378986866792
"E00520";2023;"Hôtellerie-restauration";0,0014500096330397;675;"capacite_remboursement";"autonomie_financiere";"tresorerie_actif";1;0,00282752120640905
"E00530";2023;"BTP";0,0521222594424924;571;"capacite_remboursement";"liquidite_generale";"autonomie_financiere";7;0,0622489959839357
"E00534";2023;"Hôtellerie-restauration";0,0170776932195141;604;"capacite_remboursement";"autonomie_financiere";"liquidite_generale";5;0,0206378986866792
"E00535";2023;"Services";0,00188822112957335;668;"autonomie_financiere";"capacite_remboursement";"tresorerie_actif";1;0,00282752120640905
"E00542";2023;"Commerce";0,0593586376241931;567;"capacite_remboursement";"autonomie_financiere";"tresorerie_actif";7;0,0622489959839357
"E00543";2023;"Services";0,0144558291918204;609;"autonomie_financiere";"capacite_remboursement";"incidents_paiement";4;0,0195503421309873
"E00547";2023;"Commerce";0,00438724616587297;644;"capacite_remboursement";"log_effectif";"tresorerie_actif";2;0,00561272217025257
"E00551";2023;"Commerce";0,0615871011531623;565;"capacite_remboursement";"liquidite_generale";"autonomie_financiere";7;0,0622489959839357
"E00555";2023;"BTP";0,00332025852710634;651;"autonomie_financiere";"tresorerie_actif";"delai_clients_jours";2;0,00561272217025257
"E00559";2023;"Services";0,220982475231089;525;"autonomie_financiere";"capacite_remboursement";"liquidite_generale";8;0,157088122605364
"E00565";2023;"Commerce";0,0204526248938083;599;"capacite_remboursement";"liquidite_generale";"autonomie_financiere";5;0,0206378986866792
"E00570";2023;"Services";0,227505739257229;522;"autonomie_financiere";"capacite_remboursement";"tresorerie_actif";8;0,157088122605364
"E00571";2023;"Transport";0,249143144416359;519;"autonomie_financiere";"capacite_remboursement";"liquidite_generale";8;0,157088122605364
"E00573";2023;"Industrie";0,00367444721337999;648;"autonomie_financiere";"incidents_paiement";"liquidite_generale";2;0,00561272217025257
"E00575";2023;"Commerce";0,00991169449226138;621;"capacite_remboursement";"tresorerie_actif";"autonomie_financiere";3;0,0101195952161914
"E00578";2023;"Services";0,0123100581866881;614;"autonomie_financiere";"capacite_remboursement";"liquidite_generale";4;0,0195503421309873
"E00584";2023;"Commerce";0,175028232604183;531;"capacite_remboursement";"log_effectif";"autonomie_financiere";8;0,157088122605364
"E00588";2023;"Services";0,0133869180474991;611;"capacite_remboursement";"autonomie_financiere";"tresorerie_actif";4;0,0195503421309873
"E00596";2023;"Commerce";0,0877979811728229;556;"autonomie_financiere";"capacite_remboursement";"tresorerie_actif";8;0,157088122605364
"E00599";2023;"Transport";0,126509699392529;542;"autonomie_financiere";"capacite_remboursement";"log_effectif";8;0,157088122605364
"E00608";2023;"Industrie";0,00393850720120049;647;"capacite_remboursement";"autonomie_financiere";"tresorerie_actif";2;0,00561272217025257
"E00610";2023;"Services";0,0562991638443238;570;"autonomie_financiere";"capacite_remboursement";"tresorerie_actif";7;0,0622489959839357
"E00616";2023;"Industrie";0,18480700442689;530;"capacite_remboursement";"liquidite_generale";"autonomie_financiere";8;0,157088122605364
"E00618";2023;"Industrie";0,00459132415536011;642;"capacite_remboursement";"autonomie_financiere";"liquidite_generale";2;0,00561272217025257
"E00633";2023;"Commerce";0,00428168267411111;645;"autonomie_financiere";"log_effectif";"tresorerie_actif";2;0,00561272217025257
"E00636";2023;"BTP";0,0648133898684967;563;"liquidite_generale";"capacite_remboursement";"autonomie_financiere";7;0,0622489959839357
"E00651";2023;"Commerce";0,00973356033221418;621;"capacite_remboursement";"autonomie_financiere";"tresorerie_actif";3;0,0101195952161914
"E00661";2023;"Services";0,0159132788029234;608;"capacite_remboursement";"autonomie_financiere";"tresorerie_actif";4;0,0195503421309873
"E00663";2023;"Hôtellerie-restauration";0,00346365765234307;650;"autonomie_financiere";"tresorerie_actif";"liquidite_generale";2;0,00561272217025257
"E00673";2023;"Services";0,0581553072090703;570;"autonomie_financiere";"capacite_remboursement";"tresorerie_actif";7;0,0622489959839357
"E00674";2023;"Commerce";0,0208216437900479;598;"autonomie_financiere";"capacite_remboursement";"tresorerie_actif";5;0,0206378986866792
"E00680";2023;"Services";0,0255557592895714;593;"capacite_remboursement";"autonomie_financiere";"tresorerie_actif";5;0,0206378986866792
"E00685";2023;"Transport";0,0169614915420962;605;"capacite_remboursement";"autonomie_financiere";"tresorerie_actif";4;0,0195503421309873
"E00688";2023;"Commerce";0,313891486049539;510;"autonomie_financiere";"capacite_remboursement";"tresorerie_actif";8;0,157088122605364
"E00695";2023;"Services";0,0212907524863168;599;"capacite_remboursement";"autonomie_financiere";"log_effectif";5;0,0206378986866792
"E00697";2023;"Commerce";0,00158955282847688;673;"autonomie_financiere";"tresorerie_actif";"secteur";1;0,00282752120640905
"E00715";2023;"Transport";0,10958411678841;548;"autonomie_financiere";"capacite_remboursement";"incidents_paiement";8;0,157088122605364
"E00719";2023;"Services";0,00867591226838546;625;"capacite_remboursement";"autonomie_financiere";"tresorerie_actif";3;0,0101195952161914
"E00723";2023;"Industrie";0,115719694052725;546;"capacite_remboursement";"autonomie_financiere";"tresorerie_actif";8;0,157088122605364
"E00735";2023;"BTP";0,0690502982665585;561;"capacite_remboursement";"autonomie_financiere";"tresorerie_actif";7;0,0622489959839357
"E00740";2023;"Transport";0,00323948643371377;653;"tresorerie_actif";"autonomie_financiere";"liquidite_generale";1;0,00282752120640905
"E00751";2023;"Services";0,0303612139008255;587;"capacite_remboursement";"autonomie_financiere";"tresorerie_actif";6;0,0261682242990654
"E00761";2023;"BTP";0,0175388630822355;603;"autonomie_financiere";"capacite_remboursement";"tresorerie_actif";5;0,0206378986866792
"E00763";2023;"Services";0,074550353020442;561;"capacite_remboursement";"liquidite_generale";"autonomie_financiere";7;0,0622489959839357
"E00765";2023;"Hôtellerie-restauration";0,00696817094774512;630;"capacite_remboursement";"autonomie_financiere";"log_effectif";3;0,0101195952161914
"E00767";2023;"Services";0,145857827279448;539;"autonomie_financiere";"capacite_remboursement";"tresorerie_actif";8;0,157088122605364
"E00772";2023;"Services";0,0109003717321886;617;"autonomie_financiere";"capacite_remboursement";"incidents_paiement";4;0,0195503421309873
"E00774";2023;"Services";0,00335848137550561;652;"capacite_remboursement";"liquidite_generale";"tresorerie_actif";2;0,00561272217025257
"E00779";2023;"Services";0,0070515431148551;631;"capacite_remboursement";"autonomie_financiere";"tresorerie_actif";3;0,0101195952161914
"E00781";2023;"Services";0,0107342453983699;618;"capacite_remboursement";"tresorerie_actif";"autonomie_financiere";3;0,0101195952161914
"E00794";2023;"Services";0,0216424836545127;598;"capacite_remboursement";"autonomie_financiere";"liquidite_generale";5;0,0206378986866792
"E00810";2023;"Services";0,00231610023235291;663;"autonomie_financiere";"capacite_remboursement";"tresorerie_actif";1;0,00282752120640905
"E00812";2023;"BTP";0,159356959182946;536;"autonomie_financiere";"capacite_remboursement";"liquidite_generale";8;0,157088122605364
"E00820";2023;"Services";0,0168706385783758;605;"autonomie_financiere";"capacite_remboursement";"liquidite_generale";4;0,0195503421309873
"E00821";2023;"Transport";0,00390974485376117;648;"autonomie_financiere";"tresorerie_actif";"log_effectif";2;0,00561272217025257
"E00822";2023;"Commerce";0,17905700009017;530;"capacite_remboursement";"liquidite_generale";"autonomie_financiere";8;0,157088122605364
"E00827";2023;"Services";0,0950005445466401;552;"autonomie_financiere";"liquidite_generale";"capacite_remboursement";8;0,157088122605364
"E00829";2023;"Commerce";0,00319642144726994;652;"capacite_remboursement";"autonomie_financiere";"tresorerie_actif";2;0,00561272217025257
"E00830";2023;"Industrie";0,00450083135182528;643;"autonomie_financiere";"capacite_remboursement";"liquidite_generale";2;0,00561272217025257
"E00834";2023;"Hôtellerie-restauration";0,0214202150555289;596;"capacite_remboursement";"autonomie_financiere";"tresorerie_actif";5;0,0206378986866792
"E00838";2023;"Transport";0,389438489661536;500;"capacite_remboursement";"autonomie_financiere";"liquidite_generale";8;0,157088122605364
"E00840";2023;"Industrie";0,000429668107914417;712;"tresorerie_actif";"delai_clients_jours";"secteur";1;0,00282752120640905
"E00841";2023;"Commerce";0,0160549581003038;606;"autonomie_financiere";"capacite_remboursement";"log_effectif";4;0,0195503421309873
"E00842";2023;"Hôtellerie-restauration";0,0760126175473995;559;"capacite_remboursement";"liquidite_generale";"autonomie_financiere";7;0,0622489959839357
"E00844";2023;"Services";0,00761680091069816;629;"capacite_remboursement";"autonomie_financiere";"tresorerie_actif";3;0,0101195952161914
"E00847";2023;"Hôtellerie-restauration";0,00482834577615908;640;"capacite_remboursement";"tresorerie_actif";"liquidite_generale";2;0,00561272217025257
"E00851";2023;"Industrie";0,0662414309996262;564;"capacite_remboursement";"autonomie_financiere";"tresorerie_actif";7;0,0622489959839357
"E00859";2023;"Industrie";0,0221238362553642;598;"capacite_remboursement";"autonomie_financiere";"tresorerie_actif";5;0,0206378986866792
"E00861";2023;"Services";0,0279306079484225;591;"autonomie_financiere";"capacite_remboursement";"liquidite_generale";6;0,0261682242990654
"E00881";2023;"Commerce";0,0403958473416343;579;"liquidite_generale";"capacite_remboursement";"autonomie_financiere";6;0,0261682242990654
"E00892";2023;"Industrie";0,00955767002236136;622;"capacite_remboursement";"log_effectif";"autonomie_financiere";3;0,0101195952161914
"E00902";2023;"Services";0,0138528998492957;611;"capacite_remboursement";"autonomie_financiere";"liquidite_generale";4;0,0195503421309873
"E00903";2023;"Services";0,000651356975791127;700;"autonomie_financiere";"log_effectif";"delai_clients_jours";1;0,00282752120640905
"E00910";2023;"Services";0,0221669365572586;597;"capacite_remboursement";"autonomie_financiere";"incidents_paiement";5;0,0206378986866792
"E00911";2023;"Industrie";0,040247065595142;579;"capacite_remboursement";"autonomie_financiere";"tresorerie_actif";6;0,0261682242990654
"E00914";2023;"Services";0,0200692474926027;600;"capacite_remboursement";"autonomie_financiere";"tresorerie_actif";5;0,0206378986866792
"E00915";2023;"BTP";0,139714119925455;540;"autonomie_financiere";"capacite_remboursement";"tresorerie_actif";8;0,157088122605364
"E00928";2023;"Commerce";0,00428219334100136;645;"capacite_remboursement";"autonomie_financiere";"tresorerie_actif";2;0,00561272217025257
"E00930";2023;"Industrie";0,0244910087792346;595;"capacite_remboursement";"autonomie_financiere";"liquidite_generale";5;0,0206378986866792
"E00934";2023;"Hôtellerie-restauration";0,0813882880567887;558;"capacite_remboursement";"autonomie_financiere";"liquidite_generale";7;0,0622489959839357
"E00942";2023;"BTP";0,00672233603817919;631;"capacite_remboursement";"tresorerie_actif";"log_effectif";3;0,0101195952161914
"E00943";2023;"Services";0,0119872853752732;616;"capacite_remboursement";"autonomie_financiere";"tresorerie_actif";4;0,0195503421309873
"E00951";2023;"Services";0,0545086577918556;570;"liquidite_generale";"capacite_remboursement";"autonomie_financiere";7;0,0622489959839357
"E00955";2023;"BTP";0,0518410362903903;572;"capacite_remboursement";"liquidite_generale";"autonomie_financiere";7;0,0622489959839357
"E00965";2023;"Services";0,0460726852396191;574;"capacite_remboursement";"autonomie_financiere";"liquidite_generale";7;0,0622489959839357
"E00966";2023;"Commerce";0,00116707045749749;682;"log_effectif";"tresorerie_actif";"secteur";1;0,00282752120640905
"E00968";2023;"Commerce";0,0167656479062264;605;"capacite_remboursement";"autonomie_financiere";"liquidite_generale";4;0,0195503421309873
"E00970";2023;"Commerce";0,0261608113487695;592;"capacite_remboursement";"autonomie_financiere";"log_effectif";5;0,0206378986866792
"E00974";2023;"Commerce";0,0593586376241931;567;"capacite_remboursement";"autonomie_financiere";"tresorerie_actif";7;0,0622489959839357
"E00975";2023;"Services";0,0157852252342783;607;"autonomie_financiere";"capacite_remboursement";"liquidite_generale";4;0,0195503421309873
"E00981";2023;"Industrie";0,0145313860040057;609;"capacite_remboursement";"incidents_paiement";"autonomie_financiere";4;0,0195503421309873
"E00986";2023;"Hôtellerie-restauration";0,0102043009045651;619;"capacite_remboursement";"autonomie_financiere";"liquidite_generale";3;0,0101195952161914
"E00992";2023;"BTP";0,00440502537730127;644;"autonomie_financiere";"tresorerie_actif";"liquidite_generale";2;0,00561272217025257
"E01004";2023;"Commerce";0,016679919535235;606;"capacite_remboursement";"tresorerie_actif";"autonomie_financiere";4;0,0195503421309873
"E01030";2023;"BTP";0,0674661042826883;563;"capacite_remboursement";"autonomie_financiere";"tresorerie_actif";7;0,0622489959839357
"E01035";2023;"Industrie";0,00705433619432861;631;"capacite_remboursement";"liquidite_generale";"log_effectif";3;0,0101195952161914
"E01041";2023;"Commerce";0,0324430174091242;586;"capacite_remboursement";"autonomie_financiere";"tresorerie_actif";6;0,0261682242990654
"E01049";2023;"Industrie";0,00193600725048446;668;"autonomie_financiere";"liquidite_generale";"tresorerie_actif";1;0,00282752120640905
"E01059";2023;"Industrie";0,0475585202678492;575;"autonomie_financiere";"capacite_remboursement";"liquidite_generale";7;0,0622489959839357
"E01070";2023;"Services";0,00973213874539161;621;"capacite_remboursement";"tresorerie_actif";"incidents_paiement";3;0,0101195952161914
"E01079";2023;"BTP";0,0397415883137703;580;"capacite_remboursement";"autonomie_financiere";"tresorerie_actif";6;0,0261682242990654
"E01086";2023;"Hôtellerie-restauration";0,0181728434757409;602;"capacite_remboursement";"liquidite_generale";"autonomie_financiere";5;0,0206378986866792
"E01103";2023;"Services";0,00682326096771348;632;"capacite_remboursement";"autonomie_financiere";"tresorerie_actif";2;0,00561272217025257
"E01106";2023;"Services";0,00533810380411412;639;"capacite_remboursement";"log_effectif";"autonomie_financiere";2;0,00561272217025257
"E01108";2023;"BTP";0,00620966472775688;633;"capacite_remboursement";"autonomie_financiere";"liquidite_generale";2;0,00561272217025257
"E01110";2023;"Commerce";0,0126378467795476;612;"liquidite_generale";"capacite_remboursement";"autonomie_financiere";4;0,0195503421309873
"E01115";2023;"Transport";0,00843200099768219;625;"autonomie_financiere";"capacite_remboursement";"log_effectif";3;0,0101195952161914
"E01122";2023;"Industrie";0,0497451904809283;574;"autonomie_financiere";"capacite_remboursement";"log_effectif";7;0,0622489959839357
"E01123";2023;"Industrie";0,0110894503351711;618;"capacite_remboursement";"tresorerie_actif";"autonomie_financiere";3;0,0101195952161914
"E01129";2023;"Services";0,0332205321403302;585;"capacite_remboursement";"autonomie_financiere";"log_effectif";6;0,0261682242990654
"E01133";2023;"Commerce";0,0152758411511109;608;"capacite_remboursement";"autonomie_financiere";"tresorerie_actif";4;0,0195503421309873
"E01141";2023;"Commerce";0,0194866063537449;601;"capacite_remboursement";"autonomie_financiere";"tresorerie_actif";5;0,0206378986866792
"E01143";2023;"Commerce";0,0112305203950123;616;"autonomie_financiere";"capacite_remboursement";"liquidite_generale";4;0,0195503421309873
"E01145";2023;"BTP";0,00321664255522535;652;"log_effectif";"autonomie_financiere";"tresorerie_actif";2;0,00561272217025257
"E01146";2023;"Industrie";0,154064961525159;537;"capacite_remboursement";"liquidite_generale";"autonomie_financiere";8;0,157088122605364
"E01156";2023;"Industrie";0,016382725945777;607;"capacite_remboursement";"autonomie_financiere";"tresorerie_actif";4;0,0195503421309873
"E01161";2023;"BTP";0,050049433523797;572;"autonomie_financiere";"liquidite_generale";"capacite_remboursement";7;0,0622489959839357
"E01163";2023;"Commerce";0,00929596006109424;622;"autonomie_financiere";"capacite_remboursement";"tresorerie_actif";3;0,0101195952161914
"E01164";2023;"Transport";0,027950380399635;590;"capacite_remboursement";"autonomie_financiere";"log_effectif";6;0,0261682242990654
"E01180";2023;"Services";0,0294902680493643;589;"capacite_remboursement";"autonomie_financiere";"log_effectif";6;0,0261682242990654
"E01185";2023;"BTP";0,0121294108974323;615;"capacite_remboursement";"tresorerie_actif";"autonomie_financiere";4;0,0195503421309873
"E01188";2023;"Commerce";0,048104361560803;574;"capacite_remboursement";"autonomie_financiere";"tresorerie_actif";7;0,0622489959839357
"E01189";2023;"Commerce";0,00362536434563639;649;"capacite_remboursement";"log_effectif";"tresorerie_actif";2;0,00561272217025257
"E01191";2023;"Hôtellerie-restauration";0,0155189877638596;607;"capacite_remboursement";"autonomie_financiere";"tresorerie_actif";4;0,0195503421309873
"E01204";2023;"Industrie";0,00564623644012464;637;"capacite_remboursement";"autonomie_financiere";"tresorerie_actif";2;0,00561272217025257
"E01205";2023;"Commerce";0,0891021572879664;554;"capacite_remboursement";"log_effectif";"tresorerie_actif";8;0,157088122605364
"E01208";2023;"Industrie";0,00296252758014801;656;"capacite_remboursement";"tresorerie_actif";"log_effectif";1;0,00282752120640905
"E01210";2023;"Services";0,00451413253450301;643;"capacite_remboursement";"autonomie_financiere";"liquidite_generale";2;0,00561272217025257
"E01216";2023;"BTP";0,017653448162229;602;"capacite_remboursement";"autonomie_financiere";"tresorerie_actif";5;0,0206378986866792
"E01238";2023;"Services";0,0436220548178298;577;"autonomie_financiere";"capacite_remboursement";"liquidite_generale";6;0,0261682242990654
"E01243";2023;"Commerce";0,005031500409596;640;"capacite_remboursement";"autonomie_financiere";"log_effectif";2;0,00561272217025257
"E01247";2023;"Services";0,00560517906151147;637;"capacite_remboursement";"autonomie_financiere";"liquidite_generale";2;0,00561272217025257
"E01250";2023;"Industrie";0,0283337932930966;590;"autonomie_financiere";"capacite_remboursement";"tresorerie_actif";6;0,0261682242990654
"E01254";2023;"Commerce";0,00488730319038097;641;"capacite_remboursement";"autonomie_financiere";"tresorerie_actif";2;0,00561272217025257
"E01255";2023;"BTP";0,0427172636590895;577;"capacite_remboursement";"autonomie_financiere";"tresorerie_actif";6;0,0261682242990654
"E01265";2023;"BTP";0,000828136566806386;692;"tresorerie_actif";"secteur";"delai_clients_jours";1;0,00282752120640905
"E01267";2023;"Commerce";0,144934297874612;539;"autonomie_financiere";"capacite_remboursement";"tresorerie_actif";8;0,157088122605364
"E01269";2023;"Industrie";0,0196691562859434;601;"capacite_remboursement";"liquidite_generale";"tresorerie_actif";5;0,0206378986866792
"E01270";2023;"Services";0,0235455001922545;594;"autonomie_financiere";"capacite_remboursement";"tresorerie_actif";5;0,0206378986866792
"E01272";2023;"Industrie";0,00701210081935805;630;"capacite_remboursement";"tresorerie_actif";"autonomie_financiere";3;0,0101195952161914
"E01277";2023;"BTP";0,0843154636438923;556;"capacite_remboursement";"autonomie_financiere";"tresorerie_actif";8;0,157088122605364
"E01279";2023;"Services";0,0026333272684162;659;"capacite_remboursement";"autonomie_financiere";"log_effectif";1;0,00282752120640905
"E01286";2023;"Transport";0,0027909908125157;657;"capacite_remboursement";"autonomie_financiere";"tresorerie_actif";1;0,00282752120640905
"E01295";2023;"Services";0,0201939433309742;600;"capacite_remboursement";"autonomie_financiere";"tresorerie_actif";5;0,0206378986866792
"E01296";2023;"Services";0,00187822799501198;669;"capacite_remboursement";"log_effectif";"tresorerie_actif";1;0,00282752120640905
"E01303";2023;"Industrie";0,00512284193596238;640;"capacite_remboursement";"autonomie_financiere";"liquidite_generale";2;0,00561272217025257
"E01304";2023;"Services";0,00139797486007266;677;"capacite_remboursement";"tresorerie_actif";"delai_clients_jours";1;0,00282752120640905
"E01315";2023;"Commerce";0,0325091545679784;585;"capacite_remboursement";"autonomie_financiere";"tresorerie_actif";6;0,0261682242990654
"E01320";2023;"Hôtellerie-restauration";0,00454627913198333;642;"capacite_remboursement";"autonomie_financiere";"tresorerie_actif";2;0,00561272217025257
"E01328";2023;"Services";0,032856303262442;585;"capacite_remboursement";"autonomie_financiere";"tresorerie_actif";6;0,0261682242990654
"E01330";2023;"Services";0,0500894449180109;572;"capacite_remboursement";"autonomie_financiere";"tresorerie_actif";7;0,0622489959839357
"E01342";2023;"Commerce";0,0128450845306044;613;"autonomie_financiere";"capacite_remboursement";"tresorerie_actif";4;0,0195503421309873
"E01351";2023;"Commerce";0,107212327876791;548;"capacite_remboursement";"autonomie_financiere";"log_effectif";8;0,157088122605364
"E01353";2023;"BTP";0,00300180034931105;655;"capacite_remboursement";"tresorerie_actif";"log_effectif";1;0,00282752120640905
"E01354";2023;"Industrie";0,00134613959367026;678;"capacite_remboursement";"tresorerie_actif";"log_effectif";1;0,00282752120640905
"E01358";2023;"Industrie";0,0104508389408578;619;"capacite_remboursement";"tresorerie_actif";"autonomie_financiere";3;0,0101195952161914
"E01360";2023;"Commerce";0,00222606439723382;664;"autonomie_financiere";"tresorerie_actif";"log_effectif";1;0,00282752120640905
"E01365";2023;"Industrie";0,00974641519323285;621;"autonomie_financiere";"capacite_remboursement";"tresorerie_actif";3;0,0101195952161914
"E01370";2023;"Commerce";0,0427491278596457;578;"autonomie_financiere";"capacite_remboursement";"tresorerie_actif";6;0,0261682242990654
"E01373";2023;"Industrie";0,017789175958147;604;"autonomie_financiere";"capacite_remboursement";"tresorerie_actif";5;0,0206378986866792
"E01376";2023;"Services";0,0144448440664265;610;"capacite_remboursement";"liquidite_generale";"autonomie_financiere";4;0,0195503421309873
"E01382";2023;"Services";0,0174805291351061;604;"liquidite_generale";"autonomie_financiere";"capacite_remboursement";5;0,0206378986866792
"E01384";2023;"Services";0,0113117542171569;617;"autonomie_financiere";"capacite_remboursement";"tresorerie_actif";4;0,0195503421309873
"E01388";2023;"Transport";0,0166454891071031;606;"capacite_remboursement";"autonomie_financiere";"tresorerie_actif";4;0,0195503421309873
"E01389";2023;"Commerce";0,160752718161233;534;"capacite_remboursement";"liquidite_generale";"log_effectif";8;0,157088122605364
"E01393";2023;"Services";0,0375081961379408;581;"liquidite_generale";"autonomie_financiere";"tresorerie_actif";6;0,0261682242990654
"E01402";2023;"BTP";0,00238986092448823;661;"capacite_remboursement";"tresorerie_actif";"delai_clients_jours";1;0,00282752120640905
"E01414";2023;"BTP";0,0271366505142078;590;"autonomie_financiere";"tresorerie_actif";"capacite_remboursement";6;0,0261682242990654
"E01415";2023;"Hôtellerie-restauration";0,0129727551153409;612;"capacite_remboursement";"tresorerie_actif";"liquidite_generale";4;0,0195503421309873
"E01422";2023;"Services";0,00159372313804079;673;"capacite_remboursement";"autonomie_financiere";"liquidite_generale";1;0,00282752120640905
"E01424";2023;"Commerce";0,0739005291520311;561;"capacite_remboursement";"autonomie_financiere";"liquidite_generale";7;0,0622489959839357
"E01426";2023;"BTP";0,00727325020135498;629;"capacite_remboursement";"autonomie_financiere";"tresorerie_actif";3;0,0101195952161914
"E01429";2023;"Commerce";0,0288855297422547;589;"capacite_remboursement";"autonomie_financiere";"tresorerie_actif";6;0,0261682242990654
"E01435";2023;"Services";0,371170671177718;502;"autonomie_financiere";"capacite_remboursement";"liquidite_generale";8;0,157088122605364
"E01440";2023;"BTP";0,023115617887073;595;"capacite_remboursement";"tresorerie_actif";"autonomie_financiere";5;0,0206378986866792
"E01444";2023;"Industrie";0,0191426873563705;601;"capacite_remboursement";"tresorerie_actif";"autonomie_financiere";5;0,0206378986866792
"E01448";2023;"Hôtellerie-restauration";0,00927105554974027;622;"capacite_remboursement";"autonomie_financiere";"liquidite_generale";3;0,0101195952161914
"E01457";2023;"BTP";0,0136270021046587;610;"capacite_remboursement";"autonomie_financiere";"tresorerie_actif";4;0,0195503421309873
"E01461";2023;"Hôtellerie-restauration";0,0265595466927632;591;"capacite_remboursement";"tresorerie_actif";"autonomie_financiere";6;0,0261682242990654
"E01462";2023;"Transport";0,100971238304189;550;"capacite_remboursement";"liquidite_generale";"autonomie_financiere";8;0,157088122605364
"E01467";2023;"Transport";0,0358548095516899;583;"capacite_remboursement";"tresorerie_actif";"autonomie_financiere";6;0,0261682242990654
"E01468";2023;"Commerce";0,238711833222042;520;"capacite_remboursement";"liquidite_generale";"autonomie_financiere";8;0,157088122605364
"E01474";2023;"Hôtellerie-restauration";0,000200077034532741;733;"secteur";NA;NA;1;0,00282752120640905
"E01477";2023;"Industrie";0,0038862618619254;647;"autonomie_financiere";"capacite_remboursement";"tresorerie_actif";2;0,00561272217025257
"E01478";2023;"Hôtellerie-restauration";0,0239642400421004;594;"capacite_remboursement";"autonomie_financiere";"log_effectif";5;0,0206378986866792
"E01479";2023;"Services";0,00194215921405247;667;"autonomie_financiere";"liquidite_generale";"tresorerie_actif";1;0,00282752120640905
"E01481";2023;"Industrie";0,0694712693472893;562;"capacite_remboursement";"liquidite_generale";"autonomie_financiere";7;0,0622489959839357
"E01483";2023;"BTP";0,0576169732639894;567;"autonomie_financiere";"log_effectif";"capacite_remboursement";7;0,0622489959839357
"E01484";2023;"Services";0,00526246642815328;639;"capacite_remboursement";"autonomie_financiere";"liquidite_generale";2;0,00561272217025257
"E01499";2023;"BTP";0,0117442032574883;614;"capacite_remboursement";"autonomie_financiere";"tresorerie_actif";4;0,0195503421309873
"E01500";2023;"Services";0,0649769404089242;564;"liquidite_generale";"capacite_remboursement";"autonomie_financiere";7;0,0622489959839357
"E01501";2023;"Industrie";0,0398116113004913;580;"autonomie_financiere";"capacite_remboursement";"liquidite_generale";6;0,0261682242990654
"E01503";2023;"Industrie";0,0201998445111494;600;"capacite_remboursement";"log_effectif";"autonomie_financiere";5;0,0206378986866792
"E01504";2023;"BTP";0,00455968424189029;642;"autonomie_financiere";"capacite_remboursement";"tresorerie_actif";2;0,00561272217025257
"E01513";2023;"BTP";0,00639290286366986;633;"capacite_remboursement";"autonomie_financiere";"tresorerie_actif";2;0,00561272217025257
"E01518";2023;"Services";0,00364130266118819;649;"capacite_remboursement";"tresorerie_actif";"liquidite_generale";2;0,00561272217025257
"E01523";2023;"Industrie";0,0127545148642535;614;"capacite_remboursement";"autonomie_financiere";"liquidite_generale";4;0,0195503421309873
"E01527";2023;"BTP";0,0169652771605372;605;"capacite_remboursement";"autonomie_financiere";"tresorerie_actif";4;0,0195503421309873
"E01528";2023;"Industrie";0,00479539933951585;642;"capacite_remboursement";"autonomie_financiere";"tresorerie_actif";2;0,00561272217025257
"E01530";2023;"Services";0,00418606479847391;646;"capacite_remboursement";"autonomie_financiere";"tresorerie_actif";2;0,00561272217025257
"E01532";2023;"Industrie";0,0128240031490016;613;"autonomie_financiere";"capacite_remboursement";"log_effectif";4;0,0195503421309873
"E01541";2023;"Industrie";0,0237787249131737;596;"capacite_remboursement";"liquidite_generale";"tresorerie_actif";5;0,0206378986866792
"E01542";2023;"Industrie";0,0457081063868815;576;"autonomie_financiere";"capacite_remboursement";"tresorerie_actif";7;0,0622489959839357
"E01546";2023;"Services";0,0175462351140179;604;"autonomie_financiere";"capacite_remboursement";"liquidite_generale";5;0,0206378986866792
"E01549";2023;"BTP";0,00415763213756397;646;"capacite_remboursement";"tresorerie_actif";"log_effectif";2;0,00561272217025257
"E01551";2023;"Commerce";0,0167656479062264;605;"capacite_remboursement";"autonomie_financiere";"liquidite_generale";4;0,0195503421309873
"E01553";2023;"Services";0,00193050440454072;668;"capacite_remboursement";"tresorerie_actif";"log_effectif";1;0,00282752120640905
"E01558";2023;"Hôtellerie-restauration";0,00238384721265679;661;"autonomie_financiere";"tresorerie_actif";"liquidite_generale";1;0,00282752120640905
"E01560";2023;"Commerce";0,0135600378800267;611;"autonomie_financiere";"capacite_remboursement";"tresorerie_actif";4;0,0195503421309873
"E01574";2023;"Transport";0,14042353478268;540;"autonomie_financiere";"capacite_remboursement";"liquidite_generale";8;0,157088122605364
"E01582";2023;"Transport";0,00736759362733753;629;"capacite_remboursement";"autonomie_financiere";"tresorerie_actif";3;0,0101195952161914
"E01587";2023;"Industrie";0,0928712995921201;553;"capacite_remboursement";"liquidite_generale";"autonomie_financiere";8;0,157088122605364
"E01598";2023;"BTP";0,00999606990386355;620;"capacite_remboursement";"autonomie_financiere";"tresorerie_actif";3;0,0101195952161914
"E01599";2023;"BTP";0,303125419590825;510;"capacite_remboursement";"autonomie_financiere";"liquidite_generale";8;0,157088122605364
"E01604";2023;"Commerce";0,170874315756236;533;"capacite_remboursement";"liquidite_generale";"autonomie_financiere";8;0,157088122605364
"E01610";2023;"Industrie";0,00206132003996637;666;"autonomie_financiere";"capacite_remboursement";"log_effectif";1;0,00282752120640905
"E01617";2023;"Services";0,356636670999019;504;"autonomie_financiere";"capacite_remboursement";"liquidite_generale";8;0,157088122605364
"E01622";2023;"Industrie";0,0279890450178234;591;"capacite_remboursement";"tresorerie_actif";"autonomie_financiere";6;0,0261682242990654
"E01631";2023;"Commerce";0,00696560994190032;629;"log_effectif";"autonomie_financiere";"incidents_paiement";3;0,0101195952161914
"E01637";2023;"Services";0,00795956409026058;626;"capacite_remboursement";"autonomie_financiere";"liquidite_generale";3;0,0101195952161914
"E01638";2023;"BTP";0,0151408060927844;608;"capacite_remboursement";"autonomie_financiere";"tresorerie_actif";4;0,0195503421309873
"E01646";2023;"Hôtellerie-restauration";0,00186274057090538;668;"capacite_remboursement";"autonomie_financiere";"tresorerie_actif";1;0,00282752120640905
"E01652";2023;"Commerce";0,0031495910666385;653;"capacite_remboursement";"autonomie_financiere";"tresorerie_actif";1;0,00282752120640905
"E01656";2023;"Industrie";0,00522291253080845;639;"autonomie_financiere";"capacite_remboursement";"log_effectif";2;0,00561272217025257
"E01660";2023;"Commerce";0,160168328678444;535;"capacite_remboursement";"autonomie_financiere";"liquidite_generale";8;0,157088122605364
"E01672";2023;"BTP";0,0374072614324184;581;"capacite_remboursement";"autonomie_financiere";"liquidite_generale";6;0,0261682242990654
"E01676";2023;"BTP";0,000989234894224897;687;"liquidite_generale";"log_effectif";"secteur";1;0,00282752120640905
"E01677";2023;"Commerce";0,120690480875652;544;"capacite_remboursement";"autonomie_financiere";"tresorerie_actif";8;0,157088122605364
"E01681";2023;"Transport";0,0140554719499821;610;"capacite_remboursement";"autonomie_financiere";"liquidite_generale";4;0,0195503421309873
"E01684";2023;"BTP";0,00943687808540176;621;"capacite_remboursement";"autonomie_financiere";"tresorerie_actif";3;0,0101195952161914
"E01702";2023;"BTP";0,254966874737297;518;"capacite_remboursement";"autonomie_financiere";"liquidite_generale";8;0,157088122605364
"E01710";2023;"Transport";0,00971614114446195;621;"capacite_remboursement";"autonomie_financiere";"tresorerie_actif";3;0,0101195952161914
"E01714";2023;"Services";0,00288907525225407;656;"capacite_remboursement";"autonomie_financiere";"liquidite_generale";1;0,00282752120640905
"E01715";2023;"Hôtellerie-restauration";0,00627328494831828;634;"capacite_remboursement";"autonomie_financiere";"tresorerie_actif";2;0,00561272217025257
"E01724";2023;"Industrie";0,0147965337860212;609;"capacite_remboursement";"autonomie_financiere";"tresorerie_actif";4;0,0195503421309873
"E01731";2023;"Transport";0,0301990730699044;587;"capacite_remboursement";"autonomie_financiere";"tresorerie_actif";6;0,0261682242990654
"E01732";2023;"Services";0,00076701450595734;695;"autonomie_financiere";"tresorerie_actif";"delai_clients_jours";1;0,00282752120640905
"E01741";2023;"Commerce";0,00244751867274373;661;"capacite_remboursement";"autonomie_financiere";"tresorerie_actif";1;0,00282752120640905
"E01744";2023;"BTP";0,0132217529783512;611;"capacite_remboursement";"tresorerie_actif";"autonomie_financiere";4;0,0195503421309873
"E01746";2023;"BTP";0,0613797442076667;566;"capacite_remboursement";"autonomie_financiere";"tresorerie_actif";7;0,0622489959839357
"E01749";2023;"Commerce";0,00118149413521863;682;"autonomie_financiere";"log_effectif";"secteur";1;0,00282752120640905
"E01755";2023;"Industrie";0,0345390901751526;584;"autonomie_financiere";"capacite_remboursement";"tresorerie_actif";6;0,0261682242990654
"E01760";2023;"Commerce";0,119288491720813;545;"capacite_remboursement";"autonomie_financiere";"liquidite_generale";8;0,157088122605364
"E01768";2023;"Transport";0,0112324081330777;617;"capacite_remboursement";"autonomie_financiere";"tresorerie_actif";4;0,0195503421309873
"E01777";2023;"Commerce";0,00772150313171358;628;"capacite_remboursement";"tresorerie_actif";"autonomie_financiere";3;0,0101195952161914
"E01783";2023;"BTP";0,00912908144568854;621;"liquidite_generale";"autonomie_financiere";"incidents_paiement";3;0,0101195952161914
"E01785";2023;"Services";0,0450751545281583;575;"log_effectif";"autonomie_financiere";"capacite_remboursement";7;0,0622489959839357
"E01787";2023;"Services";0,0355261920479341;584;"autonomie_financiere";"capacite_remboursement";"tresorerie_actif";6;0,0261682242990654
"E01792";2023;"Industrie";0,0028197926382687;657;"capacite_remboursement";"log_effectif";"tresorerie_actif";1;0,00282752120640905
"E01799";2023;"BTP";0,00129404850581453;679;"autonomie_financiere";"tresorerie_actif";"secteur";1;0,00282752120640905
"E01801";2023;"Industrie";0,0441791147031504;577;"autonomie_financiere";"capacite_remboursement";"tresorerie_actif";6;0,0261682242990654
"E01807";2023;"Commerce";0,184342890566095;529;"capacite_remboursement";"autonomie_financiere";"log_effectif";8;0,157088122605364
"E01808";2023;"Transport";0,00260835080314096;659;"log_effectif";"tresorerie_actif";"delai_clients_jours";1;0,00282752120640905
"E01809";2023;"Commerce";0,00177198347663089;670;"autonomie_financiere";"tresorerie_actif";"secteur";1;0,00282752120640905
"E01814";2023;"Services";0,0286678411410135;589;"capacite_remboursement";"liquidite_generale";"tresorerie_actif";6;0,0261682242990654
"E01815";2023;"BTP";0,021356582044494;597;"autonomie_financiere";"capacite_remboursement";"liquidite_generale";5;0,0206378986866792
"E01820";2023;"Services";0,0171712486935524;605;"capacite_remboursement";"incidents_paiement";"autonomie_financiere";4;0,0195503421309873
"E01821";2023;"Commerce";0,0330797078112008;585;"capacite_remboursement";"tresorerie_actif";"incidents_paiement";6;0,0261682242990654
"E01824";2023;"BTP";0,0304450054931086;586;"liquidite_generale";"capacite_remboursement";"autonomie_financiere";6;0,0261682242990654
"E01829";2023;"Transport";0,00755315860836364;628;"autonomie_financiere";"capacite_remboursement";"tresorerie_actif";3;0,0101195952161914
"E01831";2023;"BTP";0,0839391348062729;555;"capacite_remboursement";"autonomie_financiere";"tresorerie_actif";8;0,157088122605364
"E01850";2023;"Industrie";0,00607843929261045;635;"liquidite_generale";"capacite_remboursement";"tresorerie_actif";2;0,00561272217025257
"E01852";2023;"Services";0,00165520553966477;672;"capacite_remboursement";"tresorerie_actif";"log_effectif";1;0,00282752120640905
"E01854";2023;"BTP";0,26613473478773;516;"capacite_remboursement";"autonomie_financiere";"tresorerie_actif";8;0,157088122605364
"E01864";2023;"Services";0,266685926126195;516;"autonomie_financiere";"liquidite_generale";"capacite_remboursement";8;0,157088122605364
"E01865";2023;"Services";0,00295693944331404;655;"liquidite_generale";"capacite_remboursement";"log_effectif";1;0,00282752120640905
"E01868";2023;"Services";0,00984158765224131;620;"log_effectif";"capacite_remboursement";"autonomie_financiere";3;0,0101195952161914
"E01873";2023;"Industrie";0,00333878429309698;652;"capacite_remboursement";"autonomie_financiere";"liquidite_generale";2;0,00561272217025257
"E01879";2023;"Industrie";0,00358382356584366;650;"log_effectif";"capacite_remboursement";"tresorerie_actif";2;0,00561272217025257
"E01880";2023;"BTP";0,309812426387714;509;"capacite_remboursement";"autonomie_financiere";"liquidite_generale";8;0,157088122605364
"E01883";2023;"Commerce";0,0185418418731844;601;"autonomie_financiere";"capacite_remboursement";"tresorerie_actif";5;0,0206378986866792
"E01895";2023;"Services";0,00409954571062396;646;"autonomie_financiere";"capacite_remboursement";"liquidite_generale";2;0,00561272217025257
"E01897";2023;"Services";0,0339634351727139;584;"capacite_remboursement";"autonomie_financiere";"tresorerie_actif";6;0,0261682242990654
"E01901";2023;"Commerce";0,0479346269464501;573;"liquidite_generale";"capacite_remboursement";"autonomie_financiere";7;0,0622489959839357
"E01905";2023;"Industrie";0,00516417362782797;640;"capacite_remboursement";"autonomie_financiere";"tresorerie_actif";2;0,00561272217025257
"E01909";2023;"Services";0,0181630719209887;601;"capacite_remboursement";"autonomie_financiere";"tresorerie_actif";5;0,0206378986866792
"E01914";2023;"Services";0,00794140743651313;626;"capacite_remboursement";"autonomie_financiere";"tresorerie_actif";3;0,0101195952161914
"E01924";2023;"Industrie";0,0503010884945157;572;"capacite_remboursement";"autonomie_financiere";"tresorerie_actif";7;0,0622489959839357
"E01925";2023;"Commerce";0,0389342204450577;580;"capacite_remboursement";"liquidite_generale";"autonomie_financiere";6;0,0261682242990654
"E01930";2023;"Hôtellerie-restauration";0,00130963389119545;679;"autonomie_financiere";"log_effectif";"secteur";1;0,00282752120640905
"E01939";2023;"Services";0,00280971950982611;657;"capacite_remboursement";"tresorerie_actif";"log_effectif";1;0,00282752120640905
"E01943";2023;"BTP";0,0906518462241707;553;"capacite_remboursement";"liquidite_generale";"autonomie_financiere";8;0,157088122605364
"E01945";2023;"Services";0,0133748597837376;611;"liquidite_generale";"capacite_remboursement";"tresorerie_actif";4;0,0195503421309873
"E01946";2023;"Industrie";0,00553307471179268;638;"capacite_remboursement";"tresorerie_actif";"log_effectif";2;0,00561272217025257
"E01947";2023;"Commerce";0,0259980647736098;592;"capacite_remboursement";"tresorerie_actif";"log_effectif";5;0,0206378986866792
"E01949";2023;"Industrie";0,0085031614683033;626;"capacite_remboursement";"tresorerie_actif";"autonomie_financiere";3;0,0101195952161914
"E01957";2023;"Services";0,0179266331844481;602;"log_effectif";"liquidite_generale";"capacite_remboursement";5;0,0206378986866792
"E01961";2023;"Transport";0,035401098916584;584;"capacite_remboursement";"liquidite_generale";"autonomie_financiere";6;0,0261682242990654
"E01964";2023;"Transport";0,0100013672500166;620;"capacite_remboursement";"liquidite_generale";"tresorerie_actif";3;0,0101195952161914
"E01971";2023;"Commerce";0,00042493033377447;712;"log_effectif";"secteur";NA;1;0,00282752120640905
"E01980";2023;"Commerce";0,0629309819441825;566;"capacite_remboursement";"autonomie_financiere";"liquidite_generale";7;0,0622489959839357
"E01984";2023;"Commerce";0,0370217078900936;582;"capacite_remboursement";"autonomie_financiere";"log_effectif";6;0,0261682242990654
"E01986";2023;"Industrie";0,0273803256742905;591;"capacite_remboursement";"autonomie_financiere";"tresorerie_actif";6;0,0261682242990654
"E01991";2023;"Services";0,179290363239112;531;"capacite_remboursement";"liquidite_generale";"autonomie_financiere";8;0,157088122605364
"E01992";2023;"Services";0,00610883692084962;634;"autonomie_financiere";"capacite_remboursement";"tresorerie_actif";2;0,00561272217025257
"E01993";2023;"Hôtellerie-restauration";0,0232526211029029;594;"liquidite_generale";"autonomie_financiere";"capacite_remboursement";5;0,0206378986866792
"E01994";2023;"Commerce";0,00179616474114006;669;"autonomie_financiere";"liquidite_generale";"secteur";1;0,00282752120640905
"E01997";2023;"BTP";0,000979020516212641;687;"autonomie_financiere";"delai_clients_jours";"secteur";1;0,00282752120640905
"E02010";2023;"Services";0,00219541205404485;665;"log_effectif";"autonomie_financiere";"tresorerie_actif";1;0,00282752120640905
"E02012";2023;"Commerce";0,0727403256688787;561;"capacite_remboursement";"autonomie_financiere";"liquidite_generale";7;0,0622489959839357
"E02032";2023;"Transport";0,179246146555168;531;"autonomie_financiere";"capacite_remboursement";"liquidite_generale";8;0,157088122605364
"E02033";2023;"Services";0,0346339818015869;584;"capacite_remboursement";"autonomie_financiere";"liquidite_generale";6;0,0261682242990654
"E02034";2023;"Hôtellerie-restauration";0,00399743319183728;646;"capacite_remboursement";"autonomie_financiere";"tresorerie_actif";2;0,00561272217025257
"E02041";2023;"Hôtellerie-restauration";0,0112625327504501;616;"capacite_remboursement";"autonomie_financiere";"tresorerie_actif";4;0,0195503421309873
"E02042";2023;"Services";0,0119015719357004;615;"autonomie_financiere";"capacite_remboursement";"incidents_paiement";4;0,0195503421309873
"E02045";2023;"Commerce";0,00310525567000739;654;"capacite_remboursement";"tresorerie_actif";"log_effectif";1;0,00282752120640905
"E02046";2023;"Industrie";0,109777628416739;547;"capacite_remboursement";"autonomie_financiere";"tresorerie_actif";8;0,157088122605364
"E02050";2023;"Commerce";0,0314684586241828;586;"capacite_remboursement";"tresorerie_actif";"log_effectif";6;0,0261682242990654
"E02057";2023;"Industrie";0,0340272305089389;584;"capacite_remboursement";"log_effectif";"autonomie_financiere";6;0,0261682242990654
"E02061";2023;"Commerce";0,022480273877315;597;"capacite_remboursement";"autonomie_financiere";"tresorerie_actif";5;0,0206378986866792
"E02063";2023;"Commerce";0,0152688080846279;608;"capacite_remboursement";"tresorerie_actif";"log_effectif";4;0,0195503421309873
"E02068";2023;"Industrie";0,00123007235195385;681;"liquidite_generale";"log_effectif";"tresorerie_actif";1;0,00282752120640905
"E02071";2023;"BTP";0,18353915581229;530;"capacite_remboursement";"autonomie_financiere";"tresorerie_actif";8;0,157088122605364
"E02076";2023;"Industrie";0,0117636575083596;616;"capacite_remboursement";"autonomie_financiere";"liquidite_generale";4;0,0195503421309873
"E02101";2023;"Services";0,00342543447951345;651;"capacite_remboursement";"autonomie_financiere";"tresorerie_actif";2;0,00561272217025257
"E02102";2023;"Hôtellerie-restauration";0,00554506023257937;637;"liquidite_generale";"capacite_remboursement";"tresorerie_actif";2;0,00561272217025257
"E02103";2023;"Services";0,0109654422525955;618;"capacite_remboursement";"autonomie_financiere";"tresorerie_actif";3;0,0101195952161914
"E02106";2023;"BTP";0,0209804030185213;598;"autonomie_financiere";"capacite_remboursement";"log_effectif";5;0,0206378986866792
"E02129";2023;"Industrie";0,0237787249131737;596;"capacite_remboursement";"liquidite_generale";"tresorerie_actif";5;0,0206378986866792
"E02132";2023;"Commerce";0,030379922857492;587;"capacite_remboursement";"autonomie_financiere";"liquidite_generale";6;0,0261682242990654
"E02134";2023;"Industrie";0,00335303481205766;652;"capacite_remboursement";"tresorerie_actif";"liquidite_generale";2;0,00561272217025257
"E02136";2023;"BTP";0,0159323782836291;607;"capacite_remboursement";"autonomie_financiere";"tresorerie_actif";4;0,0195503421309873
"E02137";2023;"Commerce";0,0479156682139504;574;"capacite_remboursement";"autonomie_financiere";"tresorerie_actif";7;0,0622489959839357
"E02141";2023;"Commerce";0,0393577330470333;580;"capacite_remboursement";"autonomie_financiere";"tresorerie_actif";6;0,0261682242990654
"E02144";2023;"Transport";0,00599713964866956;635;"capacite_remboursement";"autonomie_financiere";"tresorerie_actif";2;0,00561272217025257
"E02146";2023;"BTP";0,0651242480036763;565;"capacite_remboursement";"autonomie_financiere";"liquidite_generale";7;0,0622489959839357
"E02152";2023;"Transport";0,0230435027240599;596;"capacite_remboursement";"autonomie_financiere";"log_effectif";5;0,0206378986866792
"E02159";2023;"Commerce";0,017789495725593;604;"capacite_remboursement";"autonomie_financiere";"tresorerie_actif";5;0,0206378986866792
"E02162";2023;"BTP";0,0244928076218845;594;"capacite_remboursement";"autonomie_financiere";"tresorerie_actif";5;0,0206378986866792
"E02168";2023;"BTP";0,0459956468462921;575;"capacite_remboursement";"autonomie_financiere";"log_effectif";7;0,0622489959839357
"E02191";2023;"Industrie";0,0121030657954237;615;"tresorerie_actif";"autonomie_financiere";"capacite_remboursement";4;0,0195503421309873
"E02196";2023;"BTP";0,0942383674192104;552;"capacite_remboursement";"liquidite_generale";"autonomie_financiere";8;0,157088122605364
"E02199";2023;"BTP";0,0445793890773657;575;"capacite_remboursement";"autonomie_financiere";"tresorerie_actif";7;0,0622489959839357
"E02200";2023;"Transport";0,0137858509922393;610;"autonomie_financiere";"capacite_remboursement";"liquidite_generale";4;0,0195503421309873
"E02203";2023;"Hôtellerie-restauration";0,0150729070279063;607;"liquidite_generale";"capacite_remboursement";"tresorerie_actif";4;0,0195503421309873
"E02204";2023;"Services";0,00937658050109035;622;"log_effectif";"capacite_remboursement";"tresorerie_actif";3;0,0101195952161914
"E02205";2023;"Industrie";0,0119928693780494;615;"autonomie_financiere";"capacite_remboursement";"liquidite_generale";4;0,0195503421309873
"E02209";2023;"Hôtellerie-restauration";0,00105025944743519;685;"autonomie_financiere";"log_effectif";"tresorerie_actif";1;0,00282752120640905
"E02210";2023;"Commerce";0,00221327918118929;664;"tresorerie_actif";"liquidite_generale";"log_effectif";1;0,00282752120640905
"E02214";2023;"BTP";0,00820721560155431;626;"capacite_remboursement";"tresorerie_actif";"liquidite_generale";3;0,0101195952161914
"E02226";2023;"Commerce";0,100767151751714;550;"capacite_remboursement";"autonomie_financiere";"log_effectif";8;0,157088122605364
"E02238";2023;"Services";0,0496070639838681;572;"capacite_remboursement";"liquidite_generale";"autonomie_financiere";7;0,0622489959839357
"E02240";2023;"Commerce";0,0397805405695406;579;"capacite_remboursement";"autonomie_financiere";"tresorerie_actif";6;0,0261682242990654
"E02249";2023;"Services";0,00733765197409913;629;"capacite_remboursement";"autonomie_financiere";"tresorerie_actif";3;0,0101195952161914
"E02252";2023;"Commerce";0,0731038025285018;560;"capacite_remboursement";"autonomie_financiere";"incidents_paiement";7;0,0622489959839357
"E02254";2023;"Industrie";0,06968843291351;563;"capacite_remboursement";"autonomie_financiere";"tresorerie_actif";7;0,0622489959839357
"E02257";2023;"Services";0,00281903949904285;657;"autonomie_financiere";"capacite_remboursement";"tresorerie_actif";1;0,00282752120640905
"E02259";2023;"BTP";0,0110864269561588;616;"autonomie_financiere";"tresorerie_actif";"capacite_remboursement";4;0,0195503421309873
"E02283";2023;"Industrie";0,0451598397827977;576;"capacite_remboursement";"tresorerie_actif";"autonomie_financiere";7;0,0622489959839357
"E02285";2023;"BTP";0,0123584165069953;613;"capacite_remboursement";"autonomie_financiere";"tresorerie_actif";4;0,0195503421309873
"E02293";2023;"Services";0,0031356156392594;653;"capacite_remboursement";"tresorerie_actif";"liquidite_generale";1;0,00282752120640905
"E02294";2023;"Industrie";0,189258725555124;529;"capacite_remboursement";"liquidite_generale";"autonomie_financiere";8;0,157088122605364
"E02299";2023;"Commerce";0,0101439790251343;620;"capacite_remboursement";"autonomie_financiere";"tresorerie_actif";3;0,0101195952161914
"E02301";2023;"Industrie";0,00331635679755931;653;"capacite_remboursement";"autonomie_financiere";"tresorerie_actif";1;0,00282752120640905
"E02303";2023;"Commerce";0,0253074470525117;593;"capacite_remboursement";"autonomie_financiere";"tresorerie_actif";5;0,0206378986866792
"E02311";2023;"Commerce";0,0147695011446039;609;"capacite_remboursement";"tresorerie_actif";"autonomie_financiere";4;0,0195503421309873
"E02312";2023;"Industrie";0,0054908430296;638;"capacite_remboursement";"autonomie_financiere";"tresorerie_actif";2;0,00561272217025257
"E02315";2023;"Industrie";0,0352570228112211;583;"capacite_remboursement";"liquidite_generale";"tresorerie_actif";6;0,0261682242990654
"E02325";2023;"Transport";0,00276284861522808;657;"capacite_remboursement";"liquidite_generale";"tresorerie_actif";1;0,00282752120640905
"E02326";2023;"Commerce";0,00103584127182669;686;"capacite_remboursement";"log_effectif";"secteur";1;0,00282752120640905
"E02338";2023;"Services";0,0611846771183109;567;"capacite_remboursement";"autonomie_financiere";"tresorerie_actif";7;0,0622489959839357
"E02352";2023;"Commerce";0,0599096134239337;566;"capacite_remboursement";"autonomie_financiere";"tresorerie_actif";7;0,0622489959839357
"E02355";2023;"Commerce";0,0238415838414874;595;"capacite_remboursement";"autonomie_financiere";"liquidite_generale";5;0,0206378986866792
"E02362";2023;"Industrie";0,00833926369910678;625;"autonomie_financiere";"capacite_remboursement";"tresorerie_actif";3;0,0101195952161914
"E02369";2023;"Commerce";0,128983267769888;542;"capacite_remboursement";"autonomie_financiere";"tresorerie_actif";8;0,157088122605364
"E02378";2023;"Services";0,0130603608912398;612;"capacite_remboursement";"autonomie_financiere";"tresorerie_actif";4;0,0195503421309873
"E02385";2023;"BTP";0,011668506472127;615;"autonomie_financiere";"capacite_remboursement";"log_effectif";4;0,0195503421309873
"E02386";2023;"Services";0,0120919171157053;615;"capacite_remboursement";"liquidite_generale";"autonomie_financiere";4;0,0195503421309873
"E02387";2023;"Commerce";0,182534648635184;530;"capacite_remboursement";"liquidite_generale";"tresorerie_actif";8;0,157088122605364
"E02391";2023;"Hôtellerie-restauration";0,107792974766157;548;"capacite_remboursement";"liquidite_generale";"autonomie_financiere";8;0,157088122605364
"E02396";2023;"Services";0,00446863753403713;644;"autonomie_financiere";"log_effectif";"liquidite_generale";2;0,00561272217025257
"E02400";2023;"BTP";0,0173829617313545;603;"log_effectif";"capacite_remboursement";"tresorerie_actif";5;0,0206378986866792
"E02402";2023;"Commerce";0,0520125314764612;572;"autonomie_financiere";"capacite_remboursement";"liquidite_generale";7;0,0622489959839357
"E02410";2023;"Services";0,039226234941438;580;"capacite_remboursement";"autonomie_financiere";"liquidite_generale";6;0,0261682242990654
"E02421";2023;"Industrie";0,00553426377038463;637;"autonomie_financiere";"liquidite_generale";"log_effectif";2;0,00561272217025257
"E02423";2023;"Services";0,0261482437359875;593;"autonomie_financiere";"capacite_remboursement";"tresorerie_actif";5;0,0206378986866792
"E02424";2023;"Commerce";0,00670946655824818;631;"capacite_remboursement";"log_effectif";"autonomie_financiere";3;0,0101195952161914
"E02426";2023;"BTP";0,0159077940532731;606;"autonomie_financiere";"log_effectif";"incidents_paiement";4;0,0195503421309873
"E02427";2023;"Industrie";0,104472137678537;549;"liquidite_generale";"capacite_remboursement";"tresorerie_actif";8;0,157088122605364
"E02429";2023;"Services";0,00625694090872052;634;"liquidite_generale";"autonomie_financiere";"capacite_remboursement";2;0,00561272217025257
"E02432";2023;"Services";0,0195667396518532;601;"capacite_remboursement";"autonomie_financiere";"liquidite_generale";5;0,0206378986866792
"E02439";2023;"BTP";0,00351148054552156;650;"capacite_remboursement";"autonomie_financiere";"tresorerie_actif";2;0,00561272217025257
"E02446";2023;"Industrie";0,0297668733936645;588;"capacite_remboursement";"autonomie_financiere";"tresorerie_actif";6;0,0261682242990654
"E02447";2023;"Transport";0,00289315441905165;656;"capacite_remboursement";"autonomie_financiere";"tresorerie_actif";1;0,00282752120640905
"E02450";2023;"Services";0,00453770030712247;643;"log_effectif";"capacite_remboursement";"tresorerie_actif";2;0,00561272217025257
"E02451";2023;"Industrie";0,00847174577488527;625;"capacite_remboursement";"autonomie_financiere";"liquidite_generale";3;0,0101195952161914
"E02453";2023;"Commerce";0,0130006747111916;613;"capacite_remboursement";"autonomie_financiere";"tresorerie_actif";4;0,0195503421309873
"E02454";2023;"BTP";0,00776416155569927;628;"capacite_remboursement";"liquidite_generale";"tresorerie_actif";3;0,0101195952161914
"E02461";2023;"Commerce";0,00923528252143171;622;"capacite_remboursement";"autonomie_financiere";"log_effectif";3;0,0101195952161914
"E02465";2023;"Services";0,0553555217035099;568;"capacite_remboursement";"liquidite_generale";"tresorerie_actif";7;0,0622489959839357
"E02466";2023;"Commerce";0,0156918185506454;605;"capacite_remboursement";"tresorerie_actif";"incidents_paiement";4;0,0195503421309873
"E02470";2023;"Services";0,0170937831483775;605;"autonomie_financiere";"capacite_remboursement";"log_effectif";4;0,0195503421309873
"E02471";2023;"Hôtellerie-restauration";0,00777085430189847;626;"tresorerie_actif";"log_effectif";"incidents_paiement";3;0,0101195952161914
"E02472";2023;"Commerce";0,0392409426382526;580;"capacite_remboursement";"autonomie_financiere";"tresorerie_actif";6;0,0261682242990654
"E02473";2023;"BTP";0,0307212879573622;586;"liquidite_generale";"autonomie_financiere";"capacite_remboursement";6;0,0261682242990654
"E02477";2023;"Hôtellerie-restauration";0,00915717412188764;623;"capacite_remboursement";"autonomie_financiere";"tresorerie_actif";3;0,0101195952161914
"E02497";2023;"Services";0,0120036678061063;615;"autonomie_financiere";"capacite_remboursement";"tresorerie_actif";4;0,0195503421309873
"E02502";2023;"Commerce";0,208960165184476;526;"autonomie_financiere";"log_effectif";"capacite_remboursement";8;0,157088122605364
"E02504";2023;"BTP";0,0233192626540162;594;"autonomie_financiere";"capacite_remboursement";"incidents_paiement";5;0,0206378986866792
"E02506";2023;"BTP";0,0376327406525549;581;"capacite_remboursement";"autonomie_financiere";"log_effectif";6;0,0261682242990654
"E02507";2023;"Transport";0,011803621713411;616;"capacite_remboursement";"autonomie_financiere";"log_effectif";4;0,0195503421309873
"E02519";2023;"Commerce";0,00215318614505395;664;"capacite_remboursement";"autonomie_financiere";"secteur";1;0,00282752120640905
"E02521";2023;"Hôtellerie-restauration";0,0129384832015469;612;"capacite_remboursement";"autonomie_financiere";"tresorerie_actif";4;0,0195503421309873
"E02523";2023;"Services";0,00287740761132559;657;"capacite_remboursement";"autonomie_financiere";"tresorerie_actif";1;0,00282752120640905
"E02529";2023;"Commerce";0,0150256844024316;608;"autonomie_financiere";"tresorerie_actif";"capacite_remboursement";4;0,0195503421309873
"E02533";2023;"Transport";0,0071241247526721;630;"capacite_remboursement";"tresorerie_actif";"autonomie_financiere";3;0,0101195952161914
"E02551";2023;"Commerce";0,0148794134985442;608;"autonomie_financiere";"capacite_remboursement";"tresorerie_actif";4;0,0195503421309873
"E02552";2023;"Industrie";0,00139131624636507;678;"log_effectif";"autonomie_financiere";"liquidite_generale";1;0,00282752120640905
"E02559";2023;"BTP";0,0136732491914853;611;"capacite_remboursement";"autonomie_financiere";"log_effectif";4;0,0195503421309873
"E02562";2023;"Services";0,0126713713656178;613;"capacite_remboursement";"autonomie_financiere";"tresorerie_actif";4;0,0195503421309873
"E02563";2023;"Services";0,00630785372827956;633;"autonomie_financiere";"liquidite_generale";"tresorerie_actif";2;0,00561272217025257
"E02564";2023;"Transport";0,0135161815529258;612;"capacite_remboursement";"autonomie_financiere";"liquidite_generale";4;0,0195503421309873
"E02584";2023;"Commerce";0,0415861580191591;577;"capacite_remboursement";"liquidite_generale";"tresorerie_actif";6;0,0261682242990654
"E02585";2023;"Hôtellerie-restauration";0,0270430493960674;590;"autonomie_financiere";"log_effectif";"tresorerie_actif";6;0,0261682242990654
"E02587";2023;"Industrie";0,00706475841687901;631;"capacite_remboursement";"autonomie_financiere";"tresorerie_actif";3;0,0101195952161914
"E02589";2023;"BTP";0,0688234585153639;562;"capacite_remboursement";"liquidite_generale";"autonomie_financiere";7;0,0622489959839357
"E02591";2023;"Commerce";0,006322553198367;633;"tresorerie_actif";"liquidite_generale";"autonomie_financiere";2;0,00561272217025257
"E02593";2023;"Commerce";0,00793698992261752;626;"autonomie_financiere";"capacite_remboursement";"tresorerie_actif";3;0,0101195952161914
"E02599";2023;"Commerce";0,0163450637789669;606;"capacite_remboursement";"autonomie_financiere";"liquidite_generale";4;0,0195503421309873
"E02601";2023;"Transport";0,00131803496726415;679;"autonomie_financiere";"tresorerie_actif";"secteur";1;0,00282752120640905
"E02602";2023;"BTP";0,0204201055850995;598;"capacite_remboursement";"autonomie_financiere";"tresorerie_actif";5;0,0206378986866792
"E02610";2023;"BTP";0,0487196739918771;572;"capacite_remboursement";"autonomie_financiere";"tresorerie_actif";7;0,0622489959839357
"E02612";2023;"Commerce";0,00344779635769892;651;"autonomie_financiere";"capacite_remboursement";"tresorerie_actif";2;0,00561272217025257
"E02619";2023;"Commerce";0,0342321845962613;584;"capacite_remboursement";"tresorerie_actif";"autonomie_financiere";6;0,0261682242990654
"E02621";2023;"Services";0,0175835971522559;604;"autonomie_financiere";"capacite_remboursement";"tresorerie_actif";5;0,0206378986866792
"E02629";2023;"Transport";0,0049726433706039;641;"autonomie_financiere";"capacite_remboursement";"tresorerie_actif";2;0,00561272217025257
"E02641";2023;"Services";0,00503563670805794;640;"capacite_remboursement";"autonomie_financiere";"tresorerie_actif";2;0,00561272217025257
"E02644";2023;"Commerce";0,0866744289721758;555;"capacite_remboursement";"liquidite_generale";"tresorerie_actif";8;0,157088122605364
"E02646";2023;"BTP";0,055187430681267;569;"capacite_remboursement";"autonomie_financiere";"tresorerie_actif";7;0,0622489959839357
"E02657";2023;"Industrie";0,0293720409565338;588;"capacite_remboursement";"liquidite_generale";"autonomie_financiere";6;0,0261682242990654
"E02658";2023;"Transport";0,0166454891071031;606;"capacite_remboursement";"autonomie_financiere";"tresorerie_actif";4;0,0195503421309873
"E02660";2023;"BTP";0,0140499397798645;610;"autonomie_financiere";"capacite_remboursement";"log_effectif";4;0,0195503421309873
"E02673";2023;"Industrie";0,0221416390093658;596;"capacite_remboursement";"autonomie_financiere";"incidents_paiement";5;0,0206378986866792
"E02676";2023;"Services";0,00524303807897597;639;"capacite_remboursement";"tresorerie_actif";"liquidite_generale";2;0,00561272217025257
"E02690";2023;"BTP";0,0061909201866314;633;"capacite_remboursement";"tresorerie_actif";"liquidite_generale";2;0,00561272217025257
"E02697";2023;"Commerce";0,0240419063717085;594;"capacite_remboursement";"liquidite_generale";"tresorerie_actif";5;0,0206378986866792
"E02704";2023;"Commerce";0,0156658563101726;607;"autonomie_financiere";"capacite_remboursement";"liquidite_generale";4;0,0195503421309873
"E02717";2023;"Commerce";0,0447073785440171;576;"capacite_remboursement";"autonomie_financiere";"tresorerie_actif";7;0,0622489959839357
"E02721";2023;"Transport";0,0590180644384427;567;"capacite_remboursement";"autonomie_financiere";"liquidite_generale";7;0,0622489959839357
"E02727";2023;"Industrie";0,000595713398656568;702;"autonomie_financiere";"log_effectif";"delai_clients_jours";1;0,00282752120640905
"E02733";2023;"Services";0,00572985726138187;636;"capacite_remboursement";"tresorerie_actif";"autonomie_financiere";2;0,00561272217025257
"E02735";2023;"Commerce";0,272988009542983;517;"autonomie_financiere";"capacite_remboursement";"tresorerie_actif";8;0,157088122605364
"E02737";2023;"Commerce";0,0414849131712531;578;"capacite_remboursement";"tresorerie_actif";"autonomie_financiere";6;0,0261682242990654
"E02738";2023;"BTP";0,0243346019552661;594;"capacite_remboursement";"autonomie_financiere";"tresorerie_actif";5;0,0206378986866792
"E02742";2023;"Commerce";0,0301419733896072;588;"autonomie_financiere";"capacite_remboursement";"liquidite_generale";6;0,0261682242990654
"E02743";2023;"Services";0,0920823016101919;554;"capacite_remboursement";"autonomie_financiere";"tresorerie_actif";8;0,157088122605364
"E02744";2023;"BTP";0,0354717288883933;582;"capacite_remboursement";"autonomie_financiere";"tresorerie_actif";6;0,0261682242990654
"E02745";2023;"Commerce";0,262513312882428;518;"autonomie_financiere";"capacite_remboursement";"liquidite_generale";8;0,157088122605364
"E02747";2023;"Commerce";0,2176425277915;524;"autonomie_financiere";"capacite_remboursement";"liquidite_generale";8;0,157088122605364
"E02761";2023;"Industrie";0,00540940818590984;638;"autonomie_financiere";"tresorerie_actif";"delai_clients_jours";2;0,00561272217025257
"E02773";2023;"Services";0,0590524448321124;567;"capacite_remboursement";"liquidite_generale";"autonomie_financiere";7;0,0622489959839357
"E02782";2023;"Commerce";0,0902529210775077;553;"capacite_remboursement";"autonomie_financiere";"tresorerie_actif";8;0,157088122605364
"E02783";2023;"Services";0,00924687004539287;623;"capacite_remboursement";"liquidite_generale";"autonomie_financiere";3;0,0101195952161914
"E02784";2023;"Transport";0,0346060143842984;583;"capacite_remboursement";"autonomie_financiere";"tresorerie_actif";6;0,0261682242990654
"E02786";2023;"Commerce";0,00636471964778332;633;"tresorerie_actif";"capacite_remboursement";"autonomie_financiere";2;0,00561272217025257
"E02789";2023;"Industrie";0,00450289165845878;642;"capacite_remboursement";"autonomie_financiere";"liquidite_generale";2;0,00561272217025257
"E02790";2023;"BTP";0,107984475723862;548;"capacite_remboursement";"liquidite_generale";"autonomie_financiere";8;0,157088122605364
"E02794";2023;"Services";0,0191831538856626;601;"capacite_remboursement";"tresorerie_actif";"autonomie_financiere";5;0,0206378986866792
"E02818";2023;"Services";0,0258867170364981;592;"autonomie_financiere";"capacite_remboursement";"incidents_paiement";5;0,0206378986866792
"E02833";2023;"Commerce";0,00572316276278475;636;"capacite_remboursement";"log_effectif";"autonomie_financiere";2;0,00561272217025257
"E02834";2023;"Industrie";0,111825964757056;548;"autonomie_financiere";"capacite_remboursement";"log_effectif";8;0,157088122605364
"E02846";2023;"Services";0,0567109066150359;569;"capacite_remboursement";"log_effectif";"autonomie_financiere";7;0,0622489959839357
"E02847";2023;"Commerce";0,00153172580039228;674;"autonomie_financiere";"liquidite_generale";"log_effectif";1;0,00282752120640905
"E02849";2023;"Commerce";0,0108560762179101;617;"capacite_remboursement";"autonomie_financiere";"liquidite_generale";4;0,0195503421309873
"E02850";2023;"BTP";0,0230136271503688;595;"autonomie_financiere";"capacite_remboursement";"tresorerie_actif";5;0,0206378986866792
"E02857";2023;"Services";0,00147177472264366;676;"capacite_remboursement";"log_effectif";"tresorerie_actif";1;0,00282752120640905
"E02863";2023;"Services";0,00233193407341051;662;"autonomie_financiere";"liquidite_generale";"tresorerie_actif";1;0,00282752120640905
"E02874";2023;"Commerce";0,0442165761613033;575;"autonomie_financiere";"capacite_remboursement";"log_effectif";7;0,0622489959839357
"E02882";2023;"Industrie";0,0489640456919094;573;"capacite_remboursement";"autonomie_financiere";"tresorerie_actif";7;0,0622489959839357
"E02885";2023;"Industrie";0,0134650327133394;611;"autonomie_financiere";"tresorerie_actif";"capacite_remboursement";4;0,0195503421309873
"E02893";2023;"BTP";0,0205926806419649;598;"liquidite_generale";"capacite_remboursement";"autonomie_financiere";5;0,0206378986866792
"E02898";2023;"Commerce";0,0193761293212601;601;"capacite_remboursement";"autonomie_financiere";"liquidite_generale";5;0,0206378986866792
"E02902";2023;"Commerce";0,00171910744018757;671;"capacite_remboursement";"log_effectif";"tresorerie_actif";1;0,00282752120640905
"E02912";2023;"Services";0,0502297193700699;572;"capacite_remboursement";"autonomie_financiere";"tresorerie_actif";7;0,0622489959839357
"E02918";2023;"Services";0,0195558791361282;599;"autonomie_financiere";"capacite_remboursement";"tresorerie_actif";5;0,0206378986866792
"E02930";2023;"Services";0,0193971997562128;600;"capacite_remboursement";"liquidite_generale";"autonomie_financiere";5;0,0206378986866792
"E02934";2023;"Commerce";0,4222451546789;496;"autonomie_financiere";"capacite_remboursement";"liquidite_generale";8;0,157088122605364
"E02936";2023;"Services";0,00142483188463362;676;"tresorerie_actif";"autonomie_financiere";"delai_clients_jours";1;0,00282752120640905
"E02939";2023;"BTP";0,0731417114412807;561;"autonomie_financiere";"capacite_remboursement";"tresorerie_actif";7;0,0622489959839357
"E02940";2023;"BTP";0,0206252709426475;598;"autonomie_financiere";"capacite_remboursement";"tresorerie_actif";5;0,0206378986866792
"E02942";2023;"Services";0,00825729434413399;626;"autonomie_financiere";"capacite_remboursement";"tresorerie_actif";3;0,0101195952161914
"E02949";2023;"BTP";0,186279894725221;528;"capacite_remboursement";"liquidite_generale";"autonomie_financiere";8;0,157088122605364
"E02952";2023;"Hôtellerie-restauration";0,0727285416888662;561;"capacite_remboursement";"liquidite_generale";"autonomie_financiere";7;0,0622489959839357
"E02953";2023;"Industrie";0,0101305693198873;620;"autonomie_financiere";"capacite_remboursement";"tresorerie_actif";3;0,0101195952161914
"E02956";2023;"Services";0,00876931588865356;624;"capacite_remboursement";"tresorerie_actif";"autonomie_financiere";3;0,0101195952161914
"E02959";2023;"Industrie";0,0166233685726127;605;"capacite_remboursement";"liquidite_generale";"autonomie_financiere";4;0,0195503421309873
"E02970";2023;"Services";0,0046017879574314;643;"capacite_remboursement";"tresorerie_actif";"log_effectif";2;0,00561272217025257
"E02971";2023;"Industrie";0,0133660568974316;612;"capacite_remboursement";"log_effectif";"tresorerie_actif";4;0,0195503421309873
"E02979";2023;"Services";0,0178337780416943;604;"capacite_remboursement";"log_effectif";"autonomie_financiere";5;0,0206378986866792
"E02987";2023;"Commerce";0,0295913087919622;587;"autonomie_financiere";"log_effectif";"capacite_remboursement";6;0,0261682242990654
"E02992";2023;"Commerce";0,00700682191370667;631;"capacite_remboursement";"log_effectif";"autonomie_financiere";3;0,0101195952161914
"E03002";2023;"Industrie";0,0468726030324293;575;"capacite_remboursement";"autonomie_financiere";"tresorerie_actif";7;0,0622489959839357
"E03003";2023;"Services";0,022610351387217;596;"liquidite_generale";"capacite_remboursement";"tresorerie_actif";5;0,0206378986866792
"E03006";2023;"Industrie";0,00372675776138798;648;"autonomie_financiere";"tresorerie_actif";"liquidite_generale";2;0,00561272217025257
"E03013";2023;"BTP";0,0887881061118036;554;"capacite_remboursement";"log_effectif";"tresorerie_actif";8;0,157088122605364
"E03016";2023;"Hôtellerie-restauration";0,0104497063739139;619;"capacite_remboursement";"autonomie_financiere";"tresorerie_actif";3;0,0101195952161914
"E03023";2023;"BTP";0,038099225575996;581;"capacite_remboursement";"autonomie_financiere";"log_effectif";6;0,0261682242990654
"E03024";2023;"Industrie";0,0424835972466822;577;"capacite_remboursement";"tresorerie_actif";"liquidite_generale";6;0,0261682242990654
"E03026";2023;"Transport";0,144485270103816;537;"capacite_remboursement";"log_effectif";"tresorerie_actif";8;0,157088122605364
"E03032";2023;"Commerce";0,00802340612234905;627;"capacite_remboursement";"autonomie_financiere";"tresorerie_actif";3;0,0101195952161914
"E03034";2023;"Services";0,0119945238170709;614;"capacite_remboursement";"autonomie_financiere";"incidents_paiement";4;0,0195503421309873
"E03035";2023;"Services";0,00108510425301732;684;"capacite_remboursement";"liquidite_generale";"delai_clients_jours";1;0,00282752120640905
"E03038";2023;"Services";0,031206315168527;587;"capacite_remboursement";"autonomie_financiere";"tresorerie_actif";6;0,0261682242990654
"E03040";2023;"BTP";0,0166054413034143;604;"capacite_remboursement";"tresorerie_actif";"autonomie_financiere";5;0,0206378986866792
"E03041";2023;"BTP";0,0465449638523427;574;"capacite_remboursement";"liquidite_generale";"tresorerie_actif";7;0,0622489959839357
"E03046";2023;"Commerce";0,0348945116481347;583;"capacite_remboursement";"autonomie_financiere";"tresorerie_actif";6;0,0261682242990654
"E03048";2023;"Industrie";0,0284304868922994;590;"capacite_remboursement";"autonomie_financiere";"tresorerie_actif";6;0,0261682242990654
"E03049";2023;"Services";0,00756688621484826;629;"autonomie_financiere";"capacite_remboursement";"log_effectif";3;0,0101195952161914
"E03052";2023;"Commerce";0,254591168595168;518;"autonomie_financiere";"capacite_remboursement";"liquidite_generale";8;0,157088122605364
"E03058";2023;"BTP";0,029654818290916;588;"capacite_remboursement";"liquidite_generale";"autonomie_financiere";6;0,0261682242990654
"E03060";2023;"Services";0,0977308296112058;552;"capacite_remboursement";"liquidite_generale";"autonomie_financiere";8;0,157088122605364
"E03069";2023;"Hôtellerie-restauration";0,0036037318004549;649;"capacite_remboursement";"autonomie_financiere";"liquidite_generale";2;0,00561272217025257
"E03076";2023;"BTP";0,0271089825431559;590;"log_effectif";"capacite_remboursement";"autonomie_financiere";6;0,0261682242990654
"E03078";2023;"Transport";0,0123808568679606;614;"capacite_remboursement";"autonomie_financiere";"liquidite_generale";4;0,0195503421309873
"E03092";2023;"BTP";0,176130460471681;531;"capacite_remboursement";"liquidite_generale";"autonomie_financiere";8;0,157088122605364
"E03102";2023;"Industrie";0,131597228275976;542;"autonomie_financiere";"capacite_remboursement";"tresorerie_actif";8;0,157088122605364
"E03107";2023;"Transport";0,0317200015731547;586;"capacite_remboursement";"liquidite_generale";"autonomie_financiere";6;0,0261682242990654
"E03118";2023;"Services";0,00211953240536536;665;"autonomie_financiere";"capacite_remboursement";"tresorerie_actif";1;0,00282752120640905
"E03123";2023;"Hôtellerie-restauration";0,0161629327882086;605;"autonomie_financiere";"log_effectif";"capacite_remboursement";4;0,0195503421309873
"E03127";2023;"Services";0,0197016660361738;601;"autonomie_financiere";"capacite_remboursement";"tresorerie_actif";5;0,0206378986866792
"E03136";2023;"BTP";0,0537031183188567;570;"capacite_remboursement";"tresorerie_actif";"log_effectif";7;0,0622489959839357
"E03141";2023;"Services";0,000480568824961323;708;"tresorerie_actif";"log_effectif";"delai_clients_jours";1;0,00282752120640905
"E03144";2023;"Commerce";0,00143474509612245;676;"autonomie_financiere";"log_effectif";"tresorerie_actif";1;0,00282752120640905
"E03153";2023;"Transport";0,0173186773222616;604;"liquidite_generale";"capacite_remboursement";"autonomie_financiere";5;0,0206378986866792
"E03157";2023;"BTP";0,0451541940635255;575;"capacite_remboursement";"autonomie_financiere";"tresorerie_actif";7;0,0622489959839357
"E03164";2023;"BTP";0,0175388630822355;603;"autonomie_financiere";"capacite_remboursement";"tresorerie_actif";5;0,0206378986866792
"E03169";2023;"Services";0,00396594995987178;647;"autonomie_financiere";"capacite_remboursement";"tresorerie_actif";2;0,00561272217025257
"E03175";2023;"Services";0,012516104560699;613;"autonomie_financiere";"capacite_remboursement";"tresorerie_actif";4;0,0195503421309873
"E03181";2023;"Transport";0,160741024567695;536;"autonomie_financiere";"capacite_remboursement";"tresorerie_actif";8;0,157088122605364
"E03188";2023;"Industrie";0,075770219092815;559;"capacite_remboursement";"tresorerie_actif";"autonomie_financiere";7;0,0622489959839357
"E03189";2023;"Services";0,0037112053938059;648;"capacite_remboursement";"autonomie_financiere";"liquidite_generale";2;0,00561272217025257
"E03201";2023;"Hôtellerie-restauration";0,00404045873358417;646;"capacite_remboursement";"tresorerie_actif";"autonomie_financiere";2;0,00561272217025257
"E03208";2023;"Services";0,00398337574781499;647;"capacite_remboursement";"tresorerie_actif";"liquidite_generale";2;0,00561272217025257
"E03212";2023;"Services";0,00193000154287425;668;"autonomie_financiere";"liquidite_generale";"tresorerie_actif";1;0,00282752120640905
"E03213";2023;"Services";0,0295673620545066;588;"log_effectif";"autonomie_financiere";"capacite_remboursement";6;0,0261682242990654
"E03215";2023;"BTP";0,00909076730404149;623;"autonomie_financiere";"capacite_remboursement";"tresorerie_actif";3;0,0101195952161914
"E03231";2023;"Commerce";0,00779109628493319;628;"capacite_remboursement";"autonomie_financiere";"tresorerie_actif";3;0,0101195952161914
"E03232";2023;"BTP";0,00403584504983448;646;"capacite_remboursement";"autonomie_financiere";"log_effectif";2;0,00561272217025257
"E03237";2023;"Services";0,00679654552119366;632;"autonomie_financiere";"capacite_remboursement";"tresorerie_actif";2;0,00561272217025257
"E03239";2023;"Services";0,012898115610894;613;"capacite_remboursement";"autonomie_financiere";"tresorerie_actif";4;0,0195503421309873
"E03260";2023;"Commerce";0,0121332018911028;615;"capacite_remboursement";"autonomie_financiere";"tresorerie_actif";4;0,0195503421309873
"E03263";2023;"Commerce";0,0996785290687791;551;"capacite_remboursement";"liquidite_generale";"tresorerie_actif";8;0,157088122605364
"E03265";2023;"Services";0,0294545214749868;588;"log_effectif";"capacite_remboursement";"tresorerie_actif";6;0,0261682242990654
"E03267";2023;"Commerce";0,00250879432641086;660;"autonomie_financiere";"liquidite_generale";"tresorerie_actif";1;0,00282752120640905
"E03271";2023;"BTP";0,0442256676883706;575;"capacite_remboursement";"autonomie_financiere";"tresorerie_actif";7;0,0622489959839357
"E03273";2023;"Industrie";0,00145309003137541;676;"log_effectif";"autonomie_financiere";"delai_clients_jours";1;0,00282752120640905
"E03276";2023;"Hôtellerie-restauration";0,0458205918148256;575;"capacite_remboursement";"liquidite_generale";"autonomie_financiere";7;0,0622489959839357
"E03278";2023;"Services";0,01609247259086;606;"autonomie_financiere";"capacite_remboursement";"tresorerie_actif";4;0,0195503421309873
"E03290";2023;"BTP";0,0225522700537669;596;"capacite_remboursement";"autonomie_financiere";"tresorerie_actif";5;0,0206378986866792
"E03294";2023;"Industrie";0,00812974947624135;626;"log_effectif";"capacite_remboursement";"liquidite_generale";3;0,0101195952161914
"E03300";2023;"Industrie";0,0898486324389167;555;"autonomie_financiere";"capacite_remboursement";"log_effectif";8;0,157088122605364
"E03305";2023;"BTP";0,020478451212343;599;"autonomie_financiere";"capacite_remboursement";"liquidite_generale";5;0,0206378986866792
"E03319";2023;"Industrie";0,00312862663568828;654;"autonomie_financiere";"log_effectif";"tresorerie_actif";1;0,00282752120640905
"E03320";2023;"Commerce";0,00159771579454537;672;"autonomie_financiere";"liquidite_generale";"tresorerie_actif";1;0,00282752120640905
"E03325";2023;"BTP";0,33075998895284;507;"capacite_remboursement";"autonomie_financiere";"liquidite_generale";8;0,157088122605364
"E03340";2023;"BTP";0,194117350223598;527;"capacite_remboursement";"liquidite_generale";"autonomie_financiere";8;0,157088122605364
"E03350";2023;"Commerce";0,012709044560539;612;"autonomie_financiere";"capacite_remboursement";"liquidite_generale";4;0,0195503421309873
"E03351";2023;"BTP";0,0388845181862455;579;"liquidite_generale";"autonomie_financiere";"capacite_remboursement";6;0,0261682242990654
"E03356";2023;"Industrie";0,0101547721765201;621;"capacite_remboursement";"autonomie_financiere";"tresorerie_actif";3;0,0101195952161914
"E03372";2023;"Hôtellerie-restauration";0,0452742453541468;575;"capacite_remboursement";"liquidite_generale";"autonomie_financiere";7;0,0622489959839357
"E03392";2023;"Commerce";0,0149002343532634;609;"capacite_remboursement";"autonomie_financiere";"tresorerie_actif";4;0,0195503421309873
"E03396";2023;"Services";0,0158074390190259;606;"log_effectif";"autonomie_financiere";"capacite_remboursement";4;0,0195503421309873
"E03399";2023;"Commerce";0,116444366488604;545;"capacite_remboursement";"liquidite_generale";"autonomie_financiere";8;0,157088122605364
"E03400";2023;"Commerce";0,0137272650933816;611;"capacite_remboursement";"autonomie_financiere";"tresorerie_actif";4;0,0195503421309873
"E03405";2023;"Hôtellerie-restauration";0,00279499632052959;657;"capacite_remboursement";"autonomie_financiere";"tresorerie_actif";1;0,00282752120640905
"E03409";2023;"Services";0,0135195652830845;612;"capacite_remboursement";"autonomie_financiere";"tresorerie_actif";4;0,0195503421309873
"E03414";2023;"Services";0,00940989438239027;622;"capacite_remboursement";"tresorerie_actif";"autonomie_financiere";3;0,0101195952161914
"E03416";2023;"Services";0,000524065943153668;706;"autonomie_financiere";"delai_clients_jours";NA;1;0,00282752120640905
"E03417";2023;"Services";0,0170823300809244;605;"capacite_remboursement";"autonomie_financiere";"liquidite_generale";4;0,0195503421309873
"E03418";2023;"Transport";0,00198788297762098;667;"capacite_remboursement";"autonomie_financiere";"tresorerie_actif";1;0,00282752120640905
"E03423";2023;"Commerce";0,0375301566853623;580;"capacite_remboursement";"tresorerie_actif";"liquidite_generale";6;0,0261682242990654
"E03431";2023;"BTP";0,0011442541347256;682;"autonomie_financiere";"tresorerie_actif";"delai_clients_jours";1;0,00282752120640905
"E03432";2023;"Commerce";0,00356135885661464;650;"capacite_remboursement";"autonomie_financiere";"tresorerie_actif";2;0,00561272217025257
"E03434";2023;"BTP";0,0204062648686078;599;"capacite_remboursement";"autonomie_financiere";"tresorerie_actif";5;0,0206378986866792
"E03441";2023;"Commerce";0,0529869444807348;570;"capacite_remboursement";"autonomie_financiere";"tresorerie_actif";7;0,0622489959839357
"E03447";2023;"Industrie";0,0040649417404558;647;"capacite_remboursement";"tresorerie_actif";"liquidite_generale";2;0,00561272217025257
"E03452";2023;"Industrie";0,016350709069264;606;"capacite_remboursement";"tresorerie_actif";"autonomie_financiere";4;0,0195503421309873
"E03453";2023;"Commerce";0,110392761164058;547;"liquidite_generale";"capacite_remboursement";"autonomie_financiere";8;0,157088122605364
"E03460";2023;"Industrie";0,004539032565103;642;"tresorerie_actif";"incidents_paiement";"autonomie_financiere";2;0,00561272217025257
"E03463";2023;"Commerce";0,187710548899225;531;"autonomie_financiere";"capacite_remboursement";"liquidite_generale";8;0,157088122605364
"E03465";2023;"Industrie";0,0161454494629599;607;"capacite_remboursement";"autonomie_financiere";"tresorerie_actif";4;0,0195503421309873
"E03471";2023;"Services";0,0283332421592151;589;"liquidite_generale";"capacite_remboursement";"incidents_paiement";6;0,0261682242990654
"E03472";2023;"Commerce";0,00192089420909113;668;"capacite_remboursement";"tresorerie_actif";"secteur";1;0,00282752120640905
"E03475";2023;"Services";0,0376104811458856;580;"autonomie_financiere";"capacite_remboursement";"log_effectif";6;0,0261682242990654
"E03481";2023;"Services";0,013569354186228;612;"capacite_remboursement";"autonomie_financiere";"tresorerie_actif";4;0,0195503421309873
"E03482";2023;"Hôtellerie-restauration";0,00361987068850356;648;"autonomie_financiere";"incidents_paiement";"tresorerie_actif";2;0,00561272217025257
"E03484";2023;"BTP";0,00141915713855349;677;"autonomie_financiere";"log_effectif";"secteur";1;0,00282752120640905
"E03488";2023;"Services";0,0149142235510788;608;"capacite_remboursement";"autonomie_financiere";"tresorerie_actif";4;0,0195503421309873
"E03495";2023;"Hôtellerie-restauration";0,0227772081659322;596;"capacite_remboursement";"tresorerie_actif";"autonomie_financiere";5;0,0206378986866792
"E03497";2023;"Commerce";0,0240253485191269;594;"capacite_remboursement";"tresorerie_actif";"autonomie_financiere";5;0,0206378986866792
"E03505";2023;"Services";0,00967267523478554;621;"capacite_remboursement";"autonomie_financiere";"tresorerie_actif";3;0,0101195952161914
"E03511";2023;"Commerce";0,121238838835955;543;"capacite_remboursement";"liquidite_generale";"autonomie_financiere";8;0,157088122605364
"E03514";2023;"BTP";0,0295284616772802;588;"capacite_remboursement";"tresorerie_actif";"liquidite_generale";6;0,0261682242990654
"E03515";2023;"Commerce";0,0267795016470289;590;"autonomie_financiere";"capacite_remboursement";"tresorerie_actif";6;0,0261682242990654
"E03516";2023;"Industrie";0,0154889570932527;608;"capacite_remboursement";"autonomie_financiere";"liquidite_generale";4;0,0195503421309873
"E03517";2023;"Services";0,00808089538750198;626;"capacite_remboursement";"tresorerie_actif";"delai_clients_jours";3;0,0101195952161914
"E03518";2023;"Commerce";0,000620952379971139;701;"log_effectif";"secteur";"delai_clients_jours";1;0,00282752120640905
"E03528";2023;"Services";0,455610610371168;493;"autonomie_financiere";"capacite_remboursement";"liquidite_generale";8;0,157088122605364
"E03534";2023;"BTP";0,0267159199853384;591;"capacite_remboursement";"tresorerie_actif";"autonomie_financiere";6;0,0261682242990654
"E03537";2023;"Commerce";0,0515791930485241;572;"capacite_remboursement";"liquidite_generale";"tresorerie_actif";7;0,0622489959839357
"E03541";2023;"Services";0,0277713692797589;590;"capacite_remboursement";"liquidite_generale";"tresorerie_actif";6;0,0261682242990654
"E03542";2023;"BTP";0,00822010338147612;625;"capacite_remboursement";"tresorerie_actif";"delai_clients_jours";3;0,0101195952161914
"E03543";2023;"Services";0,0198057436400262;601;"capacite_remboursement";"autonomie_financiere";"liquidite_generale";5;0,0206378986866792
"E03544";2023;"Services";0,0341343012669123;584;"capacite_remboursement";"autonomie_financiere";"liquidite_generale";6;0,0261682242990654
"E03558";2023;"Industrie";0,0053027974789559;639;"capacite_remboursement";"autonomie_financiere";"tresorerie_actif";2;0,00561272217025257
"E03573";2023;"Industrie";0,00553307471179268;638;"capacite_remboursement";"tresorerie_actif";"log_effectif";2;0,00561272217025257
"E03579";2023;"Industrie";0,0215103171710983;599;"capacite_remboursement";"autonomie_financiere";"log_effectif";5;0,0206378986866792
"E03587";2023;"Commerce";0,0117340769076124;615;"autonomie_financiere";"capacite_remboursement";"log_effectif";4;0,0195503421309873
"E03597";2023;"Services";0,00637534135203761;634;"capacite_remboursement";"autonomie_financiere";"tresorerie_actif";2;0,00561272217025257
"E03600";2023;"BTP";0,00860472670410103;624;"tresorerie_actif";"autonomie_financiere";"capacite_remboursement";3;0,0101195952161914
"E03608";2023;"BTP";0,2187674528442;523;"capacite_remboursement";"liquidite_generale";"tresorerie_actif";8;0,157088122605364
"E03617";2023;"Commerce";0,00116450470740515;682;"liquidite_generale";"tresorerie_actif";"secteur";1;0,00282752120640905
"E03623";2023;"Commerce";0,0265111080881884;591;"capacite_remboursement";"tresorerie_actif";"liquidite_generale";6;0,0261682242990654
"E03627";2023;"Commerce";0,00885565350421763;623;"liquidite_generale";"autonomie_financiere";"log_effectif";3;0,0101195952161914
"E03628";2023;"Services";0,00314953020290193;654;"log_effectif";"liquidite_generale";"autonomie_financiere";1;0,00282752120640905
"E03643";2023;"Industrie";0,0130772110691501;611;"tresorerie_actif";"capacite_remboursement";"liquidite_generale";4;0,0195503421309873
"E03656";2023;"Transport";0,0870180966810491;555;"capacite_remboursement";"liquidite_generale";"tresorerie_actif";8;0,157088122605364
"E03657";2023;"Industrie";0,00735037317115504;629;"capacite_remboursement";"autonomie_financiere";"liquidite_generale";3;0,0101195952161914
"E03659";2023;"Commerce";0,0420870058049805;578;"autonomie_financiere";"capacite_remboursement";"tresorerie_actif";6;0,0261682242990654
"E03668";2023;"Services";0,00171989901675705;672;"autonomie_financiere";"log_effectif";"liquidite_generale";1;0,00282752120640905
"E03671";2023;"BTP";0,0148284971268959;608;"capacite_remboursement";"autonomie_financiere";"liquidite_generale";4;0,0195503421309873
"E03672";2023;"Services";0,016640597814593;606;"capacite_remboursement";"autonomie_financiere";"tresorerie_actif";4;0,0195503421309873
"E03678";2023;"Services";0,0270088032683509;592;"autonomie_financiere";"capacite_remboursement";"liquidite_generale";5;0,0206378986866792
"E03679";2023;"BTP";0,00827001328059081;626;"capacite_remboursement";"autonomie_financiere";"tresorerie_actif";3;0,0101195952161914
"E03684";2023;"Hôtellerie-restauration";0,125122720790253;542;"capacite_remboursement";"autonomie_financiere";"tresorerie_actif";8;0,157088122605364
"E03687";2023;"Commerce";0,00340647232345653;651;"autonomie_financiere";"capacite_remboursement";"tresorerie_actif";2;0,00561272217025257
"E03688";2023;"Transport";0,0822723972008813;557;"capacite_remboursement";"autonomie_financiere";"tresorerie_actif";8;0,157088122605364
"E03699";2023;"Industrie";0,0147965337860212;609;"capacite_remboursement";"autonomie_financiere";"tresorerie_actif";4;0,0195503421309873
"E03700";2023;"Services";0,00607525835519368;635;"autonomie_financiere";"capacite_remboursement";"tresorerie_actif";2;0,00561272217025257
"E03707";2023;"Industrie";0,0373861732391939;582;"capacite_remboursement";"tresorerie_actif";"autonomie_financiere";6;0,0261682242990654
"E03710";2023;"Services";0,0193413015022185;602;"capacite_remboursement";"autonomie_financiere";"tresorerie_actif";5;0,0206378986866792
"E03724";2023;"BTP";0,0116520111474431;615;"capacite_remboursement";"log_effectif";"autonomie_financiere";4;0,0195503421309873
"E03741";2023;"Industrie";0,00716924938143831;631;"capacite_remboursement";"tresorerie_actif";"autonomie_financiere";3;0,0101195952161914
"E03742";2023;"Commerce";0,00574093850115124;636;"autonomie_financiere";"capacite_remboursement";"tresorerie_actif";2;0,00561272217025257
"E03743";2023;"Services";0,0192127723135896;601;"log_effectif";"capacite_remboursement";"autonomie_financiere";5;0,0206378986866792
"E03748";2023;"Commerce";0,0345799031710522;583;"capacite_remboursement";"autonomie_financiere";"tresorerie_actif";6;0,0261682242990654
"E03752";2023;"Industrie";0,0469011655631026;576;"capacite_remboursement";"autonomie_financiere";"liquidite_generale";7;0,0622489959839357
"E03754";2023;"Services";0,00109621908621251;684;"autonomie_financiere";"tresorerie_actif";"delai_clients_jours";1;0,00282752120640905
"E03761";2023;"Services";0,00144120051185911;676;"capacite_remboursement";"liquidite_generale";"delai_clients_jours";1;0,00282752120640905
"E03766";2023;"Services";0,000373841576710267;716;"tresorerie_actif";"delai_clients_jours";NA;1;0,00282752120640905
"E03769";2023;"Commerce";0,109717097223053;548;"capacite_remboursement";"liquidite_generale";"autonomie_financiere";8;0,157088122605364
"E03774";2023;"Hôtellerie-restauration";0,0196684160686483;600;"capacite_remboursement";"tresorerie_actif";"autonomie_financiere";5;0,0206378986866792
"E03776";2023;"Services";0,0125006900236788;614;"capacite_remboursement";"tresorerie_actif";"autonomie_financiere";4;0,0195503421309873
"E03784";2023;"Services";0,0187743609449764;602;"capacite_remboursement";"tresorerie_actif";"autonomie_financiere";5;0,0206378986866792
"E03789";2023;"Commerce";0,00834380271808864;626;"capacite_remboursement";"autonomie_financiere";"tresorerie_actif";3;0,0101195952161914
"E03792";2023;"BTP";0,00852954052832908;624;"log_effectif";"capacite_remboursement";"autonomie_financiere";3;0,0101195952161914
"E03793";2023;"Commerce";0,0789680495530073;559;"capacite_remboursement";"autonomie_financiere";"liquidite_generale";7;0,0622489959839357
"E03797";2023;"Industrie";0,0189159643603126;601;"autonomie_financiere";"capacite_remboursement";"tresorerie_actif";5;0,0206378986866792
"E03805";2023;"Services";0,00817438199420063;625;"capacite_remboursement";"tresorerie_actif";"autonomie_financiere";3;0,0101195952161914
"E03809";2023;"Commerce";0,00857437952381246;625;"capacite_remboursement";"tresorerie_actif";"liquidite_generale";3;0,0101195952161914
"E03813";2023;"Commerce";0,0105735067022166;618;"autonomie_financiere";"capacite_remboursement";"tresorerie_actif";3;0,0101195952161914
"E03814";2023;"Commerce";0,0490460996122778;572;"capacite_remboursement";"liquidite_generale";"autonomie_financiere";7;0,0622489959839357
"E03815";2023;"Commerce";0,0169108779181883;605;"autonomie_financiere";"capacite_remboursement";"tresorerie_actif";4;0,0195503421309873
"E03817";2023;"Commerce";0,0921833858274415;552;"liquidite_generale";"capacite_remboursement";"autonomie_financiere";8;0,157088122605364
"E03821";2023;"Hôtellerie-restauration";0,053554214713099;569;"capacite_remboursement";"autonomie_financiere";"liquidite_generale";7;0,0622489959839357
"E03824";2023;"Industrie";0,00730319967709385;629;"capacite_remboursement";"tresorerie_actif";"log_effectif";3;0,0101195952161914
"E03828";2023;"Hôtellerie-restauration";0,00254077630613814;659;"autonomie_financiere";"log_effectif";"secteur";1;0,00282752120640905
"E03843";2023;"Transport";0,201962960085342;526;"capacite_remboursement";"log_effectif";"liquidite_generale";8;0,157088122605364
"E03854";2023;"Commerce";0,0800273750703337;558;"capacite_remboursement";"liquidite_generale";"autonomie_financiere";7;0,0622489959839357
"E03859";2023;"Commerce";0,0486986399578384;573;"liquidite_generale";"capacite_remboursement";"tresorerie_actif";7;0,0622489959839357
"E03865";2023;"Hôtellerie-restauration";0,00441578279842985;643;"capacite_remboursement";"tresorerie_actif";"autonomie_financiere";2;0,00561272217025257
"E03869";2023;"Industrie";0,0299458050255776;588;"capacite_remboursement";"liquidite_generale";"autonomie_financiere";6;0,0261682242990654
"E03871";2023;"Commerce";0,00831687809344112;625;"capacite_remboursement";"tresorerie_actif";"log_effectif";3;0,0101195952161914
"E03876";2023;"BTP";0,158668447309286;534;"capacite_remboursement";"liquidite_generale";"autonomie_financiere";8;0,157088122605364
"E03879";2023;"Commerce";0,0497679664330148;573;"capacite_remboursement";"liquidite_generale";"autonomie_financiere";7;0,0622489959839357
"E03884";2023;"Services";0,0114973139312655;616;"liquidite_generale";"capacite_remboursement";"autonomie_financiere";4;0,0195503421309873
"E03885";2023;"Industrie";0,00169128046736955;672;"capacite_remboursement";"log_effectif";"tresorerie_actif";1;0,00282752120640905
"E03887";2023;"Hôtellerie-restauration";0,0254784977234822;592;"capacite_remboursement";"autonomie_financiere";"tresorerie_actif";5;0,0206378986866792
"E03888";2023;"Transport";0,00347162052142128;651;"liquidite_generale";"autonomie_financiere";"tresorerie_actif";2;0,00561272217025257
"E03889";2023;"Industrie";0,0230963225668161;596;"capacite_remboursement";"tresorerie_actif";"log_effectif";5;0,0206378986866792
"E03895";2023;"Transport";0,00795237475278878;627;"capacite_remboursement";"autonomie_financiere";"liquidite_generale";3;0,0101195952161914
"E03902";2023;"Industrie";0,0119684981894388;615;"capacite_remboursement";"autonomie_financiere";"tresorerie_actif";4;0,0195503421309873
"E03907";2023;"Industrie";0,0255132894158102;592;"capacite_remboursement";"autonomie_financiere";"tresorerie_actif";5;0,0206378986866792
"E03912";2023;"BTP";0,0304145224682688;586;"log_effectif";"capacite_remboursement";"tresorerie_actif";6;0,0261682242990654
"E03914";2023;"Commerce";0,0172960027901044;604;"capacite_remboursement";"autonomie_financiere";"liquidite_generale";5;0,0206378986866792
"E03918";2023;"Industrie";0,000999898369703373;687;"autonomie_financiere";"tresorerie_actif";"delai_clients_jours";1;0,00282752120640905
"E03921";2023;"Hôtellerie-restauration";0,00209297927489592;665;"capacite_remboursement";"tresorerie_actif";"delai_clients_jours";1;0,00282752120640905
"E03931";2023;"BTP";0,078473573803756;557;"capacite_remboursement";"liquidite_generale";"tresorerie_actif";8;0,157088122605364
"E03936";2023;"Commerce";0,0970037782403534;551;"capacite_remboursement";"log_effectif";"liquidite_generale";8;0,157088122605364
"E03946";2023;"Transport";0,0110361497385521;617;"autonomie_financiere";"capacite_remboursement";"tresorerie_actif";4;0,0195503421309873
"E03951";2023;"Industrie";0,0123629834540848;614;"capacite_remboursement";"autonomie_financiere";"liquidite_generale";4;0,0195503421309873
"E03963";2023;"Commerce";0,0127991102574302;613;"capacite_remboursement";"autonomie_financiere";"tresorerie_actif";4;0,0195503421309873
"E03965";2023;"Commerce";0,147501695181346;539;"capacite_remboursement";"autonomie_financiere";"tresorerie_actif";8;0,157088122605364
"E03968";2023;"BTP";0,0524975719775947;571;"capacite_remboursement";"autonomie_financiere";"tresorerie_actif";7;0,0622489959839357
"E03973";2023;"Industrie";0,0263846955350448;593;"capacite_remboursement";"autonomie_financiere";"tresorerie_actif";5;0,0206378986866792
"E03974";2023;"Commerce";0,0620031565747576;566;"capacite_remboursement";"autonomie_financiere";"tresorerie_actif";7;0,0622489959839357
"E04000";2023;"Commerce";0,0296180248343891;588;"capacite_remboursement";"liquidite_generale";"autonomie_financiere";6;0,0261682242990654
"E04004";2023;"Industrie";0,0354056424696094;583;"liquidite_generale";"capacite_remboursement";"autonomie_financiere";6;0,0261682242990654
"E04005";2023;"Transport";0,184300199304641;531;"autonomie_financiere";"capacite_remboursement";"tresorerie_actif";8;0,157088122605364
"E04014";2023;"Industrie";0,00257059692240755;660;"autonomie_financiere";"log_effectif";"tresorerie_actif";1;0,00282752120640905
"E04029";2023;"Industrie";0,00388891537152787;648;"capacite_remboursement";"tresorerie_actif";"log_effectif";2;0,00561272217025257
"E04035";2023;"Services";0,0226862404493818;596;"capacite_remboursement";"autonomie_financiere";"tresorerie_actif";5;0,0206378986866792
"E04039";2023;"Transport";0,013404423294218;612;"capacite_remboursement";"autonomie_financiere";"tresorerie_actif";4;0,0195503421309873
"E04046";2023;"Commerce";0,095341910974974;552;"capacite_remboursement";"autonomie_financiere";"liquidite_generale";8;0,157088122605364
"E04051";2023;"Commerce";0,00468075682996893;641;"capacite_remboursement";"tresorerie_actif";"autonomie_financiere";2;0,00561272217025257
"E04055";2023;"Services";0,0015743440478973;674;"autonomie_financiere";"log_effectif";"tresorerie_actif";1;0,00282752120640905
"E04057";2023;"Hôtellerie-restauration";0,0272528131931975;591;"autonomie_financiere";"capacite_remboursement";"liquidite_generale";6;0,0261682242990654
"E04059";2023;"Industrie";0,0177875993248207;603;"capacite_remboursement";"log_effectif";"liquidite_generale";5;0,0206378986866792
"E04061";2023;"Services";0,0140859026967828;611;"autonomie_financiere";"capacite_remboursement";"log_effectif";4;0,0195503421309873
"E04063";2023;"Services";0,00849035120320606;625;"autonomie_financiere";"capacite_remboursement";"tresorerie_actif";3;0,0101195952161914
"E04098";2023;"Commerce";0,0306037985228784;587;"capacite_remboursement";"tresorerie_actif";"autonomie_financiere";6;0,0261682242990654
"E04102";2023;"Commerce";0,00888917601021255;623;"autonomie_financiere";"capacite_remboursement";"liquidite_generale";3;0,0101195952161914
"E04108";2023;"Hôtellerie-restauration";0,159840604676764;535;"capacite_remboursement";"autonomie_financiere";"tresorerie_actif";8;0,157088122605364
"E04115";2023;"Industrie";0,0225745658157898;596;"capacite_remboursement";"tresorerie_actif";"log_effectif";5;0,0206378986866792
"E04118";2023;"Commerce";0,170874315756236;533;"capacite_remboursement";"liquidite_generale";"autonomie_financiere";8;0,157088122605364
"E04119";2023;"Commerce";0,0122163113877712;614;"capacite_remboursement";"log_effectif";"tresorerie_actif";4;0,0195503421309873
"E04123";2023;"Services";0,216845003106523;524;"capacite_remboursement";"autonomie_financiere";"liquidite_generale";8;0,157088122605364
"E04129";2023;"Commerce";0,0325652887667026;585;"capacite_remboursement";"autonomie_financiere";"tresorerie_actif";6;0,0261682242990654
"E04132";2023;"BTP";0,0237907687805646;594;"capacite_remboursement";"autonomie_financiere";"liquidite_generale";5;0,0206378986866792
"E04141";2023;"Services";0,0037112053938059;648;"capacite_remboursement";"autonomie_financiere";"liquidite_generale";2;0,00561272217025257
"E04144";2023;"Services";0,019574646899229;602;"autonomie_financiere";"capacite_remboursement";"tresorerie_actif";5;0,0206378986866792
"E04146";2023;"Services";0,000954998983105644;688;"autonomie_financiere";"liquidite_generale";"log_effectif";1;0,00282752120640905
"E04148";2023;"Commerce";0,0304783328285818;588;"capacite_remboursement";"autonomie_financiere";"tresorerie_actif";6;0,0261682242990654
"E04150";2023;"Transport";0,0158271547534757;606;"capacite_remboursement";"autonomie_financiere";"liquidite_generale";4;0,0195503421309873
"E04154";2023;"Services";0,00432729927853895;645;"capacite_remboursement";"autonomie_financiere";"tresorerie_actif";2;0,00561272217025257
"E04163";2023;"Commerce";0,0482350166332489;573;"capacite_remboursement";"log_effectif";"autonomie_financiere";7;0,0622489959839357
"E04164";2023;"Services";0,000925133693534995;690;"autonomie_financiere";"log_effectif";"delai_clients_jours";1;0,00282752120640905
"E04166";2023;"Services";0,0175835971522559;604;"autonomie_financiere";"capacite_remboursement";"tresorerie_actif";5;0,0206378986866792
"E04167";2023;"BTP";0,025926789995026;592;"capacite_remboursement";"autonomie_financiere";"tresorerie_actif";5;0,0206378986866792
"E04171";2023;"Commerce";0,00356135885661464;650;"capacite_remboursement";"autonomie_financiere";"tresorerie_actif";2;0,00561272217025257
"E04173";2023;"Services";0,0137624057651632;611;"capacite_remboursement";"tresorerie_actif";"liquidite_generale";4;0,0195503421309873
"E04178";2023;"Services";0,00544371483855153;638;"liquidite_generale";"autonomie_financiere";"tresorerie_actif";2;0,00561272217025257
"E04192";2023;"Services";0,00770741295559928;627;"capacite_remboursement";"tresorerie_actif";"autonomie_financiere";3;0,0101195952161914
"E04194";2023;"Commerce";0,124521052403635;543;"autonomie_financiere";"capacite_remboursement";"incidents_paiement";8;0,157088122605364
"E04197";2023;"Commerce";0,0259810496695928;592;"autonomie_financiere";"capacite_remboursement";"tresorerie_actif";5;0,0206378986866792
"E04198";2023;"BTP";0,0244556884633628;594;"capacite_remboursement";"tresorerie_actif";"autonomie_financiere";5;0,0206378986866792
"E04202";2023;"Industrie";0,0626520608999422;566;"capacite_remboursement";"autonomie_financiere";"liquidite_generale";7;0,0622489959839357
"E04206";2023;"Industrie";0,0191193489073565;601;"liquidite_generale";"autonomie_financiere";"capacite_remboursement";5;0,0206378986866792
"E04211";2023;"Industrie";0,110271503471537;548;"capacite_remboursement";"autonomie_financiere";"incidents_paiement";8;0,157088122605364
"E04218";2023;"Hôtellerie-restauration";0,0344349018340373;583;"capacite_remboursement";"autonomie_financiere";"tresorerie_actif";6;0,0261682242990654
"E04223";2023;"Industrie";0,00341394300910166;652;"autonomie_financiere";"liquidite_generale";"tresorerie_actif";2;0,00561272217025257
"E04226";2023;"Hôtellerie-restauration";0,000873603874419217;690;"capacite_remboursement";"autonomie_financiere";"secteur";1;0,00282752120640905
"E04227";2023;"Commerce";0,0130486011072765;612;"capacite_remboursement";"autonomie_financiere";"liquidite_generale";4;0,0195503421309873
"E04233";2023;"BTP";0,107982993887941;548;"liquidite_generale";"capacite_remboursement";"autonomie_financiere";8;0,157088122605364
"E04236";2023;"Services";0,00829333436794452;626;"capacite_remboursement";"autonomie_financiere";"tresorerie_actif";3;0,0101195952161914
"E04237";2023;"Commerce";0,0100281725218043;620;"autonomie_financiere";"capacite_remboursement";"log_effectif";3;0,0101195952161914
"E04239";2023;"Commerce";0,0115414044417784;614;"log_effectif";"capacite_remboursement";"autonomie_financiere";4;0,0195503421309873
"E04245";2023;"Industrie";0,0509046778349483;573;"capacite_remboursement";"tresorerie_actif";"liquidite_generale";7;0,0622489959839357
"E04264";2023;"Services";0,0044959623929831;644;"capacite_remboursement";"autonomie_financiere";"tresorerie_actif";2;0,00561272217025257
"E04265";2023;"Services";0,0124312109847347;613;"autonomie_financiere";"capacite_remboursement";"tresorerie_actif";4;0,0195503421309873
"E04271";2023;"BTP";0,024143161295677;594;"capacite_remboursement";"liquidite_generale";"autonomie_financiere";5;0,0206378986866792
"E04273";2023;"Services";0,00229280534301994;663;"log_effectif";"autonomie_financiere";"tresorerie_actif";1;0,00282752120640905
"E04319";2023;"Services";0,0105202409922636;619;"capacite_remboursement";"liquidite_generale";"autonomie_financiere";3;0,0101195952161914
"E04320";2023;"Commerce";0,0532413564143023;570;"capacite_remboursement";"log_effectif";"autonomie_financiere";7;0,0622489959839357
"E04323";2023;"Services";0,0328327825214187;586;"autonomie_financiere";"capacite_remboursement";"tresorerie_actif";6;0,0261682242990654
"E04324";2023;"BTP";0,051538214934132;572;"capacite_remboursement";"autonomie_financiere";"log_effectif";7;0,0622489959839357
"E04327";2023;"Services";0,00403074700682907;646;"capacite_remboursement";"autonomie_financiere";"tresorerie_actif";2;0,00561272217025257
"E04334";2023;"Commerce";0,0225811101199261;596;"autonomie_financiere";"capacite_remboursement";"liquidite_generale";5;0,0206378986866792
"E04342";2023;"Commerce";0,00834104740668427;625;"autonomie_financiere";"capacite_remboursement";"tresorerie_actif";3;0,0101195952161914
"E04344";2023;"Transport";0,0908892001914902;554;"autonomie_financiere";"capacite_remboursement";"log_effectif";8;0,157088122605364
"E04345";2023;"BTP";0,20365528296253;525;"capacite_remboursement";"autonomie_financiere";"liquidite_generale";8;0,157088122605364
"E04351";2023;"BTP";0,00975138085636705;621;"capacite_remboursement";"autonomie_financiere";"tresorerie_actif";3;0,0101195952161914
"E04356";2023;"Commerce";0,00827192577364908;626;"capacite_remboursement";"autonomie_financiere";"tresorerie_actif";3;0,0101195952161914
"E04357";2023;"Industrie";0,00429294934956478;645;"autonomie_financiere";"capacite_remboursement";"log_effectif";2;0,00561272217025257
"E04358";2023;"Services";0,00913956583533567;623;"autonomie_financiere";"capacite_remboursement";"tresorerie_actif";3;0,0101195952161914
"E04359";2023;"Services";0,0210834969520906;599;"capacite_remboursement";"tresorerie_actif";"autonomie_financiere";5;0,0206378986866792
"E04363";2023;"BTP";0,076071102174837;559;"capacite_remboursement";"autonomie_financiere";"incidents_paiement";7;0,0622489959839357
"E04369";2023;"Industrie";0,0184885469272406;603;"capacite_remboursement";"autonomie_financiere";"liquidite_generale";5;0,0206378986866792
"E04377";2023;"Services";0,0665774416188043;563;"capacite_remboursement";"tresorerie_actif";"autonomie_financiere";7;0,0622489959839357
"E04392";2023;"Services";0,06016622916861;568;"capacite_remboursement";"autonomie_financiere";"tresorerie_actif";7;0,0622489959839357
"E04395";2023;"Commerce";0,000543119819243667;704;"autonomie_financiere";"secteur";"log_effectif";1;0,00282752120640905
"E04396";2023;"Hôtellerie-restauration";0,00519058000008421;637;"capacite_remboursement";"tresorerie_actif";"autonomie_financiere";2;0,00561272217025257
"E04400";2023;"BTP";0,029143393181735;587;"log_effectif";"autonomie_financiere";"capacite_remboursement";6;0,0261682242990654
"E04406";2023;"Services";0,0208231299043851;598;"liquidite_generale";"tresorerie_actif";"autonomie_financiere";5;0,0206378986866792
"E04407";2023;"BTP";0,0325581604718628;585;"capacite_remboursement";"autonomie_financiere";"incidents_paiement";6;0,0261682242990654
"E04408";2023;"Commerce";0,0558012096440359;568;"liquidite_generale";"capacite_remboursement";"autonomie_financiere";7;0,0622489959839357
"E04418";2023;"Services";0,0437969944190231;577;"capacite_remboursement";"autonomie_financiere";"log_effectif";6;0,0261682242990654
"E04420";2023;"Commerce";0,0186813700746763;601;"log_effectif";"capacite_remboursement";"autonomie_financiere";5;0,0206378986866792
"E04421";2023;"Commerce";0,00195989826289314;668;"autonomie_financiere";"tresorerie_actif";"log_effectif";1;0,00282752120640905
"E04427";2023;"Industrie";0,0514258695921246;572;"capacite_remboursement";"log_effectif";"liquidite_generale";7;0,0622489959839357
"E04432";2023;"Services";0,0874016437117406;554;"autonomie_financiere";"liquidite_generale";"capacite_remboursement";8;0,157088122605364
"E04434";2023;"BTP";0,318992574615851;509;"autonomie_financiere";"capacite_remboursement";"log_effectif";8;0,157088122605364
"E04437";2023;"Services";0,0151198423263837;609;"capacite_remboursement";"tresorerie_actif";"autonomie_financiere";4;0,0195503421309873
"E04454";2023;"Industrie";0,0297668733936645;588;"capacite_remboursement";"autonomie_financiere";"tresorerie_actif";6;0,0261682242990654
"E04462";2023;"Commerce";0,0389830096615417;579;"capacite_remboursement";"autonomie_financiere";"tresorerie_actif";6;0,0261682242990654
"E04466";2023;"Services";0,0593526302077887;568;"capacite_remboursement";"liquidite_generale";"autonomie_financiere";7;0,0622489959839357
"E04468";2023;"Industrie";0,0523093925347074;572;"capacite_remboursement";"liquidite_generale";"autonomie_financiere";7;0,0622489959839357
"E04470";2023;"Hôtellerie-restauration";0,085423509721112;555;"capacite_remboursement";"autonomie_financiere";"tresorerie_actif";8;0,157088122605364
"E04471";2023;"Services";0,00203900188079929;667;"capacite_remboursement";"autonomie_financiere";"log_effectif";1;0,00282752120640905
"E04473";2023;"Services";0,00872566640085412;625;"autonomie_financiere";"capacite_remboursement";"tresorerie_actif";3;0,0101195952161914
"E04474";2023;"BTP";0,01364839155859;610;"capacite_remboursement";"liquidite_generale";"autonomie_financiere";4;0,0195503421309873
"E04476";2023;"Hôtellerie-restauration";0,0160370261175913;606;"capacite_remboursement";"autonomie_financiere";"tresorerie_actif";4;0,0195503421309873
"E04479";2023;"BTP";0,0565929639130104;569;"capacite_remboursement";"autonomie_financiere";"tresorerie_actif";7;0,0622489959839357
"E04486";2023;"Transport";0,00603232094278682;635;"capacite_remboursement";"autonomie_financiere";"liquidite_generale";2;0,00561272217025257
"E04492";2023;"Services";0,000948560001124068;689;"autonomie_financiere";"log_effectif";"liquidite_generale";1;0,00282752120640905
"E04497";2023;"BTP";0,0140561771545732;609;"autonomie_financiere";"capacite_remboursement";"tresorerie_actif";4;0,0195503421309873
"E04499";2023;"Commerce";0,016334118894281;605;"capacite_remboursement";"autonomie_financiere";"tresorerie_actif";4;0,0195503421309873
"E04511";2023;"Industrie";0,0114955360535853;617;"capacite_remboursement";"autonomie_financiere";"tresorerie_actif";4;0,0195503421309873
"E04518";2023;"Commerce";0,00240015204066693;661;"capacite_remboursement";"autonomie_financiere";"tresorerie_actif";1;0,00282752120640905
"E04520";2023;"Industrie";0,00505298054677983;641;"capacite_remboursement";"tresorerie_actif";"log_effectif";2;0,00561272217025257
"E04523";2023;"Hôtellerie-restauration";0,0168362268715708;604;"capacite_remboursement";"autonomie_financiere";"tresorerie_actif";5;0,0206378986866792
"E04524";2023;"Industrie";0,00385549807357957;648;"capacite_remboursement";"autonomie_financiere";"tresorerie_actif";2;0,00561272217025257
"E04530";2023;"Hôtellerie-restauration";0,0194326115398657;601;"capacite_remboursement";"autonomie_financiere";"tresorerie_actif";5;0,0206378986866792
"E04536";2023;"Commerce";0,023087756607811;595;"capacite_remboursement";"autonomie_financiere";"tresorerie_actif";5;0,0206378986866792
"E04537";2023;"Services";0,00229076831026801;663;"capacite_remboursement";"autonomie_financiere";"tresorerie_actif";1;0,00282752120640905
"E04548";2023;"Hôtellerie-restauration";0,031320270215972;586;"capacite_remboursement";"tresorerie_actif";"log_effectif";6;0,0261682242990654
"E04550";2023;"Commerce";0,00618414419989227;633;"autonomie_financiere";"capacite_remboursement";"tresorerie_actif";2;0,00561272217025257
"E04553";2023;"Commerce";0,00371012577636616;649;"capacite_remboursement";"tresorerie_actif";"log_effectif";2;0,00561272217025257
"E04554";2023;"BTP";0,00982737354155825;620;"liquidite_generale";"autonomie_financiere";"log_effectif";3;0,0101195952161914
"E04558";2023;"BTP";0,00291057953912891;655;"capacite_remboursement";"liquidite_generale";"tresorerie_actif";1;0,00282752120640905
"E04563";2023;"Industrie";0,0815671455726948;558;"capacite_remboursement";"autonomie_financiere";"liquidite_generale";7;0,0622489959839357
"E04565";2023;"Commerce";0,0480848209256741;574;"capacite_remboursement";"autonomie_financiere";"tresorerie_actif";7;0,0622489959839357
"E04569";2023;"Industrie";0,00760481068523595;628;"capacite_remboursement";"autonomie_financiere";"liquidite_generale";3;0,0101195952161914
"E04570";2023;"BTP";0,00693422211313571;630;"capacite_remboursement";"autonomie_financiere";"liquidite_generale";3;0,0101195952161914
"E04573";2023;"Services";0,0145536457250597;610;"capacite_remboursement";"autonomie_financiere";"tresorerie_actif";4;0,0195503421309873
"E04576";2023;"Industrie";0,00439469976696812;644;"tresorerie_actif";"capacite_remboursement";"autonomie_financiere";2;0,00561272217025257
"E04581";2023;"BTP";0,255830466816897;517;"capacite_remboursement";"liquidite_generale";"autonomie_financiere";8;0,157088122605364
"E04582";2023;"Services";0,0103838563500134;619;"autonomie_financiere";"capacite_remboursement";"tresorerie_actif";3;0,0101195952161914
"E04584";2023;"Commerce";0,0364886389663035;582;"capacite_remboursement";"liquidite_generale";"log_effectif";6;0,0261682242990654
"E04589";2023;"Services";0,0107341126922359;618;"capacite_remboursement";"autonomie_financiere";"tresorerie_actif";3;0,0101195952161914
"E04603";2023;"Industrie";0,0548767231328051;570;"capacite_remboursement";"autonomie_financiere";"tresorerie_actif";7;0,0622489959839357
"E04610";2023;"Commerce";0,0451134386359537;575;"capacite_remboursement";"liquidite_generale";"autonomie_financiere";7;0,0622489959839357
"E04613";2023;"Industrie";0,0266495776669083;591;"capacite_remboursement";"log_effectif";"tresorerie_actif";6;0,0261682242990654
"E04616";2023;"Services";0,0146310745328048;609;"capacite_remboursement";"autonomie_financiere";"tresorerie_actif";4;0,0195503421309873
"E04640";2023;"Services";0,1636035475701;535;"autonomie_financiere";"capacite_remboursement";"liquidite_generale";8;0,157088122605364
"E04641";2023;"Hôtellerie-restauration";0,00369938885491058;648;"capacite_remboursement";"tresorerie_actif";"autonomie_financiere";2;0,00561272217025257
"E04647";2023;"Services";0,0232421830682195;596;"capacite_remboursement";"autonomie_financiere";"tresorerie_actif";5;0,0206378986866792
"E04651";2023;"Commerce";0,0267132310171617;591;"capacite_remboursement";"autonomie_financiere";"liquidite_generale";6;0,0261682242990654
"E04656";2023;"Services";0,410620359885436;498;"autonomie_financiere";"capacite_remboursement";"liquidite_generale";8;0,157088122605364
"E04667";2023;"Services";0,00201403436282226;667;"autonomie_financiere";"tresorerie_actif";"log_effectif";1;0,00282752120640905
"E04671";2023;"Commerce";0,00447349538939755;643;"capacite_remboursement";"autonomie_financiere";"log_effectif";2;0,00561272217025257
"E04674";2023;"Services";0,0091546467061001;623;"autonomie_financiere";"capacite_remboursement";"tresorerie_actif";3;0,0101195952161914
"E04678";2023;"Industrie";0,00285475197596457;658;"capacite_remboursement";"tresorerie_actif";"log_effectif";1;0,00282752120640905
"E04679";2023;"BTP";0,108000989787423;549;"autonomie_financiere";"capacite_remboursement";"liquidite_generale";8;0,157088122605364
"E04681";2023;"Industrie";0,00303266783531711;655;"capacite_remboursement";"autonomie_financiere";"tresorerie_actif";1;0,00282752120640905
"E04688";2023;"Commerce";0,0118497272162025;615;"capacite_remboursement";"autonomie_financiere";"log_effectif";4;0,0195503421309873
"E04692";2023;"Commerce";0,000605525722747237;701;"autonomie_financiere";"secteur";"log_effectif";1;0,00282752120640905
"E04700";2023;"Industrie";0,0191191181781499;602;"capacite_remboursement";"tresorerie_actif";"log_effectif";5;0,0206378986866792
"E04706";2023;"Commerce";0,0335923354681467;584;"capacite_remboursement";"tresorerie_actif";"autonomie_financiere";6;0,0261682242990654
"E04707";2023;"Hôtellerie-restauration";0,140857876412976;538;"capacite_remboursement";"liquidite_generale";"log_effectif";8;0,157088122605364
"E04710";2023;"Commerce";0,0231082121616027;595;"capacite_remboursement";"autonomie_financiere";"tresorerie_actif";5;0,0206378986866792
"E04711";2023;"Services";0,00857005100936765;625;"capacite_remboursement";"tresorerie_actif";"autonomie_financiere";3;0,0101195952161914
"E04712";2023;"BTP";0,00509628666298445;640;"autonomie_financiere";"log_effectif";"tresorerie_actif";2;0,00561272217025257
"E04717";2023;"BTP";0,0110986834364641;616;"liquidite_generale";"capacite_remboursement";"tresorerie_actif";4;0,0195503421309873
"E04719";2023;"BTP";0,0029926976598006;655;"capacite_remboursement";"autonomie_financiere";"secteur";1;0,00282752120640905
"E04726";2023;"Commerce";0,00227295190727586;663;"autonomie_financiere";"tresorerie_actif";"secteur";1;0,00282752120640905
"E04733";2023;"Commerce";0,00697318375143489;630;"capacite_remboursement";"autonomie_financiere";"liquidite_generale";3;0,0101195952161914
"E04736";2023;"Services";0,00698268953266206;631;"autonomie_financiere";"capacite_remboursement";"tresorerie_actif";3;0,0101195952161914
"E04740";2023;"Industrie";0,00619705769065013;635;"capacite_remboursement";"log_effectif";"autonomie_financiere";2;0,00561272217025257
"E04742";2023;"Hôtellerie-restauration";0,0256928263024962;592;"capacite_remboursement";"tresorerie_actif";"liquidite_generale";5;0,0206378986866792
"E04748";2023;"Services";0,0153427353866091;608;"autonomie_financiere";"capacite_remboursement";"tresorerie_actif";4;0,0195503421309873
"E04751";2023;"BTP";0,00484713838145121;641;"capacite_remboursement";"tresorerie_actif";"log_effectif";2;0,00561272217025257
"E04757";2023;"Hôtellerie-restauration";0,00461723370394656;642;"capacite_remboursement";"autonomie_financiere";"tresorerie_actif";2;0,00561272217025257
"E04764";2023;"Commerce";0,0474686656179306;573;"capacite_remboursement";"liquidite_generale";"tresorerie_actif";7;0,0622489959839357
"E04774";2023;"BTP";0,0105485648150264;619;"capacite_remboursement";"log_effectif";"autonomie_financiere";3;0,0101195952161914
"E04777";2023;"Industrie";0,00373530538429365;649;"autonomie_financiere";"capacite_remboursement";"tresorerie_actif";2;0,00561272217025257
"E04791";2023;"Hôtellerie-restauration";0,00311775875210251;654;"autonomie_financiere";"tresorerie_actif";"log_effectif";1;0,00282752120640905
"E04792";2023;"Transport";0,0117277827217921;616;"capacite_remboursement";"liquidite_generale";"autonomie_financiere";4;0,0195503421309873
"E04793";2023;"Industrie";0,016226236819343;607;"capacite_remboursement";"autonomie_financiere";"log_effectif";4;0,0195503421309873
"E04808";2023;"Transport";0,185838040402125;529;"capacite_remboursement";"liquidite_generale";"autonomie_financiere";8;0,157088122605364
"E04813";2023;"Commerce";0,0360994016300432;583;"capacite_remboursement";"autonomie_financiere";"tresorerie_actif";6;0,0261682242990654
"E04818";2023;"Hôtellerie-restauration";0,00457771727288794;643;"capacite_remboursement";"log_effectif";"autonomie_financiere";2;0,00561272217025257
"E04827";2023;"Commerce";0,00220677088706684;664;"autonomie_financiere";"tresorerie_actif";"log_effectif";1;0,00282752120640905
"E04830";2023;"Industrie";0,0168800181436063;605;"capacite_remboursement";"tresorerie_actif";"log_effectif";4;0,0195503421309873
"E04835";2023;"Transport";0,0855945967817789;555;"capacite_remboursement";"tresorerie_actif";"liquidite_generale";8;0,157088122605364
"E04851";2023;"Services";0,00239388473082344;662;"capacite_remboursement";"tresorerie_actif";"liquidite_generale";1;0,00282752120640905
"E04853";2023;"Commerce";0,0282882338208434;589;"capacite_remboursement";"autonomie_financiere";"tresorerie_actif";6;0,0261682242990654
"E04854";2023;"Industrie";0,0358199601934427;583;"autonomie_financiere";"capacite_remboursement";"tresorerie_actif";6;0,0261682242990654
"E04858";2023;"Commerce";0,0436488597051565;576;"liquidite_generale";"tresorerie_actif";"autonomie_financiere";7;0,0622489959839357
"E04867";2023;"Commerce";0,0785837732758626;558;"capacite_remboursement";"autonomie_financiere";"log_effectif";7;0,0622489959839357
"E04870";2023;"BTP";0,0923412231549629;554;"autonomie_financiere";"capacite_remboursement";"tresorerie_actif";8;0,157088122605364
"E04872";2023;"Hôtellerie-restauration";0,00168349697946414;671;"autonomie_financiere";"liquidite_generale";"tresorerie_actif";1;0,00282752120640905
"E04873";2023;"BTP";0,0718472606233756;560;"capacite_remboursement";"liquidite_generale";"autonomie_financiere";7;0,0622489959839357
"E04875";2023;"Commerce";0,0739017898043539;560;"capacite_remboursement";"autonomie_financiere";"tresorerie_actif";7;0,0622489959839357
"E04876";2023;"Commerce";0,0330274987824672;585;"capacite_remboursement";"autonomie_financiere";"tresorerie_actif";6;0,0261682242990654
"E04898";2023;"Services";0,009463428894042;622;"liquidite_generale";"autonomie_financiere";"tresorerie_actif";3;0,0101195952161914
"E04911";2023;"Commerce";0,00873286996981888;624;"capacite_remboursement";"autonomie_financiere";"tresorerie_actif";3;0,0101195952161914
"E04913";2023;"Services";0,0255557592895714;593;"capacite_remboursement";"autonomie_financiere";"tresorerie_actif";5;0,0206378986866792
"E04918";2023;"Services";0,00453920239746939;642;"autonomie_financiere";"incidents_paiement";"liquidite_generale";2;0,00561272217025257
"E04925";2023;"Commerce";0,0880460450326986;556;"autonomie_financiere";"capacite_remboursement";"liquidite_generale";8;0,157088122605364
"E04926";2023;"Services";0,0141591573879214;610;"capacite_remboursement";"autonomie_financiere";"tresorerie_actif";4;0,0195503421309873
"E04935";2023;"Commerce";0,00766526327671642;628;"capacite_remboursement";"autonomie_financiere";"tresorerie_actif";3;0,0101195952161914
"E04936";2023;"Industrie";0,00299454030924273;656;"autonomie_financiere";"log_effectif";"tresorerie_actif";1;0,00282752120640905
"E04937";2023;"Commerce";0,00128873082728281;680;"tresorerie_actif";"log_effectif";"secteur";1;0,00282752120640905
"E04952";2023;"Services";0,000565794112381424;704;"tresorerie_actif";"log_effectif";"delai_clients_jours";1;0,00282752120640905
"E04960";2023;"Industrie";0,061489442238211;566;"capacite_remboursement";"autonomie_financiere";"liquidite_generale";7;0,0622489959839357
"E04967";2023;"Commerce";0,032737226334407;586;"capacite_remboursement";"liquidite_generale";"tresorerie_actif";6;0,0261682242990654
"E04969";2023;"Commerce";0,0176036885714071;602;"log_effectif";"capacite_remboursement";"tresorerie_actif";5;0,0206378986866792
"E04971";2023;"Industrie";0,0110657657676752;618;"capacite_remboursement";"liquidite_generale";"autonomie_financiere";3;0,0101195952161914
"E04972";2023;"Industrie";0,00281933630465413;658;"autonomie_financiere";"tresorerie_actif";"log_effectif";1;0,00282752120640905
"E04975";2023;"Transport";0,0193280532523281;601;"capacite_remboursement";"autonomie_financiere";"tresorerie_actif";5;0,0206378986866792
"E04982";2023;"Industrie";0,122556777440835;545;"capacite_remboursement";"autonomie_financiere";"liquidite_generale";8;0,157088122605364
"E04988";2023;"BTP";0,0137226601811609;610;"capacite_remboursement";"tresorerie_actif";"liquidite_generale";4;0,0195503421309873
"E04992";2023;"Services";0,0220190051045626;598;"capacite_remboursement";"autonomie_financiere";"tresorerie_actif";5;0,0206378986866792
"E05001";2023;"Services";0,0099829780666298;619;"liquidite_generale";"autonomie_financiere";"capacite_remboursement";3;0,0101195952161914
"E05002";2023;"BTP";0,0363594938071811;581;"capacite_remboursement";"autonomie_financiere";"tresorerie_actif";6;0,0261682242990654
"E05008";2023;"Industrie";0,00144785944155237;676;"liquidite_generale";"autonomie_financiere";"delai_clients_jours";1;0,00282752120640905
"E05016";2023;"Commerce";0,000879452917490207;690;"liquidite_generale";"tresorerie_actif";"secteur";1;0,00282752120640905
"E05022";2023;"Commerce";0,0434885024620291;576;"capacite_remboursement";"log_effectif";"tresorerie_actif";7;0,0622489959839357
"E05024";2023;"BTP";0,0120125660385446;615;"capacite_remboursement";"autonomie_financiere";"tresorerie_actif";4;0,0195503421309873
"E05030";2023;"Commerce";0,0709661826034813;562;"capacite_remboursement";"autonomie_financiere";"tresorerie_actif";7;0,0622489959839357
"E05038";2023;"Hôtellerie-restauration";0,00358918838073176;650;"capacite_remboursement";"autonomie_financiere";"tresorerie_actif";2;0,00561272217025257
"E05047";2023;"Commerce";0,139359851816064;540;"capacite_remboursement";"liquidite_generale";"autonomie_financiere";8;0,157088122605364
"E05051";2023;"BTP";0,03384869674149;584;"capacite_remboursement";"autonomie_financiere";"tresorerie_actif";6;0,0261682242990654
"E05055";2023;"Commerce";0,0456938625707571;575;"capacite_remboursement";"liquidite_generale";"autonomie_financiere";7;0,0622489959839357
"E05058";2023;"Commerce";0,0127485013754646;612;"capacite_remboursement";"tresorerie_actif";"incidents_paiement";4;0,0195503421309873
"E05060";2023;"Commerce";0,0207741162946479;598;"liquidite_generale";"autonomie_financiere";"capacite_remboursement";5;0,0206378986866792
"E05061";2023;"Services";0,00417423143538322;645;"capacite_remboursement";"tresorerie_actif";"liquidite_generale";2;0,00561272217025257
"E05071";2023;"Services";0,21012914767619;525;"capacite_remboursement";"liquidite_generale";"autonomie_financiere";8;0,157088122605364
"E05072";2023;"BTP";0,0179846472469221;603;"autonomie_financiere";"capacite_remboursement";"liquidite_generale";5;0,0206378986866792
"E05083";2023;"Services";0,00724786619648877;629;"liquidite_generale";"autonomie_financiere";"log_effectif";3;0,0101195952161914
"E05091";2023;"Industrie";0,00573453651818771;636;"autonomie_financiere";"capacite_remboursement";"tresorerie_actif";2;0,00561272217025257
"E05093";2023;"Services";0,00687530336160492;632;"capacite_remboursement";"autonomie_financiere";"tresorerie_actif";2;0,00561272217025257
"E05102";2023;"BTP";0,0280099784512806;589;"capacite_remboursement";"liquidite_generale";"tresorerie_actif";6;0,0261682242990654
"E05116";2023;"Services";0,0114999889497916;616;"autonomie_financiere";"capacite_remboursement";"incidents_paiement";4;0,0195503421309873
"E05122";2023;"Transport";0,0479849952213818;573;"capacite_remboursement";"autonomie_financiere";"liquidite_generale";7;0,0622489959839357
"E05132";2023;"BTP";0,0154440369503991;607;"autonomie_financiere";"capacite_remboursement";"log_effectif";4;0,0195503421309873
"E05146";2023;"Services";0,218079090493722;524;"capacite_remboursement";"liquidite_generale";"autonomie_financiere";8;0,157088122605364
"E05152";2023;"Transport";0,0210427021992499;599;"capacite_remboursement";"tresorerie_actif";"autonomie_financiere";5;0,0206378986866792
"E05156";2023;"Industrie";0,0187099357041508;602;"autonomie_financiere";"capacite_remboursement";"liquidite_generale";5;0,0206378986866792
"E05160";2023;"Transport";0,0204535947574367;599;"capacite_remboursement";"autonomie_financiere";"tresorerie_actif";5;0,0206378986866792
"E05168";2023;"Services";0,00835563366683288;626;"autonomie_financiere";"capacite_remboursement";"log_effectif";3;0,0101195952161914
"E05169";2023;"Hôtellerie-restauration";0,0184353462381996;602;"capacite_remboursement";"autonomie_financiere";"tresorerie_actif";5;0,0206378986866792
"E05171";2023;"Industrie";0,00275635595255539;657;"capacite_remboursement";"liquidite_generale";"tresorerie_actif";1;0,00282752120640905
"E05178";2023;"Services";0,0713270621929143;561;"liquidite_generale";"capacite_remboursement";"log_effectif";7;0,0622489959839357
"E05190";2023;"Services";0,0388302973368374;581;"autonomie_financiere";"capacite_remboursement";"tresorerie_actif";6;0,0261682242990654
"E05191";2023;"BTP";0,00760406498367788;628;"autonomie_financiere";"capacite_remboursement";"tresorerie_actif";3;0,0101195952161914
"E05199";2023;"Services";0,0144907980290034;610;"autonomie_financiere";"capacite_remboursement";"tresorerie_actif";4;0,0195503421309873
"E05201";2023;"Commerce";0,0221336142048143;597;"capacite_remboursement";"autonomie_financiere";"log_effectif";5;0,0206378986866792
"E05203";2023;"Hôtellerie-restauration";0,0220484212460952;597;"capacite_remboursement";"tresorerie_actif";"autonomie_financiere";5;0,0206378986866792
"E05207";2023;"BTP";0,0352332840695081;583;"capacite_remboursement";"autonomie_financiere";"tresorerie_actif";6;0,0261682242990654
"E05212";2023;"BTP";0,00548470484309639;637;"capacite_remboursement";"autonomie_financiere";"tresorerie_actif";2;0,00561272217025257
"E05213";2023;"Industrie";0,014746446922529;610;"capacite_remboursement";"log_effectif";"autonomie_financiere";4;0,0195503421309873
"E05214";2023;"Services";0,00624520146328959;634;"autonomie_financiere";"capacite_remboursement";"tresorerie_actif";2;0,00561272217025257
"E05215";2023;"Commerce";0,000436746603625457;711;"tresorerie_actif";"secteur";NA;1;0,00282752120640905
"E05217";2023;"Transport";0,0172408419705648;604;"autonomie_financiere";"capacite_remboursement";"tresorerie_actif";5;0,0206378986866792
"E05224";2023;"Services";0,0118452008486561;615;"capacite_remboursement";"autonomie_financiere";"tresorerie_actif";4;0,0195503421309873
"E05226";2023;"Commerce";0,029617991479239;588;"capacite_remboursement";"autonomie_financiere";"tresorerie_actif";6;0,0261682242990654
"E05231";2023;"Commerce";0,00392279883257591;647;"capacite_remboursement";"log_effectif";"autonomie_financiere";2;0,00561272217025257
"E05244";2023;"Commerce";0,00222096009165405;663;"autonomie_financiere";"liquidite_generale";"tresorerie_actif";1;0,00282752120640905
"E05245";2023;"Services";0,116532921563154;546;"capacite_remboursement";"liquidite_generale";"autonomie_financiere";8;0,157088122605364
"E05247";2023;"Transport";0,000804430249376764;694;"tresorerie_actif";"log_effectif";"delai_clients_jours";1;0,00282752120640905
"E05248";2023;"BTP";0,056869084063896;568;"capacite_remboursement";"autonomie_financiere";"log_effectif";7;0,0622489959839357
"E05257";2023;"Services";0,00354391519719023;650;"capacite_remboursement";"tresorerie_actif";"log_effectif";2;0,00561272217025257
"E05261";2023;"Hôtellerie-restauration";0,0237547273535774;595;"capacite_remboursement";"tresorerie_actif";"autonomie_financiere";5;0,0206378986866792
"E05262";2023;"Services";0,00784454349332629;628;"capacite_remboursement";"liquidite_generale";"tresorerie_actif";3;0,0101195952161914
"E05269";2023;"Services";0,0155864924319803;608;"capacite_remboursement";"autonomie_financiere";"tresorerie_actif";4;0,0195503421309873
"E05285";2023;"Hôtellerie-restauration";0,0127262290000392;613;"capacite_remboursement";"tresorerie_actif";"log_effectif";4;0,0195503421309873
"E05288";2023;"Services";0,0378011482041298;582;"autonomie_financiere";"capacite_remboursement";"tresorerie_actif";6;0,0261682242990654
"E05298";2023;"Hôtellerie-restauration";0,03260441552566;584;"capacite_remboursement";"autonomie_financiere";"tresorerie_actif";6;0,0261682242990654
"E05313";2023;"Services";0,109120492679276;547;"capacite_remboursement";"liquidite_generale";"autonomie_financiere";8;0,157088122605364
"E05320";2023;"BTP";0,0113673079204646;616;"capacite_remboursement";"tresorerie_actif";"autonomie_financiere";4;0,0195503421309873
"E05349";2023;"Industrie";0,0210551580834604;598;"capacite_remboursement";"autonomie_financiere";"tresorerie_actif";5;0,0206378986866792
"E05355";2023;"Hôtellerie-restauration";0,0343575958259593;584;"autonomie_financiere";"capacite_remboursement";"incidents_paiement";6;0,0261682242990654
"E05364";2023;"Commerce";0,00798266344830457;625;"autonomie_financiere";"capacite_remboursement";"liquidite_generale";3;0,0101195952161914
"E05366";2023;"Commerce";0,263588222323611;516;"capacite_remboursement";"autonomie_financiere";"liquidite_generale";8;0,157088122605364
"E05369";2023;"Commerce";0,00879214719336069;625;"capacite_remboursement";"log_effectif";"autonomie_financiere";3;0,0101195952161914
"E05370";2023;"Transport";0,124856718427327;543;"liquidite_generale";"capacite_remboursement";"autonomie_financiere";8;0,157088122605364
"E05380";2023;"Services";0,00272390919307855;658;"capacite_remboursement";"tresorerie_actif";"liquidite_generale";1;0,00282752120640905
"E05382";2023;"Hôtellerie-restauration";0,0403875050026269;578;"capacite_remboursement";"liquidite_generale";"autonomie_financiere";6;0,0261682242990654
"E05383";2023;"Hôtellerie-restauration";0,0674941036246735;563;"capacite_remboursement";"liquidite_generale";"autonomie_financiere";7;0,0622489959839357
"E05394";2023;"Commerce";0,0174645186940734;604;"capacite_remboursement";"autonomie_financiere";"tresorerie_actif";5;0,0206378986866792
"E05395";2023;"Commerce";0,07877916684067;558;"capacite_remboursement";"autonomie_financiere";"tresorerie_actif";7;0,0622489959839357
"E05406";2023;"Industrie";0,0359776978674329;583;"liquidite_generale";"capacite_remboursement";"autonomie_financiere";6;0,0261682242990654
"E05407";2023;"Transport";0,00341125153966595;652;"autonomie_financiere";"tresorerie_actif";"log_effectif";2;0,00561272217025257
"E05419";2023;"Services";0,0168188132786218;605;"capacite_remboursement";"autonomie_financiere";"liquidite_generale";4;0,0195503421309873
"E05421";2023;"Services";0,00353845822290971;651;"capacite_remboursement";"tresorerie_actif";"liquidite_generale";2;0,00561272217025257
"E05423";2023;"Hôtellerie-restauration";0,00430635402784843;644;"capacite_remboursement";"tresorerie_actif";"autonomie_financiere";2;0,00561272217025257
"E05425";2023;"Services";0,0132358789892868;612;"capacite_remboursement";"tresorerie_actif";"autonomie_financiere";4;0,0195503421309873
"E05427";2023;"Industrie";0,0214446179942479;598;"liquidite_generale";"autonomie_financiere";"tresorerie_actif";5;0,0206378986866792
"E05441";2023;"Commerce";0,156463748221006;535;"capacite_remboursement";"liquidite_generale";"log_effectif";8;0,157088122605364
"E05445";2023;"Commerce";0,0448472604428968;575;"capacite_remboursement";"autonomie_financiere";"tresorerie_actif";7;0,0622489959839357
"E05449";2023;"Commerce";0,0164752298351933;606;"capacite_remboursement";"autonomie_financiere";"liquidite_generale";4;0,0195503421309873
"E05466";2023;"Industrie";0,0112696764385507;616;"autonomie_financiere";"capacite_remboursement";"liquidite_generale";4;0,0195503421309873
"E05470";2023;"BTP";0,0117085262431101;616;"capacite_remboursement";"autonomie_financiere";"tresorerie_actif";4;0,0195503421309873
"E05476";2023;"BTP";0,0292927486834691;588;"liquidite_generale";"capacite_remboursement";"autonomie_financiere";6;0,0261682242990654
"E05483";2023;"Services";0,00311780190293905;654;"capacite_remboursement";"tresorerie_actif";"autonomie_financiere";1;0,00282752120640905
"E05506";2023;"Hôtellerie-restauration";0,000353283663340655;717;"log_effectif";"secteur";NA;1;0,00282752120640905
"E05516";2023;"Transport";0,00249890664490049;660;"autonomie_financiere";"liquidite_generale";"tresorerie_actif";1;0,00282752120640905
"E05517";2023;"Transport";0,0133508644101747;611;"autonomie_financiere";"capacite_remboursement";"liquidite_generale";4;0,0195503421309873
"E05518";2023;"Industrie";0,000608854106169567;702;"log_effectif";"liquidite_generale";"delai_clients_jours";1;0,00282752120640905
"E05519";2023;"Services";0,243584945459507;520;"capacite_remboursement";"autonomie_financiere";"liquidite_generale";8;0,157088122605364
"E05520";2023;"Commerce";0,138989248871438;540;"capacite_remboursement";"liquidite_generale";"autonomie_financiere";8;0,157088122605364
"E05521";2023;"Commerce";0,0252741221542229;593;"capacite_remboursement";"autonomie_financiere";"tresorerie_actif";5;0,0206378986866792
"E05537";2023;"BTP";0,0375603287999129;580;"autonomie_financiere";"capacite_remboursement";"tresorerie_actif";6;0,0261682242990654
"E05541";2023;"Industrie";0,000969439418577998;688;"autonomie_financiere";"tresorerie_actif";"delai_clients_jours";1;0,00282752120640905
"E05544";2023;"Industrie";0,0129855902653034;613;"capacite_remboursement";"autonomie_financiere";"tresorerie_actif";4;0,0195503421309873
"E05547";2023;"Services";0,0195646445937174;601;"autonomie_financiere";"capacite_remboursement";"tresorerie_actif";5;0,0206378986866792
"E05548";2023;"Commerce";0,00132692193725794;678;"liquidite_generale";"autonomie_financiere";"secteur";1;0,00282752120640905
"E05566";2023;"Services";0,0242996588875342;595;"autonomie_financiere";"capacite_remboursement";"tresorerie_actif";5;0,0206378986866792
"E05572";2023;"Hôtellerie-restauration";0,0976403767721924;552;"autonomie_financiere";"capacite_remboursement";"tresorerie_actif";8;0,157088122605364
"E05579";2023;"BTP";0,00680120940966119;632;"capacite_remboursement";"autonomie_financiere";"tresorerie_actif";2;0,00561272217025257
"E05582";2023;"BTP";0,168358551792985;533;"capacite_remboursement";"liquidite_generale";"autonomie_financiere";8;0,157088122605364
"E05587";2023;"Commerce";0,0162907177050963;605;"autonomie_financiere";"capacite_remboursement";"liquidite_generale";4;0,0195503421309873
"E05598";2023;"Industrie";0,0489458146304873;574;"autonomie_financiere";"capacite_remboursement";"tresorerie_actif";7;0,0622489959839357
"E05600";2023;"Services";0,00620434547489087;633;"autonomie_financiere";"capacite_remboursement";"liquidite_generale";2;0,00561272217025257
"E05604";2023;"Services";0,0230315385828231;595;"capacite_remboursement";"liquidite_generale";"autonomie_financiere";5;0,0206378986866792
"E05605";2023;"Industrie";0,0323143218622734;586;"capacite_remboursement";"tresorerie_actif";"log_effectif";6;0,0261682242990654
"E05615";2023;"Commerce";0,00457799738682151;642;"capacite_remboursement";"tresorerie_actif";"autonomie_financiere";2;0,00561272217025257
"E05617";2023;"BTP";0,0140499397798645;610;"autonomie_financiere";"capacite_remboursement";"log_effectif";4;0,0195503421309873
"E05620";2023;"Services";0,00474481568020112;643;"capacite_remboursement";"tresorerie_actif";"log_effectif";2;0,00561272217025257
"E05629";2023;"Commerce";0,00285504168959481;657;"autonomie_financiere";"tresorerie_actif";"log_effectif";1;0,00282752120640905
"E05641";2023;"Commerce";0,0176748488564114;602;"liquidite_generale";"autonomie_financiere";"capacite_remboursement";5;0,0206378986866792
"E05643";2023;"Services";0,0491513764941579;573;"autonomie_financiere";"liquidite_generale";"capacite_remboursement";7;0,0622489959839357
"E05660";2023;"Commerce";0,0714764839377745;562;"capacite_remboursement";"autonomie_financiere";"liquidite_generale";7;0,0622489959839357
"E05661";2023;"Industrie";0,000887061308803674;690;"autonomie_financiere";"tresorerie_actif";"delai_clients_jours";1;0,00282752120640905
"E05666";2023;"BTP";0,00959242214217151;621;"capacite_remboursement";"tresorerie_actif";"autonomie_financiere";3;0,0101195952161914
"E05672";2023;"Hôtellerie-restauration";0,00343750629261988;651;"autonomie_financiere";"log_effectif";"tresorerie_actif";2;0,00561272217025257
"E05673";2023;"Hôtellerie-restauration";0,0526564203069278;570;"capacite_remboursement";"autonomie_financiere";"log_effectif";7;0,0622489959839357
"E05685";2023;"Commerce";0,0156822995181163;607;"capacite_remboursement";"autonomie_financiere";"liquidite_generale";4;0,0195503421309873
"E05686";2023;"Industrie";0,00220128932749167;664;"autonomie_financiere";"liquidite_generale";"log_effectif";1;0,00282752120640905
"E05688";2023;"BTP";0,0057855346480442;636;"capacite_remboursement";"tresorerie_actif";"autonomie_financiere";2;0,00561272217025257
"E05689";2023;"Commerce";0,0110999511627068;617;"capacite_remboursement";"autonomie_financiere";"log_effectif";4;0,0195503421309873
"E05690";2023;"Industrie";0,00723320236489793;631;"capacite_remboursement";"autonomie_financiere";"tresorerie_actif";3;0,0101195952161914
"E05693";2023;"Services";0,00373704552998954;649;"autonomie_financiere";"capacite_remboursement";"log_effectif";2;0,00561272217025257
"E05704";2023;"Hôtellerie-restauration";0,022826849865531;596;"capacite_remboursement";"autonomie_financiere";"tresorerie_actif";5;0,0206378986866792
"E05719";2023;"Services";0,0601914234064102;567;"capacite_remboursement";"liquidite_generale";"autonomie_financiere";7;0,0622489959839357
"E05723";2023;"Commerce";0,086871359000121;554;"capacite_remboursement";"autonomie_financiere";"tresorerie_actif";8;0,157088122605364
"E05724";2023;"Services";0,0613105980064674;567;"autonomie_financiere";"capacite_remboursement";"tresorerie_actif";7;0,0622489959839357
"E05726";2023;"Industrie";0,0109721147069644;618;"capacite_remboursement";"autonomie_financiere";"log_effectif";3;0,0101195952161914
"E05731";2023;"Services";0,00788968789454415;628;"capacite_remboursement";"autonomie_financiere";"tresorerie_actif";3;0,0101195952161914
"E05738";2023;"Commerce";0,205744846644692;525;"capacite_remboursement";"liquidite_generale";"autonomie_financiere";8;0,157088122605364
"E05741";2023;"Services";0,0088463719166299;623;"capacite_remboursement";"autonomie_financiere";"tresorerie_actif";3;0,0101195952161914
"E05751";2023;"Services";0,0207389790595761;599;"autonomie_financiere";"capacite_remboursement";"log_effectif";5;0,0206378986866792
"E05758";2023;"BTP";0,0363901478279509;582;"capacite_remboursement";"autonomie_financiere";"liquidite_generale";6;0,0261682242990654
"E05761";2023;"Hôtellerie-restauration";0,0108558461290407;617;"autonomie_financiere";"capacite_remboursement";"tresorerie_actif";4;0,0195503421309873
"E05763";2023;"Commerce";0,0302387215245001;588;"capacite_remboursement";"autonomie_financiere";"log_effectif";6;0,0261682242990654
"E05767";2023;"Hôtellerie-restauration";0,0173529735033624;604;"capacite_remboursement";"tresorerie_actif";"autonomie_financiere";5;0,0206378986866792
"E05778";2023;"Hôtellerie-restauration";0,0066791560799653;632;"capacite_remboursement";"autonomie_financiere";"tresorerie_actif";2;0,00561272217025257
"E05785";2023;"Services";0,0336702213457482;585;"autonomie_financiere";"capacite_remboursement";"tresorerie_actif";6;0,0261682242990654
"E05794";2023;"Commerce";0,0746932498916015;560;"capacite_remboursement";"autonomie_financiere";"tresorerie_actif";7;0,0622489959839357
"E05798";2023;"Services";0,0328397498486703;585;"autonomie_financiere";"capacite_remboursement";"tresorerie_actif";6;0,0261682242990654
"E05803";2023;"Commerce";0,0327601860010869;585;"capacite_remboursement";"autonomie_financiere";"liquidite_generale";6;0,0261682242990654
"E05805";2023;"Commerce";0,00437763203658089;644;"capacite_remboursement";"liquidite_generale";"tresorerie_actif";2;0,00561272217025257
"E05808";2023;"Industrie";0,0300120895172779;588;"capacite_remboursement";"autonomie_financiere";"tresorerie_actif";6;0,0261682242990654
"E05809";2023;"Commerce";0,0190238477452941;601;"liquidite_generale";"autonomie_financiere";"capacite_remboursement";5;0,0206378986866792
"E05811";2023;"Services";0,0117871278587121;616;"capacite_remboursement";"autonomie_financiere";"log_effectif";4;0,0195503421309873
"E05817";2023;"Commerce";0,00463005912995463;642;"capacite_remboursement";"autonomie_financiere";"liquidite_generale";2;0,00561272217025257
"E05818";2023;"Services";0,0718994327674677;560;"liquidite_generale";"capacite_remboursement";"log_effectif";7;0,0622489959839357
"E05825";2023;"Services";0,00396594995987178;647;"autonomie_financiere";"capacite_remboursement";"tresorerie_actif";2;0,00561272217025257
"E05832";2023;"Industrie";0,0941883758228262;553;"capacite_remboursement";"liquidite_generale";"tresorerie_actif";8;0,157088122605364
"E05833";2023;"Transport";0,038745845658501;580;"capacite_remboursement";"autonomie_financiere";"incidents_paiement";6;0,0261682242990654
"E05840";2023;"Commerce";0,00538299569517398;639;"capacite_remboursement";"log_effectif";"tresorerie_actif";2;0,00561272217025257
"E05849";2023;"BTP";0,0665349305436978;563;"capacite_remboursement";"liquidite_generale";"autonomie_financiere";7;0,0622489959839357
"E05852";2023;"Services";0,0323998098353151;586;"autonomie_financiere";"capacite_remboursement";"liquidite_generale";6;0,0261682242990654
"E05856";2023;"Industrie";0,0516201315458448;572;"capacite_remboursement";"autonomie_financiere";"tresorerie_actif";7;0,0622489959839357
"E05858";2023;"Commerce";0,0014739102423224;675;"capacite_remboursement";"tresorerie_actif";"log_effectif";1;0,00282752120640905
"E05863";2023;"Commerce";0,0135288364634117;611;"autonomie_financiere";"capacite_remboursement";"tresorerie_actif";4;0,0195503421309873
"E05866";2023;"Industrie";0,0125652855860332;614;"capacite_remboursement";"autonomie_financiere";"tresorerie_actif";4;0,0195503421309873
"E05867";2023;"Services";0,00653315043313593;633;"capacite_remboursement";"autonomie_financiere";"liquidite_generale";2;0,00561272217025257
"E05871";2023;"BTP";0,187808734670383;530;"autonomie_financiere";"capacite_remboursement";"liquidite_generale";8;0,157088122605364
"E05874";2023;"Services";0,0157370700450845;607;"capacite_remboursement";"autonomie_financiere";"log_effectif";4;0,0195503421309873
"E05888";2023;"Services";0,0113361996511322;617;"autonomie_financiere";"capacite_remboursement";"log_effectif";4;0,0195503421309873
"E05899";2023;"Industrie";0,0292579469031765;589;"capacite_remboursement";"autonomie_financiere";"tresorerie_actif";6;0,0261682242990654
"E05912";2023;"Industrie";0,0790616256619081;558;"capacite_remboursement";"liquidite_generale";"autonomie_financiere";7;0,0622489959839357
"E05939";2023;"Industrie";0,0294662921370031;589;"autonomie_financiere";"tresorerie_actif";"capacite_remboursement";6;0,0261682242990654
"E05940";2023;"Services";0,00407116061311933;646;"capacite_remboursement";"liquidite_generale";"tresorerie_actif";2;0,00561272217025257
"E05941";2023;"Services";0,0115276416699668;616;"capacite_remboursement";"autonomie_financiere";"tresorerie_actif";4;0,0195503421309873
"E05945";2023;"Commerce";0,0673622425114526;562;"capacite_remboursement";"autonomie_financiere";"tresorerie_actif";7;0,0622489959839357
"E05948";2023;"Commerce";0,000801458611524534;693;"log_effectif";"tresorerie_actif";"secteur";1;0,00282752120640905
"E05953";2023;"Services";0,0342045745680548;584;"autonomie_financiere";"capacite_remboursement";"tresorerie_actif";6;0,0261682242990654
"E05962";2023;"Commerce";0,0131748669120337;611;"autonomie_financiere";"capacite_remboursement";"tresorerie_actif";4;0,0195503421309873
"E05969";2023;"BTP";0,00294022207741365;655;"capacite_remboursement";"autonomie_financiere";"tresorerie_actif";1;0,00282752120640905
"E05973";2023;"Services";0,00616651847487323;634;"capacite_remboursement";"tresorerie_actif";"autonomie_financiere";2;0,00561272217025257
"E05978";2023;"Services";0,0116564312554452;617;"capacite_remboursement";"autonomie_financiere";"tresorerie_actif";4;0,0195503421309873
"E05979";2023;"Services";0,0232895747380192;595;"log_effectif";"capacite_remboursement";"autonomie_financiere";5;0,0206378986866792
"E05983";2023;"Services";0,00970813275226503;621;"autonomie_financiere";"capacite_remboursement";"tresorerie_actif";3;0,0101195952161914
"E05987";2023;"Services";0,0871848088653962;556;"autonomie_financiere";"liquidite_generale";"capacite_remboursement";8;0,157088122605364
"E05997";2023;"Commerce";0,0474294493346837;575;"capacite_remboursement";"autonomie_financiere";"liquidite_generale";7;0,0622489959839357
"E06012";2023;"Services";0,00610624719873308;634;"capacite_remboursement";"tresorerie_actif";"autonomie_financiere";2;0,00561272217025257
"E06015";2023;"Transport";0,000954788627879319;688;"log_effectif";"tresorerie_actif";"liquidite_generale";1;0,00282752120640905
"E06016";2023;"Commerce";0,0118020491327511;616;"autonomie_financiere";"tresorerie_actif";"log_effectif";4;0,0195503421309873
"E06037";2023;"Hôtellerie-restauration";0,0403405865701309;577;"liquidite_generale";"capacite_remboursement";"autonomie_financiere";6;0,0261682242990654
"E06039";2023;"Hôtellerie-restauration";0,0554325483346736;569;"autonomie_financiere";"capacite_remboursement";"tresorerie_actif";7;0,0622489959839357
"E06043";2023;"Commerce";0,032059303155553;586;"capacite_remboursement";"autonomie_financiere";"log_effectif";6;0,0261682242990654
"E06048";2023;"Commerce";0,00296475049339202;655;"autonomie_financiere";"log_effectif";"tresorerie_actif";1;0,00282752120640905
"E06054";2023;"Industrie";0,216443260529308;526;"autonomie_financiere";"capacite_remboursement";"tresorerie_actif";8;0,157088122605364
"E06057";2023;"Commerce";0,100847507753186;549;"capacite_remboursement";"liquidite_generale";"tresorerie_actif";8;0,157088122605364
"E06060";2023;"Services";0,0056070884392964;638;"capacite_remboursement";"log_effectif";"liquidite_generale";2;0,00561272217025257
"E06071";2023;"Commerce";0,0222413296279535;596;"capacite_remboursement";"autonomie_financiere";"liquidite_generale";5;0,0206378986866792
"E06088";2023;"Services";0,0555987281274324;570;"autonomie_financiere";"capacite_remboursement";"tresorerie_actif";7;0,0622489959839357
"E06091";2023;"Commerce";0,0016889466514257;671;"autonomie_financiere";"tresorerie_actif";"liquidite_generale";1;0,00282752120640905
"E06094";2023;"Commerce";0,0410169640596862;579;"capacite_remboursement";"autonomie_financiere";"tresorerie_actif";6;0,0261682242990654
"E06096";2023;"Industrie";0,00553307471179268;638;"capacite_remboursement";"tresorerie_actif";"log_effectif";2;0,00561272217025257
"E06100";2023;"BTP";0,0177366618472114;603;"capacite_remboursement";"autonomie_financiere";"tresorerie_actif";5;0,0206378986866792
"E06103";2023;"Commerce";0,00961517528091616;620;"autonomie_financiere";"capacite_remboursement";"tresorerie_actif";3;0,0101195952161914
"E06104";2023;"Commerce";0,0244485797540493;593;"capacite_remboursement";"incidents_paiement";"autonomie_financiere";5;0,0206378986866792
"E06109";2023;"Industrie";0,00239073511845325;662;"autonomie_financiere";"tresorerie_actif";"liquidite_generale";1;0,00282752120640905
"E06123";2023;"Services";0,064376670463784;564;"liquidite_generale";"capacite_remboursement";"log_effectif";7;0,0622489959839357
"E06129";2023;"Commerce";0,0306957040283074;587;"capacite_remboursement";"tresorerie_actif";"log_effectif";6;0,0261682242990654
"E06133";2023;"Commerce";0,000541969416349519;705;"log_effectif";"secteur";"delai_clients_jours";1;0,00282752120640905
"E06137";2023;"BTP";0,0521883140842526;571;"capacite_remboursement";"autonomie_financiere";"liquidite_generale";7;0,0622489959839357
"E06143";2023;"Commerce";0,0172107859690194;604;"capacite_remboursement";"autonomie_financiere";"tresorerie_actif";5;0,0206378986866792
"E06148";2023;"Industrie";0,00283498651537353;657;"capacite_remboursement";"autonomie_financiere";"tresorerie_actif";1;0,00282752120640905
"E06153";2023;"BTP";0,065419175984802;565;"autonomie_financiere";"capacite_remboursement";"tresorerie_actif";7;0,0622489959839357
"E06155";2023;"Services";0,056829728836088;569;"liquidite_generale";"capacite_remboursement";"autonomie_financiere";7;0,0622489959839357
"E06167";2023;"Commerce";0,0696999870859202;562;"capacite_remboursement";"liquidite_generale";"incidents_paiement";7;0,0622489959839357
"E06175";2023;"Services";0,0559400870562616;569;"autonomie_financiere";"liquidite_generale";"tresorerie_actif";7;0,0622489959839357
"E06179";2023;"Services";0,00713903848255484;630;"capacite_remboursement";"autonomie_financiere";"tresorerie_actif";3;0,0101195952161914
"E06180";2023;"Services";0,00388418083306652;647;"autonomie_financiere";"capacite_remboursement";"tresorerie_actif";2;0,00561272217025257
"E06181";2023;"Commerce";0,010178947500016;619;"capacite_remboursement";"autonomie_financiere";"tresorerie_actif";3;0,0101195952161914
"E06187";2023;"Commerce";0,00936231603176246;622;"capacite_remboursement";"autonomie_financiere";"tresorerie_actif";3;0,0101195952161914
"E06210";2023;"Services";0,0116389151520041;616;"autonomie_financiere";"capacite_remboursement";"tresorerie_actif";4;0,0195503421309873
"E06213";2023;"Hôtellerie-restauration";0,106347684362189;549;"autonomie_financiere";"capacite_remboursement";"liquidite_generale";8;0,157088122605364
"E06221";2023;"BTP";0,110783862658396;546;"capacite_remboursement";"liquidite_generale";"autonomie_financiere";8;0,157088122605364
"E06224";2023;"Services";0,0899868569884833;554;"autonomie_financiere";"liquidite_generale";"tresorerie_actif";8;0,157088122605364
"E06230";2023;"Commerce";0,0147862351234892;608;"autonomie_financiere";"capacite_remboursement";"tresorerie_actif";4;0,0195503421309873
"E06231";2023;"Industrie";0,0193122249901218;601;"capacite_remboursement";"autonomie_financiere";"tresorerie_actif";5;0,0206378986866792
"E06233";2023;"Services";0,0014928229620018;675;"capacite_remboursement";"autonomie_financiere";"tresorerie_actif";1;0,00282752120640905
"E06235";2023;"Services";0,00346526444161921;651;"capacite_remboursement";"tresorerie_actif";"autonomie_financiere";2;0,00561272217025257
"E06239";2023;"Commerce";0,00381576653906705;648;"capacite_remboursement";"autonomie_financiere";"tresorerie_actif";2;0,00561272217025257
"E06247";2023;"Services";0,0160664696532933;607;"capacite_remboursement";"autonomie_financiere";"incidents_paiement";4;0,0195503421309873
"E06250";2023;"Transport";0,00774380230451365;627;"capacite_remboursement";"tresorerie_actif";"autonomie_financiere";3;0,0101195952161914
"E06252";2023;"Commerce";0,0316726772431753;586;"capacite_remboursement";"autonomie_financiere";"tresorerie_actif";6;0,0261682242990654
"E06262";2023;"Hôtellerie-restauration";0,017728180795358;602;"autonomie_financiere";"capacite_remboursement";"tresorerie_actif";5;0,0206378986866792
"E06269";2023;"BTP";0,0467254387014408;574;"capacite_remboursement";"autonomie_financiere";"tresorerie_actif";7;0,0622489959839357
"E06273";2023;"Services";0,00480043137789053;642;"capacite_remboursement";"tresorerie_actif";"liquidite_generale";2;0,00561272217025257
"E06274";2023;"Commerce";0,0358230794748491;583;"capacite_remboursement";"autonomie_financiere";"tresorerie_actif";6;0,0261682242990654
"E06275";2023;"Commerce";0,00988930815474879;620;"capacite_remboursement";"autonomie_financiere";"liquidite_generale";3;0,0101195952161914
"E06288";2023;"Services";0,0797979968323894;558;"capacite_remboursement";"autonomie_financiere";"liquidite_generale";7;0,0622489959839357
"E06289";2023;"BTP";0,0723823914628917;560;"autonomie_financiere";"capacite_remboursement";"tresorerie_actif";7;0,0622489959839357
"E06291";2023;"Hôtellerie-restauration";0,00105025944743519;685;"autonomie_financiere";"log_effectif";"tresorerie_actif";1;0,00282752120640905
"E06296";2023;"Services";0,0043257135754943;645;"capacite_remboursement";"tresorerie_actif";"autonomie_financiere";2;0,00561272217025257
"E06302";2023;"Commerce";0,00634358597807654;633;"autonomie_financiere";"capacite_remboursement";"log_effectif";2;0,00561272217025257
"E06310";2023;"Industrie";0,0194805710131688;601;"capacite_remboursement";"autonomie_financiere";"liquidite_generale";5;0,0206378986866792
"E06315";2023;"Hôtellerie-restauration";0,0039662061925966;647;"autonomie_financiere";"capacite_remboursement";"tresorerie_actif";2;0,00561272217025257
"E06316";2023;"Transport";0,0133465211574967;612;"capacite_remboursement";"autonomie_financiere";"tresorerie_actif";4;0,0195503421309873
"E06321";2023;"Hôtellerie-restauration";0,00148598462331804;674;"capacite_remboursement";"tresorerie_actif";"liquidite_generale";1;0,00282752120640905
"E06325";2023;"Services";0,0161861572015212;605;"autonomie_financiere";"capacite_remboursement";"incidents_paiement";4;0,0195503421309873
"E06326";2023;"Industrie";0,0436940417815012;577;"capacite_remboursement";"liquidite_generale";"autonomie_financiere";6;0,0261682242990654
"E06327";2023;"Hôtellerie-restauration";0,0935559018832089;552;"capacite_remboursement";"liquidite_generale";"autonomie_financiere";8;0,157088122605364
"E06329";2023;"BTP";0,0573118347145492;568;"capacite_remboursement";"liquidite_generale";"incidents_paiement";7;0,0622489959839357
"E06353";2023;"Transport";0,127439100115303;543;"capacite_remboursement";"autonomie_financiere";"liquidite_generale";8;0,157088122605364
"E06354";2023;"Industrie";0,0328424078372537;585;"capacite_remboursement";"autonomie_financiere";"tresorerie_actif";6;0,0261682242990654
"E06360";2023;"Hôtellerie-restauration";0,00908873812616052;621;"capacite_remboursement";"autonomie_financiere";"tresorerie_actif";3;0,0101195952161914
"E06361";2023;"Commerce";0,0292760550758834;588;"capacite_remboursement";"autonomie_financiere";"tresorerie_actif";6;0,0261682242990654
"E06364";2023;"Commerce";0,0249765890959303;594;"capacite_remboursement";"autonomie_financiere";"log_effectif";5;0,0206378986866792
"E06365";2023;"Services";0,00287740761132559;657;"capacite_remboursement";"autonomie_financiere";"tresorerie_actif";1;0,00282752120640905
"E06373";2023;"Services";0,00114827298375543;683;"capacite_remboursement";"tresorerie_actif";"delai_clients_jours";1;0,00282752120640905
"E06374";2023;"Hôtellerie-restauration";0,0183081245457338;602;"capacite_remboursement";"autonomie_financiere";"tresorerie_actif";5;0,0206378986866792
"E06382";2023;"BTP";0,00719409131356861;629;"capacite_remboursement";"tresorerie_actif";"autonomie_financiere";3;0,0101195952161914
"E06385";2023;"Commerce";0,00336016296804327;652;"capacite_remboursement";"autonomie_financiere";"tresorerie_actif";2;0,00561272217025257
"E06391";2023;"Services";0,0193223369156119;601;"liquidite_generale";"capacite_remboursement";"autonomie_financiere";5;0,0206378986866792
"E06392";2023;"BTP";0,00238986092448823;661;"capacite_remboursement";"tresorerie_actif";"delai_clients_jours";1;0,00282752120640905
"E06393";2023;"Services";0,0170339180439352;606;"capacite_remboursement";"autonomie_financiere";"tresorerie_actif";4;0,0195503421309873
"E06399";2023;"Services";0,0127443058373471;614;"capacite_remboursement";"tresorerie_actif";"autonomie_financiere";4;0,0195503421309873
"E06410";2023;"Services";0,00745416374754161;628;"capacite_remboursement";"incidents_paiement";"autonomie_financiere";3;0,0101195952161914
"E06412";2023;"Hôtellerie-restauration";0,00863333471246427;624;"capacite_remboursement";"tresorerie_actif";"liquidite_generale";3;0,0101195952161914
"E06418";2023;"Industrie";0,00779988466162873;628;"capacite_remboursement";"tresorerie_actif";"log_effectif";3;0,0101195952161914
"E06423";2023;"Industrie";0,0138256410122113;611;"liquidite_generale";"autonomie_financiere";"log_effectif";4;0,0195503421309873
"E06431";2023;"BTP";0,00565965183840917;637;"capacite_remboursement";"autonomie_financiere";"tresorerie_actif";2;0,00561272217025257
"E06435";2023;"Industrie";0,033256519880461;583;"capacite_remboursement";"tresorerie_actif";"incidents_paiement";6;0,0261682242990654
"E06438";2023;"Commerce";0,0568876337224142;569;"capacite_remboursement";"autonomie_financiere";"tresorerie_actif";7;0,0622489959839357
"E06442";2023;"Industrie";0,00316144327800853;654;"capacite_remboursement";"tresorerie_actif";"autonomie_financiere";1;0,00282752120640905
"E06445";2023;"Hôtellerie-restauration";0,0548919116708687;569;"capacite_remboursement";"autonomie_financiere";"tresorerie_actif";7;0,0622489959839357
"E06447";2023;"BTP";0,0276504642172001;588;"liquidite_generale";"autonomie_financiere";"capacite_remboursement";6;0,0261682242990654
"E06449";2023;"BTP";0,0104340039578758;619;"capacite_remboursement";"autonomie_financiere";"tresorerie_actif";3;0,0101195952161914
"E06463";2023;"Services";0,00776017383828235;628;"liquidite_generale";"autonomie_financiere";"capacite_remboursement";3;0,0101195952161914
"E06465";2023;"BTP";0,0310715773584898;586;"capacite_remboursement";"liquidite_generale";"autonomie_financiere";6;0,0261682242990654
"E06484";2023;"BTP";0,10652140365408;548;"capacite_remboursement";"log_effectif";"liquidite_generale";8;0,157088122605364
"E06494";2023;"Services";0,0385658322801532;579;"autonomie_financiere";"log_effectif";"capacite_remboursement";6;0,0261682242990654
"E06495";2023;"Industrie";0,00398539117759892;647;"capacite_remboursement";"log_effectif";"autonomie_financiere";2;0,00561272217025257
"E06512";2023;"BTP";0,0237597558410229;594;"liquidite_generale";"capacite_remboursement";"autonomie_financiere";5;0,0206378986866792
"E06515";2023;"Services";0,0839402935479424;558;"autonomie_financiere";"capacite_remboursement";"tresorerie_actif";7;0,0622489959839357
"E06522";2023;"Commerce";0,00235431255596795;662;"log_effectif";"autonomie_financiere";"tresorerie_actif";1;0,00282752120640905
"E06525";2023;"Industrie";0,0146703698847464;608;"log_effectif";"capacite_remboursement";"autonomie_financiere";4;0,0195503421309873
"E06529";2023;"Commerce";0,0111078984459633;616;"log_effectif";"capacite_remboursement";"autonomie_financiere";4;0,0195503421309873
"E06533";2023;"Services";0,00191276119916354;668;"capacite_remboursement";"liquidite_generale";"log_effectif";1;0,00282752120640905
"E06535";2023;"Services";0,0462649070647481;575;"capacite_remboursement";"liquidite_generale";"autonomie_financiere";7;0,0622489959839357
"E06540";2023;"Hôtellerie-restauration";0,0443600735100795;575;"capacite_remboursement";"liquidite_generale";"tresorerie_actif";7;0,0622489959839357
"E06541";2023;"Hôtellerie-restauration";0,0114524658364449;616;"capacite_remboursement";"autonomie_financiere";"log_effectif";4;0,0195503421309873
"E06544";2023;"Services";0,0484440400575212;572;"capacite_remboursement";"autonomie_financiere";"tresorerie_actif";7;0,0622489959839357
"E06545";2023;"Services";0,0117871278587121;616;"capacite_remboursement";"autonomie_financiere";"log_effectif";4;0,0195503421309873
"E06547";2023;"Services";0,00640110176001439;633;"capacite_remboursement";"autonomie_financiere";"liquidite_generale";2;0,00561272217025257
"E06550";2023;"Services";0,0296498643407843;589;"autonomie_financiere";"capacite_remboursement";"log_effectif";6;0,0261682242990654
"E06553";2023;"Services";0,0545086577918556;570;"liquidite_generale";"capacite_remboursement";"autonomie_financiere";7;0,0622489959839357
"E06558";2023;"Transport";0,00920208302546263;623;"capacite_remboursement";"log_effectif";"tresorerie_actif";3;0,0101195952161914
"E06562";2023;"Commerce";0,00436339500134036;644;"autonomie_financiere";"capacite_remboursement";"log_effectif";2;0,00561272217025257
"E06564";2023;"Services";0,00917639230637594;622;"autonomie_financiere";"capacite_remboursement";"tresorerie_actif";3;0,0101195952161914
"E06566";2023;"Commerce";0,00854266986998685;624;"capacite_remboursement";"log_effectif";"autonomie_financiere";3;0,0101195952161914
"E06572";2023;"Commerce";0,0589934495164946;567;"capacite_remboursement";"liquidite_generale";"tresorerie_actif";7;0,0622489959839357
"E06582";2023;"Industrie";0,00424459549597133;646;"capacite_remboursement";"autonomie_financiere";"tresorerie_actif";2;0,00561272217025257
"E06584";2023;"BTP";0,0240694808718098;594;"autonomie_financiere";"capacite_remboursement";"liquidite_generale";5;0,0206378986866792
"E06586";2023;"Commerce";0,00643537146980683;633;"capacite_remboursement";"autonomie_financiere";"tresorerie_actif";2;0,00561272217025257
"E06587";2023;"Commerce";0,331854863987663;508;"autonomie_financiere";"capacite_remboursement";"liquidite_generale";8;0,157088122605364
"E06588";2023;"BTP";0,040957853473916;578;"autonomie_financiere";"capacite_remboursement";"tresorerie_actif";6;0,0261682242990654
"E06595";2023;"BTP";0,00925213579644492;621;"capacite_remboursement";"autonomie_financiere";"liquidite_generale";3;0,0101195952161914
"E06599";2023;"BTP";0,00400627042178644;646;"capacite_remboursement";"tresorerie_actif";"delai_clients_jours";2;0,00561272217025257
"E06603";2023;"Transport";0,00661289562919983;632;"capacite_remboursement";"autonomie_financiere";"tresorerie_actif";2;0,00561272217025257
"E06605";2023;"Services";0,00263598908388899;659;"capacite_remboursement";"tresorerie_actif";"log_effectif";1;0,00282752120640905
"E06612";2023;"Commerce";0,227271566333566;524;"autonomie_financiere";"capacite_remboursement";"tresorerie_actif";8;0,157088122605364
"E06617";2023;"Commerce";0,0488943574120238;573;"capacite_remboursement";"autonomie_financiere";"liquidite_generale";7;0,0622489959839357
"E06631";2023;"Industrie";0,114189802945444;546;"capacite_remboursement";"autonomie_financiere";"tresorerie_actif";8;0,157088122605364
"E06640";2023;"Commerce";0,0494586678057719;572;"capacite_remboursement";"autonomie_financiere";"tresorerie_actif";7;0,0622489959839357
"E06649";2023;"Industrie";0,0260831832388966;593;"capacite_remboursement";"autonomie_financiere";"liquidite_generale";5;0,0206378986866792
"E06658";2023;"BTP";0,00668681702623587;631;"capacite_remboursement";"autonomie_financiere";"tresorerie_actif";3;0,0101195952161914
"E06659";2023;"Industrie";0,000911462047305852;690;"autonomie_financiere";"log_effectif";"delai_clients_jours";1;0,00282752120640905
"E06668";2023;"Industrie";0,0476276971736741;574;"capacite_remboursement";"liquidite_generale";"autonomie_financiere";7;0,0622489959839357
"E06670";2023;"Services";0,000518323885129275;706;"autonomie_financiere";"log_effectif";"delai_clients_jours";1;0,00282752120640905
"E06672";2023;"Services";0,00646124339992493;633;"capacite_remboursement";"tresorerie_actif";"autonomie_financiere";2;0,00561272217025257
"E06674";2023;"Services";0,118868780940114;545;"capacite_remboursement";"autonomie_financiere";"tresorerie_actif";8;0,157088122605364
"E06681";2023;"Hôtellerie-restauration";0,00225963104726779;663;"capacite_remboursement";"tresorerie_actif";"log_effectif";1;0,00282752120640905
"E06682";2023;"Commerce";0,0116533569142157;616;"capacite_remboursement";"autonomie_financiere";"liquidite_generale";4;0,0195503421309873
"E06686";2023;"BTP";0,00568690523462168;635;"capacite_remboursement";"autonomie_financiere";"tresorerie_actif";2;0,00561272217025257
"E06688";2023;"Commerce";0,00311765360629977;653;"autonomie_financiere";"capacite_remboursement";"tresorerie_actif";1;0,00282752120640905
"E06690";2023;"Hôtellerie-restauration";0,00112277443407016;683;"autonomie_financiere";"log_effectif";"secteur";1;0,00282752120640905
"E06694";2023;"Industrie";0,0101419331784783;620;"capacite_remboursement";"tresorerie_actif";"autonomie_financiere";3;0,0101195952161914
"E06698";2023;"Hôtellerie-restauration";0,0142160131813524;610;"capacite_remboursement";"tresorerie_actif";"autonomie_financiere";4;0,0195503421309873
"E06703";2023;"Industrie";0,0205322135146;600;"capacite_remboursement";"autonomie_financiere";"tresorerie_actif";5;0,0206378986866792
"E06705";2023;"Hôtellerie-restauration";0,00970004432375798;621;"capacite_remboursement";"autonomie_financiere";"tresorerie_actif";3;0,0101195952161914
"E06707";2023;"Industrie";0,0178944686625412;604;"capacite_remboursement";"autonomie_financiere";"tresorerie_actif";5;0,0206378986866792
"E06708";2023;"Transport";0,0119084403390233;615;"capacite_remboursement";"tresorerie_actif";"autonomie_financiere";4;0,0195503421309873
"E06718";2023;"Hôtellerie-restauration";0,0535319082482117;570;"capacite_remboursement";"autonomie_financiere";"tresorerie_actif";7;0,0622489959839357
"E06720";2023;"Commerce";0,0304783328285818;588;"capacite_remboursement";"autonomie_financiere";"tresorerie_actif";6;0,0261682242990654
"E06732";2023;"Transport";0,00230074431790873;662;"autonomie_financiere";"capacite_remboursement";"tresorerie_actif";1;0,00282752120640905
"E06733";2023;"Hôtellerie-restauration";0,0139215284736322;611;"capacite_remboursement";"autonomie_financiere";"tresorerie_actif";4;0,0195503421309873
"E06742";2023;"Industrie";0,0820537654210013;557;"capacite_remboursement";"liquidite_generale";"autonomie_financiere";8;0,157088122605364
"E06746";2023;"Industrie";0,0217797927425429;598;"capacite_remboursement";"tresorerie_actif";"autonomie_financiere";5;0,0206378986866792
"E06755";2023;"Services";0,00925624930562038;623;"capacite_remboursement";"autonomie_financiere";"liquidite_generale";3;0,0101195952161914
"E06760";2023;"Industrie";0,0516697444960789;571;"capacite_remboursement";"liquidite_generale";"autonomie_financiere";7;0,0622489959839357
"E06774";2023;"Services";0,0980039425533348;552;"capacite_remboursement";"liquidite_generale";"autonomie_financiere";8;0,157088122605364
"E06792";2023;"Services";0,0128770248645474;613;"capacite_remboursement";"autonomie_financiere";"tresorerie_actif";4;0,0195503421309873
"E06794";2023;"Industrie";0,00741517653148886;630;"capacite_remboursement";"autonomie_financiere";"tresorerie_actif";3;0,0101195952161914
"E06809";2023;"Services";0,0387349335946202;581;"liquidite_generale";"capacite_remboursement";"autonomie_financiere";6;0,0261682242990654
"E06811";2023;"Transport";0,00371188297474572;649;"autonomie_financiere";"log_effectif";"liquidite_generale";2;0,00561272217025257
"E06820";2023;"Services";0,000823988459678143;693;"tresorerie_actif";"log_effectif";"liquidite_generale";1;0,00282752120640905
"E06824";2023;"Services";0,00361733276858565;650;"capacite_remboursement";"tresorerie_actif";"liquidite_generale";2;0,00561272217025257
"E06827";2023;"Hôtellerie-restauration";0,0137462871147447;611;"capacite_remboursement";"autonomie_financiere";"log_effectif";4;0,0195503421309873
"E06828";2023;"Transport";0,0187021554751126;602;"capacite_remboursement";"tresorerie_actif";"log_effectif";5;0,0206378986866792
"E06829";2023;"Industrie";0,0140961856759686;611;"capacite_remboursement";"liquidite_generale";"autonomie_financiere";4;0,0195503421309873
"E06834";2023;"Commerce";0,0215357955874538;598;"capacite_remboursement";"autonomie_financiere";"tresorerie_actif";5;0,0206378986866792
"E06835";2023;"Hôtellerie-restauration";0,00575987178017471;635;"liquidite_generale";"autonomie_financiere";"tresorerie_actif";2;0,00561272217025257
"E06836";2023;"Industrie";0,0483486806603029;573;"capacite_remboursement";"liquidite_generale";"autonomie_financiere";7;0,0622489959839357
"E06846";2023;"Commerce";0,0535499818080629;570;"capacite_remboursement";"log_effectif";"autonomie_financiere";7;0,0622489959839357
"E06854";2023;"Commerce";0,0164819263644673;605;"capacite_remboursement";"log_effectif";"autonomie_financiere";4;0,0195503421309873
"E06875";2023;"Transport";0,0380727106067411;581;"liquidite_generale";"capacite_remboursement";"autonomie_financiere";6;0,0261682242990654
"E06877";2023;"Services";0,00571120090159997;637;"capacite_remboursement";"autonomie_financiere";"tresorerie_actif";2;0,00561272217025257
"E06884";2023;"Commerce";0,0405014472004971;579;"capacite_remboursement";"autonomie_financiere";"tresorerie_actif";6;0,0261682242990654
"E06888";2023;"Transport";0,00578081686939325;636;"capacite_remboursement";"tresorerie_actif";"autonomie_financiere";2;0,00561272217025257
"E06890";2023;"Industrie";0,00535822007419752;639;"capacite_remboursement";"log_effectif";"liquidite_generale";2;0,00561272217025257
"E06892";2023;"Commerce";0,00298605782803945;655;"capacite_remboursement";"tresorerie_actif";"log_effectif";1;0,00282752120640905
"E06903";2023;"BTP";0,051548295775208;572;"capacite_remboursement";"liquidite_generale";"autonomie_financiere";7;0,0622489959839357
"E06905";2023;"Hôtellerie-restauration";0,00784682329594637;627;"capacite_remboursement";"autonomie_financiere";"tresorerie_actif";3;0,0101195952161914
"E06906";2023;"Commerce";0,000715606870819549;696;"autonomie_financiere";"tresorerie_actif";"secteur";1;0,00282752120640905
"E06908";2023;"Industrie";0,0184885469272406;603;"capacite_remboursement";"autonomie_financiere";"liquidite_generale";5;0,0206378986866792
"E06909";2023;"Services";0,0258674126192729;592;"capacite_remboursement";"autonomie_financiere";"tresorerie_actif";5;0,0206378986866792
"E06911";2023;"Hôtellerie-restauration";0,00538202501244405;638;"capacite_remboursement";"autonomie_financiere";"tresorerie_actif";2;0,00561272217025257
"E06912";2023;"BTP";0,0137824334279148;610;"autonomie_financiere";"capacite_remboursement";"incidents_paiement";4;0,0195503421309873
"E06920";2023;"Industrie";0,319305891213441;510;"autonomie_financiere";"capacite_remboursement";"liquidite_generale";8;0,157088122605364
"E06926";2023;"Transport";0,01660825383937;606;"capacite_remboursement";"tresorerie_actif";"autonomie_financiere";4;0,0195503421309873
"E06929";2023;"Industrie";0,0187150487310769;602;"capacite_remboursement";"autonomie_financiere";"tresorerie_actif";5;0,0206378986866792
"E06931";2023;"BTP";0,00535913643408876;638;"autonomie_financiere";"tresorerie_actif";"liquidite_generale";2;0,00561272217025257
"E06932";2023;"Commerce";0,0337136608772402;584;"capacite_remboursement";"autonomie_financiere";"liquidite_generale";6;0,0261682242990654
"E06933";2023;"Commerce";0,183779567193168;531;"autonomie_financiere";"capacite_remboursement";"liquidite_generale";8;0,157088122605364
"E06941";2023;"BTP";0,0312704084883951;586;"capacite_remboursement";"autonomie_financiere";"tresorerie_actif";6;0,0261682242990654
"E06954";2023;"Industrie";0,00375149881913894;650;"capacite_remboursement";"autonomie_financiere";"log_effectif";2;0,00561272217025257
"E06955";2023;"Commerce";0,00362096487272999;649;"tresorerie_actif";"log_effectif";"autonomie_financiere";2;0,00561272217025257
"E06956";2023;"Transport";0,460011299904343;492;"autonomie_financiere";"capacite_remboursement";"liquidite_generale";8;0,157088122605364
"E06964";2023;"Hôtellerie-restauration";0,00358918838073176;650;"capacite_remboursement";"autonomie_financiere";"tresorerie_actif";2;0,00561272217025257
"E06974";2023;"BTP";0,00177063315207364;670;"autonomie_financiere";"liquidite_generale";"log_effectif";1;0,00282752120640905
"E06978";2023;"Commerce";0,00453994142803753;642;"capacite_remboursement";"autonomie_financiere";"tresorerie_actif";2;0,00561272217025257
"E06981";2023;"Transport";0,0125129820304363;614;"capacite_remboursement";"tresorerie_actif";"autonomie_financiere";4;0,0195503421309873
"E06982";2023;"Services";0,029837979485969;589;"capacite_remboursement";"autonomie_financiere";"tresorerie_actif";6;0,0261682242990654
"E06986";2023;"Services";0,0182829715635764;603;"capacite_remboursement";"autonomie_financiere";"incidents_paiement";5;0,0206378986866792
"E06995";2023;"Industrie";0,00758703396458146;628;"autonomie_financiere";"capacite_remboursement";"liquidite_generale";3;0,0101195952161914
"E07001";2023;"Commerce";0,00767194337506;627;"autonomie_financiere";"capacite_remboursement";"liquidite_generale";3;0,0101195952161914
"E07010";2023;"BTP";0,0185897449647172;601;"autonomie_financiere";"capacite_remboursement";"tresorerie_actif";5;0,0206378986866792
"E07015";2023;"BTP";0,0121413691903873;614;"capacite_remboursement";"autonomie_financiere";"liquidite_generale";4;0,0195503421309873
"E07021";2023;"Services";0,00273325747827073;659;"autonomie_financiere";"log_effectif";"tresorerie_actif";1;0,00282752120640905
"E07022";2023;"Commerce";0,0252280742863582;593;"capacite_remboursement";"autonomie_financiere";"liquidite_generale";5;0,0206378986866792
"E07032";2023;"Transport";0,0157277399403728;607;"capacite_remboursement";"incidents_paiement";"autonomie_financiere";4;0,0195503421309873
"E07033";2023;"Hôtellerie-restauration";0,00775888551142237;627;"capacite_remboursement";"autonomie_financiere";"tresorerie_actif";3;0,0101195952161914
"E07034";2023;"Industrie";0,0152398687284885;608;"capacite_remboursement";"autonomie_financiere";"tresorerie_actif";4;0,0195503421309873
"E07038";2023;"BTP";0,0166054413034143;604;"capacite_remboursement";"tresorerie_actif";"autonomie_financiere";5;0,0206378986866792
"E07041";2023;"Industrie";0,0174923363054754;605;"capacite_remboursement";"autonomie_financiere";"tresorerie_actif";4;0,0195503421309873
"E07044";2023;"Transport";0,0359140363554089;582;"capacite_remboursement";"autonomie_financiere";"tresorerie_actif";6;0,0261682242990654
"E07047";2023;"Services";0,00616366288733948;635;"capacite_remboursement";"tresorerie_actif";"autonomie_financiere";2;0,00561272217025257
"E07050";2023;"Services";0,0148875386026065;609;"capacite_remboursement";"tresorerie_actif";"autonomie_financiere";4;0,0195503421309873
"E07053";2023;"Industrie";0,0402326436851442;579;"liquidite_generale";"autonomie_financiere";"capacite_remboursement";6;0,0261682242990654
"E07057";2023;"Commerce";0,00428588534198818;645;"capacite_remboursement";"log_effectif";"autonomie_financiere";2;0,00561272217025257
"E07058";2023;"Commerce";0,00098540152055928;687;"autonomie_financiere";"tresorerie_actif";"secteur";1;0,00282752120640905
"E07060";2023;"Services";0,0012773193597218;680;"autonomie_financiere";"capacite_remboursement";"delai_clients_jours";1;0,00282752120640905
"E07061";2023;"Services";0,0903832891176401;554;"capacite_remboursement";"autonomie_financiere";"tresorerie_actif";8;0,157088122605364
"E07074";2023;"BTP";0,0391510352802745;579;"capacite_remboursement";"tresorerie_actif";"log_effectif";6;0,0261682242990654
"E07079";2023;"Commerce";0,00632658980680843;634;"capacite_remboursement";"tresorerie_actif";"liquidite_generale";2;0,00561272217025257
"E07082";2023;"Services";0,0209822104353691;597;"liquidite_generale";"capacite_remboursement";"autonomie_financiere";5;0,0206378986866792
"E07086";2023;"BTP";0,0690502982665585;561;"capacite_remboursement";"autonomie_financiere";"tresorerie_actif";7;0,0622489959839357
"E07091";2023;"Commerce";0,0121679433883872;614;"capacite_remboursement";"autonomie_financiere";"liquidite_generale";4;0,0195503421309873
"E07098";2023;"Services";0,0173824680527003;605;"capacite_remboursement";"autonomie_financiere";"tresorerie_actif";4;0,0195503421309873
"E07099";2023;"Industrie";0,142281105194235;540;"autonomie_financiere";"liquidite_generale";"capacite_remboursement";8;0,157088122605364
"E07102";2023;"Services";0,00128126301162506;680;"log_effectif";"tresorerie_actif";"delai_clients_jours";1;0,00282752120640905
"E07110";2023;"Commerce";0,0380604354143949;581;"capacite_remboursement";"autonomie_financiere";"tresorerie_actif";6;0,0261682242990654
"E07111";2023;"Industrie";0,0251839604558964;593;"capacite_remboursement";"autonomie_financiere";"tresorerie_actif";5;0,0206378986866792
"E07115";2023;"Hôtellerie-restauration";0,0514727847949238;572;"capacite_remboursement";"autonomie_financiere";"tresorerie_actif";7;0,0622489959839357
"E07119";2023;"Services";0,0281091942936437;590;"liquidite_generale";"capacite_remboursement";"autonomie_financiere";6;0,0261682242990654
"E07139";2023;"Services";0,00108128243847033;685;"autonomie_financiere";"log_effectif";"tresorerie_actif";1;0,00282752120640905
"E07150";2023;"Commerce";0,00441995223164845;643;"capacite_remboursement";"autonomie_financiere";"tresorerie_actif";2;0,00561272217025257
"E07157";2023;"Transport";0,0132543729065486;612;"capacite_remboursement";"tresorerie_actif";"autonomie_financiere";4;0,0195503421309873
"E07175";2023;"BTP";0,0320039871868746;586;"capacite_remboursement";"autonomie_financiere";"tresorerie_actif";6;0,0261682242990654
"E07178";2023;"Hôtellerie-restauration";0,00427367353625112;644;"capacite_remboursement";"tresorerie_actif";"autonomie_financiere";2;0,00561272217025257
"E07181";2023;"Services";0,0121267583073045;615;"capacite_remboursement";"autonomie_financiere";"tresorerie_actif";4;0,0195503421309873
"E07183";2023;"Services";0,000770883721859168;695;"log_effectif";"tresorerie_actif";"delai_clients_jours";1;0,00282752120640905
"E07188";2023;"Industrie";0,0138806955782159;611;"capacite_remboursement";"tresorerie_actif";"autonomie_financiere";4;0,0195503421309873
"E07194";2023;"Commerce";0,00987896489143181;621;"capacite_remboursement";"tresorerie_actif";"autonomie_financiere";3;0,0101195952161914
"E07200";2023;"Commerce";0,449277683119132;493;"autonomie_financiere";"capacite_remboursement";"liquidite_generale";8;0,157088122605364
"E07201";2023;"Commerce";0,0146368438775732;609;"autonomie_financiere";"capacite_remboursement";"tresorerie_actif";4;0,0195503421309873
"E07202";2023;"Commerce";0,000900537468537434;690;"log_effectif";"tresorerie_actif";"secteur";1;0,00282752120640905
"E07204";2023;"Hôtellerie-restauration";0,0259851290946196;592;"capacite_remboursement";"autonomie_financiere";"tresorerie_actif";5;0,0206378986866792
"E07213";2023;"Commerce";0,0273604668168033;591;"capacite_remboursement";"autonomie_financiere";"log_effectif";6;0,0261682242990654
"E07218";2023;"Services";0,00856648527338067;625;"capacite_remboursement";"tresorerie_actif";"autonomie_financiere";3;0,0101195952161914
"E07231";2023;"Services";0,0109588906281163;617;"autonomie_financiere";"tresorerie_actif";"capacite_remboursement";4;0,0195503421309873
"E07236";2023;"Services";0,0247063512912833;594;"capacite_remboursement";"tresorerie_actif";"autonomie_financiere";5;0,0206378986866792
"E07239";2023;"BTP";0,00528952273591846;638;"capacite_remboursement";"tresorerie_actif";"autonomie_financiere";2;0,00561272217025257
"E07241";2023;"Industrie";0,0148541273633354;608;"capacite_remboursement";"autonomie_financiere";"liquidite_generale";4;0,0195503421309873
"E07242";2023;"Services";0,00876093142085081;625;"capacite_remboursement";"autonomie_financiere";"tresorerie_actif";3;0,0101195952161914
"E07260";2023;"Industrie";0,0245840720572831;594;"capacite_remboursement";"autonomie_financiere";"incidents_paiement";5;0,0206378986866792
"E07263";2023;"Hôtellerie-restauration";0,206311853763782;526;"capacite_remboursement";"autonomie_financiere";"liquidite_generale";8;0,157088122605364
"E07270";2023;"Transport";0,0313481242655356;587;"capacite_remboursement";"autonomie_financiere";"tresorerie_actif";6;0,0261682242990654
"E07271";2023;"Hôtellerie-restauration";0,017315715696216;604;"capacite_remboursement";"autonomie_financiere";"liquidite_generale";5;0,0206378986866792
"E07273";2023;"Services";0,011093159455185;617;"capacite_remboursement";"autonomie_financiere";"tresorerie_actif";4;0,0195503421309873
"E07279";2023;"Commerce";0,028860326969643;588;"capacite_remboursement";"liquidite_generale";"tresorerie_actif";6;0,0261682242990654
"E07282";2023;"Services";0,0439771804408467;577;"liquidite_generale";"capacite_remboursement";"autonomie_financiere";6;0,0261682242990654
"E07283";2023;"Services";0,00217516473686749;663;"capacite_remboursement";"tresorerie_actif";"liquidite_generale";1;0,00282752120640905
"E07288";2023;"Commerce";0,130146580800708;542;"capacite_remboursement";"log_effectif";"tresorerie_actif";8;0,157088122605364
"E07293";2023;"Hôtellerie-restauration";0,00237248548001666;662;"autonomie_financiere";"tresorerie_actif";"log_effectif";1;0,00282752120640905
"E07294";2023;"Industrie";0,0109051314130989;618;"autonomie_financiere";"capacite_remboursement";"tresorerie_actif";3;0,0101195952161914
"E07299";2023;"Services";0,00926842007031377;623;"autonomie_financiere";"capacite_remboursement";"tresorerie_actif";3;0,0101195952161914
"E07308";2023;"Commerce";0,0142104727400383;609;"tresorerie_actif";"autonomie_financiere";"capacite_remboursement";4;0,0195503421309873
"E07314";2023;"Services";0,00711959490035683;630;"autonomie_financiere";"capacite_remboursement";"tresorerie_actif";3;0,0101195952161914
"E07315";2023;"BTP";0,00708028527623461;629;"autonomie_financiere";"capacite_remboursement";"liquidite_generale";3;0,0101195952161914
"E07329";2023;"Industrie";0,00312774869270863;654;"capacite_remboursement";"autonomie_financiere";"tresorerie_actif";1;0,00282752120640905
"E07344";2023;"Hôtellerie-restauration";0,0654306231925514;563;"capacite_remboursement";"log_effectif";"liquidite_generale";7;0,0622489959839357
"E07353";2023;"Commerce";0,00132174104592555;679;"tresorerie_actif";"liquidite_generale";"log_effectif";1;0,00282752120640905
"E07366";2023;"Industrie";0,00921607729568241;624;"capacite_remboursement";"autonomie_financiere";"log_effectif";3;0,0101195952161914
"E07368";2023;"Transport";0,0100505871831968;621;"capacite_remboursement";"autonomie_financiere";"tresorerie_actif";3;0,0101195952161914
"E07369";2023;"Hôtellerie-restauration";0,199740857254077;528;"autonomie_financiere";"liquidite_generale";"capacite_remboursement";8;0,157088122605364
"E07379";2023;"Hôtellerie-restauration";0,014406787783227;609;"autonomie_financiere";"capacite_remboursement";"liquidite_generale";4;0,0195503421309873
"E07385";2023;"BTP";0,0141420103104304;610;"capacite_remboursement";"autonomie_financiere";"tresorerie_actif";4;0,0195503421309873
"E07388";2023;"Commerce";0,00227079855339403;662;"autonomie_financiere";"liquidite_generale";"tresorerie_actif";1;0,00282752120640905
"E07398";2023;"Services";0,0113213559893201;617;"autonomie_financiere";"capacite_remboursement";"log_effectif";4;0,0195503421309873
"E07403";2023;"Commerce";0,00707920630537927;630;"capacite_remboursement";"autonomie_financiere";"tresorerie_actif";3;0,0101195952161914
"E07407";2023;"BTP";0,0238486343236621;594;"autonomie_financiere";"capacite_remboursement";"log_effectif";5;0,0206378986866792
"E07408";2023;"Commerce";0,0145609021882383;609;"capacite_remboursement";"autonomie_financiere";"liquidite_generale";4;0,0195503421309873
"E07411";2023;"Commerce";0,0306239577819877;588;"capacite_remboursement";"autonomie_financiere";"log_effectif";6;0,0261682242990654
"E07418";2023;"Industrie";0,0288915824279051;588;"capacite_remboursement";"autonomie_financiere";"tresorerie_actif";6;0,0261682242990654
"E07446";2023;"Industrie";0,0341340238299754;585;"autonomie_financiere";"capacite_remboursement";"liquidite_generale";6;0,0261682242990654
"E07447";2023;"Services";0,0476943076874479;574;"liquidite_generale";"autonomie_financiere";"capacite_remboursement";7;0,0622489959839357
"E07459";2023;"Commerce";0,104347685408509;549;"capacite_remboursement";"liquidite_generale";"autonomie_financiere";8;0,157088122605364
"E07461";2023;"BTP";0,0278921450441987;590;"capacite_remboursement";"tresorerie_actif";"autonomie_financiere";6;0,0261682242990654
"E07463";2023;"Industrie";0,0122803262183094;615;"autonomie_financiere";"capacite_remboursement";"tresorerie_actif";4;0,0195503421309873
"E07469";2023;"Services";0,00667833123877413;632;"capacite_remboursement";"tresorerie_actif";"autonomie_financiere";2;0,00561272217025257
"E07472";2023;"Services";0,042034794123086;578;"capacite_remboursement";"log_effectif";"liquidite_generale";6;0,0261682242990654
"E07473";2023;"Industrie";0,0196319060022633;601;"capacite_remboursement";"autonomie_financiere";"tresorerie_actif";5;0,0206378986866792
"E07475";2023;"Industrie";0,00957290997956455;622;"autonomie_financiere";"tresorerie_actif";"capacite_remboursement";3;0,0101195952161914
"E07476";2023;"Hôtellerie-restauration";0,00228953300105665;662;"tresorerie_actif";"autonomie_financiere";"liquidite_generale";1;0,00282752120640905
"E07479";2023;"BTP";0,112197823695858;546;"capacite_remboursement";"autonomie_financiere";"liquidite_generale";8;0,157088122605364
"E07489";2023;"Services";0,00250463631282367;661;"autonomie_financiere";"log_effectif";"liquidite_generale";1;0,00282752120640905
"E07491";2023;"Commerce";0,0353694267783077;582;"capacite_remboursement";"autonomie_financiere";"tresorerie_actif";6;0,0261682242990654
"E07492";2023;"Hôtellerie-restauration";0,0193862305760655;601;"capacite_remboursement";"liquidite_generale";"tresorerie_actif";5;0,0206378986866792
"E07500";2023;"Services";0,00147524444836446;676;"capacite_remboursement";"tresorerie_actif";"delai_clients_jours";1;0,00282752120640905
"E07505";2023;"Hôtellerie-restauration";0,0515621067902823;571;"capacite_remboursement";"autonomie_financiere";"tresorerie_actif";7;0,0622489959839357
"E07506";2023;"Commerce";0,364766062402828;503;"autonomie_financiere";"capacite_remboursement";"liquidite_generale";8;0,157088122605364
"E07509";2023;"Services";0,0363473115470309;582;"capacite_remboursement";"autonomie_financiere";"tresorerie_actif";6;0,0261682242990654
"E07512";2023;"BTP";0,205097403945642;526;"autonomie_financiere";"capacite_remboursement";"liquidite_generale";8;0,157088122605364
"E07518";2023;"BTP";0,0843154636438923;556;"capacite_remboursement";"autonomie_financiere";"tresorerie_actif";8;0,157088122605364
"E07526";2023;"BTP";0,0538838434241667;570;"capacite_remboursement";"liquidite_generale";"autonomie_financiere";7;0,0622489959839357
"E07533";2023;"Services";0,00298705583272407;656;"capacite_remboursement";"log_effectif";"tresorerie_actif";1;0,00282752120640905
"E07535";2023;"Commerce";0,00599609231557318;635;"capacite_remboursement";"autonomie_financiere";"secteur";2;0,00561272217025257
"E07541";2023;"BTP";0,0919880717848563;552;"capacite_remboursement";"liquidite_generale";"autonomie_financiere";8;0,157088122605364
"E07543";2023;"Commerce";0,00938390220671863;622;"capacite_remboursement";"autonomie_financiere";"log_effectif";3;0,0101195952161914
"E07544";2023;"Services";0,0011703441537815;682;"autonomie_financiere";"liquidite_generale";"delai_clients_jours";1;0,00282752120640905
"E07554";2023;"Hôtellerie-restauration";0,0613060584411313;565;"capacite_remboursement";"liquidite_generale";"autonomie_financiere";7;0,0622489959839357
"E07556";2023;"Services";0,0405123629849457;580;"autonomie_financiere";"capacite_remboursement";"tresorerie_actif";6;0,0261682242990654
"E07558";2023;"BTP";0,0913266574654233;553;"capacite_remboursement";"autonomie_financiere";"tresorerie_actif";8;0,157088122605364
"E07560";2023;"Hôtellerie-restauration";0,0306646303078331;586;"liquidite_generale";"capacite_remboursement";"autonomie_financiere";6;0,0261682242990654
"E07562";2023;"Commerce";0,0259810496695928;592;"autonomie_financiere";"capacite_remboursement";"tresorerie_actif";5;0,0206378986866792
"E07564";2023;"Industrie";0,0506069371079848;573;"capacite_remboursement";"liquidite_generale";"autonomie_financiere";7;0,0622489959839357
"E07566";2023;"Industrie";0,0981679523106207;551;"capacite_remboursement";"liquidite_generale";"autonomie_financiere";8;0,157088122605364
"E07569";2023;"Commerce";0,00784115695280268;627;"capacite_remboursement";"tresorerie_actif";"liquidite_generale";3;0,0101195952161914
"E07572";2023;"BTP";0,0124504035664196;613;"capacite_remboursement";"tresorerie_actif";"autonomie_financiere";4;0,0195503421309873
"E07579";2023;"Commerce";0,0877086867648591;555;"capacite_remboursement";"autonomie_financiere";"log_effectif";8;0,157088122605364
"E07583";2023;"Services";0,0568981136110269;569;"capacite_remboursement";"autonomie_financiere";"liquidite_generale";7;0,0622489959839357
"E07591";2023;"Services";0,0119120991110187;615;"autonomie_financiere";"capacite_remboursement";"liquidite_generale";4;0,0195503421309873
"E07594";2023;"Transport";0,0629369828398028;566;"capacite_remboursement";"autonomie_financiere";"tresorerie_actif";7;0,0622489959839357
"E07600";2023;"BTP";0,0725060646363803;560;"capacite_remboursement";"autonomie_financiere";"log_effectif";7;0,0622489959839357
"E07602";2023;"Services";0,0105253689548335;619;"capacite_remboursement";"tresorerie_actif";"autonomie_financiere";3;0,0101195952161914
"E07606";2023;"Industrie";0,000594766296684458;703;"tresorerie_actif";"log_effectif";"secteur";1;0,00282752120640905
"E07607";2023;"Commerce";0,00348513579608308;651;"capacite_remboursement";"tresorerie_actif";"log_effectif";2;0,00561272217025257
"E07612";2023;"BTP";0,237740142647015;521;"capacite_remboursement";"autonomie_financiere";"liquidite_generale";8;0,157088122605364
"E07613";2023;"Services";0,00560517906151147;637;"capacite_remboursement";"autonomie_financiere";"liquidite_generale";2;0,00561272217025257
"E07616";2023;"Services";0,0907287072931031;555;"capacite_remboursement";"autonomie_financiere";"tresorerie_actif";8;0,157088122605364
"E07622";2023;"Industrie";0,0321734927899502;586;"liquidite_generale";"capacite_remboursement";"autonomie_financiere";6;0,0261682242990654
"E07628";2023;"Industrie";0,117238905728914;546;"capacite_remboursement";"liquidite_generale";"autonomie_financiere";8;0,157088122605364
"E07635";2023;"Services";0,00687530336160492;632;"capacite_remboursement";"autonomie_financiere";"tresorerie_actif";2;0,00561272217025257
"E07636";2023;"Services";0,0314063109512961;586;"capacite_remboursement";"autonomie_financiere";"incidents_paiement";6;0,0261682242990654
"E07645";2023;"Industrie";0,00672021075503107;632;"capacite_remboursement";"tresorerie_actif";"autonomie_financiere";2;0,00561272217025257
"E07652";2023;"Services";0,00511140198290832;640;"capacite_remboursement";"liquidite_generale";"log_effectif";2;0,00561272217025257
"E07653";2023;"Commerce";0,00105244597412321;685;"autonomie_financiere";"log_effectif";"secteur";1;0,00282752120640905
"E07656";2023;"Industrie";0,0454421831949354;575;"capacite_remboursement";"liquidite_generale";"autonomie_financiere";7;0,0622489959839357
"E07665";2023;"Commerce";0,0107309382447425;618;"capacite_remboursement";"autonomie_financiere";"tresorerie_actif";3;0,0101195952161914
"E07670";2023;"Services";0,0113269975720117;617;"capacite_remboursement";"autonomie_financiere";"tresorerie_actif";4;0,0195503421309873
"E07673";2023;"Services";0,0150135862826316;608;"log_effectif";"autonomie_financiere";"capacite_remboursement";4;0,0195503421309873
"E07675";2023;"Hôtellerie-restauration";0,00732005186660087;630;"capacite_remboursement";"log_effectif";"autonomie_financiere";3;0,0101195952161914
"E07681";2023;"Transport";0,00396404483439366;647;"log_effectif";"autonomie_financiere";"tresorerie_actif";2;0,00561272217025257
"E07684";2023;"Services";0,126181258222663;544;"autonomie_financiere";"capacite_remboursement";"liquidite_generale";8;0,157088122605364
"E07685";2023;"BTP";0,120702049502941;544;"autonomie_financiere";"capacite_remboursement";"tresorerie_actif";8;0,157088122605364
"E07689";2023;"Commerce";0,0221285591625294;597;"capacite_remboursement";"liquidite_generale";"autonomie_financiere";5;0,0206378986866792
"E07701";2023;"Commerce";0,00154552300327894;673;"autonomie_financiere";"liquidite_generale";"tresorerie_actif";1;0,00282752120640905
"E07719";2023;"Commerce";0,00106462738224986;685;"capacite_remboursement";"tresorerie_actif";"secteur";1;0,00282752120640905
"E07726";2023;"Commerce";0,0088876177966616;624;"capacite_remboursement";"autonomie_financiere";"tresorerie_actif";3;0,0101195952161914
"E07731";2023;"Commerce";0,00715239051962461;629;"capacite_remboursement";"tresorerie_actif";"autonomie_financiere";3;0,0101195952161914
"E07734";2023;"Transport";0,0447435808150196;576;"capacite_remboursement";"autonomie_financiere";"liquidite_generale";7;0,0622489959839357
"E07735";2023;"Services";0,000205992169941357;733;"delai_clients_jours";NA;NA;1;0,00282752120640905
"E07739";2023;"Services";0,00162976011817782;673;"autonomie_financiere";"tresorerie_actif";"liquidite_generale";1;0,00282752120640905
"E07742";2023;"Hôtellerie-restauration";0,0760416893619579;559;"capacite_remboursement";"autonomie_financiere";"liquidite_generale";7;0,0622489959839357
"E07743";2023;"Commerce";0,0209382343727862;599;"capacite_remboursement";"autonomie_financiere";"log_effectif";5;0,0206378986866792
"E07744";2023;"Services";0,0351479282534204;583;"capacite_remboursement";"autonomie_financiere";"tresorerie_actif";6;0,0261682242990654
"E07749";2023;"Services";0,00593671505102743;636;"autonomie_financiere";"capacite_remboursement";"tresorerie_actif";2;0,00561272217025257
"E07755";2023;"Commerce";0,0342321845962613;584;"capacite_remboursement";"tresorerie_actif";"autonomie_financiere";6;0,0261682242990654
"E07756";2023;"Commerce";0,00566092542462967;637;"capacite_remboursement";"tresorerie_actif";"autonomie_financiere";2;0,00561272217025257
"E07758";2023;"Hôtellerie-restauration";0,00458581482610219;642;"autonomie_financiere";"liquidite_generale";"tresorerie_actif";2;0,00561272217025257
"E07759";2023;"Hôtellerie-restauration";0,0437545524319839;576;"capacite_remboursement";"autonomie_financiere";"liquidite_generale";7;0,0622489959839357
"E07763";2023;"Transport";0,0651499566751933;566;"autonomie_financiere";"capacite_remboursement";"tresorerie_actif";7;0,0622489959839357
"E07766";2023;"Industrie";0,000603635454383356;702;"tresorerie_actif";"log_effectif";"delai_clients_jours";1;0,00282752120640905
"E07770";2023;"Services";0,00105013465042806;685;"capacite_remboursement";"liquidite_generale";"delai_clients_jours";1;0,00282752120640905
"E07772";2023;"Industrie";0,0495238644719606;572;"capacite_remboursement";"autonomie_financiere";"tresorerie_actif";7;0,0622489959839357
"E07773";2023;"BTP";0,0075831918203729;628;"capacite_remboursement";"autonomie_financiere";"liquidite_generale";3;0,0101195952161914
"E07774";2023;"Industrie";0,00518503023629815;639;"capacite_remboursement";"autonomie_financiere";"liquidite_generale";2;0,00561272217025257
"E07786";2023;"Hôtellerie-restauration";0,00890372833483314;624;"capacite_remboursement";"autonomie_financiere";"tresorerie_actif";3;0,0101195952161914
"E07790";2023;"Commerce";0,0242043025961155;594;"capacite_remboursement";"tresorerie_actif";"autonomie_financiere";5;0,0206378986866792
"E07791";2023;"Commerce";0,00347688275133026;650;"capacite_remboursement";"tresorerie_actif";"liquidite_generale";2;0,00561272217025257
"E07796";2023;"Industrie";0,196708313436918;529;"capacite_remboursement";"autonomie_financiere";"liquidite_generale";8;0,157088122605364
"E07805";2023;"Hôtellerie-restauration";0,00779903711679716;628;"capacite_remboursement";"autonomie_financiere";"log_effectif";3;0,0101195952161914
"E07812";2023;"Commerce";0,122377290987218;544;"capacite_remboursement";"autonomie_financiere";"liquidite_generale";8;0,157088122605364
"E07818";2023;"Services";0,0147552692158836;609;"autonomie_financiere";"capacite_remboursement";"liquidite_generale";4;0,0195503421309873
"E07829";2023;"Industrie";0,0267708337010242;592;"capacite_remboursement";"autonomie_financiere";"tresorerie_actif";5;0,0206378986866792
"E07830";2023;"Industrie";0,18001949595211;530;"capacite_remboursement";"liquidite_generale";"autonomie_financiere";8;0,157088122605364
"E07835";2023;"Hôtellerie-restauration";0,188309100524211;528;"capacite_remboursement";"liquidite_generale";"autonomie_financiere";8;0,157088122605364
"E07838";2023;"Hôtellerie-restauration";0,0281049792109768;589;"capacite_remboursement";"autonomie_financiere";"liquidite_generale";6;0,0261682242990654
"E07841";2023;"Hôtellerie-restauration";0,0110950157653682;617;"capacite_remboursement";"log_effectif";"autonomie_financiere";4;0,0195503421309873
"E07843";2023;"Services";0,0482051671434046;573;"capacite_remboursement";"autonomie_financiere";"log_effectif";7;0,0622489959839357
"E07850";2023;"Industrie";0,00907030948385362;623;"log_effectif";"autonomie_financiere";"capacite_remboursement";3;0,0101195952161914
"E07851";2023;"Commerce";0,0141495835358654;609;"capacite_remboursement";"autonomie_financiere";"tresorerie_actif";4;0,0195503421309873
"E07854";2023;"Commerce";0,0362695145375074;582;"capacite_remboursement";"autonomie_financiere";"liquidite_generale";6;0,0261682242990654
"E07855";2023;"BTP";0,0319736688166007;586;"capacite_remboursement";"autonomie_financiere";"liquidite_generale";6;0,0261682242990654
"E07861";2023;"Services";0,0838529851146307;558;"autonomie_financiere";"capacite_remboursement";"tresorerie_actif";7;0,0622489959839357
"E07864";2023;"Commerce";0,0410869310938119;579;"capacite_remboursement";"tresorerie_actif";"liquidite_generale";6;0,0261682242990654
"E07873";2023;"BTP";0,0293270795118858;588;"autonomie_financiere";"capacite_remboursement";"tresorerie_actif";6;0,0261682242990654
"E07874";2023;"Services";0,038670033442752;580;"capacite_remboursement";"autonomie_financiere";"liquidite_generale";6;0,0261682242990654
"E07880";2023;"Commerce";0,0187694510945766;602;"capacite_remboursement";"tresorerie_actif";"autonomie_financiere";5;0,0206378986866792
"E07883";2023;"Transport";0,0146506492168527;610;"capacite_remboursement";"tresorerie_actif";"autonomie_financiere";4;0,0195503421309873
"E07886";2023;"Transport";0,0199299813927013;600;"capacite_remboursement";"autonomie_financiere";"liquidite_generale";5;0,0206378986866792
"E07894";2023;"Hôtellerie-restauration";0,0225228268427074;595;"autonomie_financiere";"capacite_remboursement";"tresorerie_actif";5;0,0206378986866792
"E07907";2023;"Services";0,0155800532458428;608;"capacite_remboursement";"autonomie_financiere";"tresorerie_actif";4;0,0195503421309873
"E07909";2023;"Industrie";0,00106319824875441;686;"autonomie_financiere";"log_effectif";"delai_clients_jours";1;0,00282752120640905
"E07910";2023;"Commerce";0,460226303702646;492;"autonomie_financiere";"capacite_remboursement";"liquidite_generale";8;0,157088122605364
"E07923";2023;"Industrie";0,0327731065522445;586;"capacite_remboursement";"liquidite_generale";"autonomie_financiere";6;0,0261682242990654
"E07928";2023;"Transport";0,0877149675922913;555;"capacite_remboursement";"liquidite_generale";"autonomie_financiere";8;0,157088122605364
"E07931";2023;"Transport";0,449926400676529;493;"autonomie_financiere";"capacite_remboursement";"liquidite_generale";8;0,157088122605364
"E07933";2023;"Commerce";0,0420594272669803;578;"capacite_remboursement";"autonomie_financiere";"liquidite_generale";6;0,0261682242990654
"E07939";2023;"Commerce";0,0380507918156701;581;"autonomie_financiere";"capacite_remboursement";"tresorerie_actif";6;0,0261682242990654
"E07943";2023;"Industrie";0,00858641268085775;625;"capacite_remboursement";"autonomie_financiere";"liquidite_generale";3;0,0101195952161914
"E07955";2023;"Commerce";0,00766384515305876;628;"capacite_remboursement";"tresorerie_actif";"autonomie_financiere";3;0,0101195952161914
"E07966";2023;"Industrie";0,103639039711024;549;"capacite_remboursement";"autonomie_financiere";"tresorerie_actif";8;0,157088122605364
"E07970";2023;"Hôtellerie-restauration";0,000418660886531543;711;"tresorerie_actif";"log_effectif";"secteur";1;0,00282752120640905
"E07976";2023;"Services";0,0490547007738748;572;"capacite_remboursement";"autonomie_financiere";"tresorerie_actif";7;0,0622489959839357
"E07979";2023;"BTP";0,0360847230399446;581;"capacite_remboursement";"autonomie_financiere";"tresorerie_actif";6;0,0261682242990654
"E07980";2023;"Transport";0,00968252529937525;622;"capacite_remboursement";"autonomie_financiere";"tresorerie_actif";3;0,0101195952161914
"E07985";2023;"Industrie";0,0283278111330478;590;"capacite_remboursement";"autonomie_financiere";"tresorerie_actif";6;0,0261682242990654
"E07993";2023;"Industrie";0,0641496117822973;566;"capacite_remboursement";"autonomie_financiere";"tresorerie_actif";7;0,0622489959839357
"E07999";2023;"BTP";0,00265361950034821;658;"capacite_remboursement";"liquidite_generale";"secteur";1;0,00282752120640905
"E08006";2023;"Commerce";0,0406574542909857;578;"capacite_remboursement";"autonomie_financiere";"incidents_paiement";6;0,0261682242990654
"E08015";2023;"Commerce";0,227271566333566;524;"autonomie_financiere";"capacite_remboursement";"tresorerie_actif";8;0,157088122605364
"E08017";2023;"Services";0,00523859359370089;638;"capacite_remboursement";"tresorerie_actif";"autonomie_financiere";2;0,00561272217025257
"E08018";2023;"Industrie";0,00303781270087518;654;"capacite_remboursement";"autonomie_financiere";"liquidite_generale";1;0,00282752120640905
"E08025";2023;"Hôtellerie-restauration";0,0116591800304863;615;"capacite_remboursement";"autonomie_financiere";"liquidite_generale";4;0,0195503421309873
"E08027";2023;"Services";0,00946136698575408;622;"autonomie_financiere";"capacite_remboursement";"tresorerie_actif";3;0,0101195952161914
"E08030";2023;"Hôtellerie-restauration";0,181727151089367;530;"capacite_remboursement";"autonomie_financiere";"liquidite_generale";8;0,157088122605364
"E08031";2023;"Services";0,00476888432528806;642;"capacite_remboursement";"tresorerie_actif";"log_effectif";2;0,00561272217025257
"E08034";2023;"BTP";0,198713030728074;527;"autonomie_financiere";"capacite_remboursement";"tresorerie_actif";8;0,157088122605364
"E08036";2023;"Industrie";0,0117969296929479;616;"capacite_remboursement";"autonomie_financiere";"tresorerie_actif";4;0,0195503421309873
"E08046";2023;"Services";0,0019322744943948;668;"autonomie_financiere";"capacite_remboursement";"log_effectif";1;0,00282752120640905
"E08047";2023;"Commerce";0,0120992524516851;615;"capacite_remboursement";"log_effectif";"autonomie_financiere";4;0,0195503421309873
"E08053";2023;"Hôtellerie-restauration";0,0525758986691253;570;"liquidite_generale";"autonomie_financiere";"capacite_remboursement";7;0,0622489959839357
"E08066";2023;"Commerce";0,00552104616313051;637;"autonomie_financiere";"capacite_remboursement";"tresorerie_actif";2;0,00561272217025257
"E08072";2023;"Services";0,00325567264492564;653;"autonomie_financiere";"log_effectif";"tresorerie_actif";1;0,00282752120640905
"E08076";2023;"Industrie";0,0139132439669907;611;"capacite_remboursement";"autonomie_financiere";"tresorerie_actif";4;0,0195503421309873
"E08086";2023;"Hôtellerie-restauration";0,00335304525908493;651;"capacite_remboursement";"liquidite_generale";"tresorerie_actif";2;0,00561272217025257
"E08099";2023;"Hôtellerie-restauration";0,0819948277792871;556;"liquidite_generale";"capacite_remboursement";"autonomie_financiere";8;0,157088122605364
"E08102";2023;"Hôtellerie-restauration";0,00599008276145266;634;"capacite_remboursement";"autonomie_financiere";"tresorerie_actif";2;0,00561272217025257
"E08106";2023;"BTP";0,0107041868132189;617;"log_effectif";"autonomie_financiere";"liquidite_generale";4;0,0195503421309873
"E08113";2023;"Services";0,00236252315076946;662;"capacite_remboursement";"autonomie_financiere";"liquidite_generale";1;0,00282752120640905
"E08122";2023;"Commerce";0,0161265263257683;605;"capacite_remboursement";"tresorerie_actif";"incidents_paiement";4;0,0195503421309873
"E08123";2023;"Services";0,00865295728021174;624;"autonomie_financiere";"capacite_remboursement";"tresorerie_actif";3;0,0101195952161914
"E08128";2023;"Industrie";0,00784324507371247;627;"capacite_remboursement";"tresorerie_actif";"autonomie_financiere";3;0,0101195952161914
"E08135";2023;"Commerce";0,297137827184311;513;"autonomie_financiere";"capacite_remboursement";"liquidite_generale";8;0,157088122605364
"E08142";2023;"Services";0,00369492989200354;650;"capacite_remboursement";"autonomie_financiere";"tresorerie_actif";2;0,00561272217025257
"E08143";2023;"Services";0,0505445798550403;572;"capacite_remboursement";"autonomie_financiere";"log_effectif";7;0,0622489959839357
"E08146";2023;"BTP";0,110963026369958;548;"autonomie_financiere";"capacite_remboursement";"tresorerie_actif";8;0,157088122605364
"E08147";2023;"Services";0,213474445828618;526;"autonomie_financiere";"capacite_remboursement";"liquidite_generale";8;0,157088122605364
"E08151";2023;"Commerce";0,00549663986409476;638;"capacite_remboursement";"autonomie_financiere";"tresorerie_actif";2;0,00561272217025257
"E08152";2023;"Hôtellerie-restauration";0,034599517326211;583;"capacite_remboursement";"liquidite_generale";"autonomie_financiere";6;0,0261682242990654
"E08154";2023;"Services";0,000867033629968146;692;"tresorerie_actif";"log_effectif";"delai_clients_jours";1;0,00282752120640905
"E08160";2023;"Commerce";0,00660553617733886;633;"capacite_remboursement";"autonomie_financiere";"tresorerie_actif";2;0,00561272217025257
"E08163";2023;"BTP";0,0217497691843741;598;"capacite_remboursement";"autonomie_financiere";"tresorerie_actif";5;0,0206378986866792
"E08166";2023;"Services";0,078670861497767;557;"autonomie_financiere";"log_effectif";"capacite_remboursement";8;0,157088122605364
"E08169";2023;"Industrie";0,0341903143608734;584;"capacite_remboursement";"autonomie_financiere";"tresorerie_actif";6;0,0261682242990654
"E08175";2023;"Industrie";0,037270199742179;580;"capacite_remboursement";"liquidite_generale";"tresorerie_actif";6;0,0261682242990654
"E08179";2023;"BTP";0,0409647446604714;578;"liquidite_generale";"capacite_remboursement";"tresorerie_actif";6;0,0261682242990654
"E08186";2023;"Services";0,0106606244844774;619;"capacite_remboursement";"tresorerie_actif";"autonomie_financiere";3;0,0101195952161914
"E08187";2023;"Services";0,00801527809553955;627;"autonomie_financiere";"capacite_remboursement";"tresorerie_actif";3;0,0101195952161914
"E08191";2023;"Services";0,0044959623929831;644;"capacite_remboursement";"autonomie_financiere";"tresorerie_actif";2;0,00561272217025257
"E08196";2023;"Services";0,0482924780004696;575;"autonomie_financiere";"capacite_remboursement";"liquidite_generale";7;0,0622489959839357
"E08199";2023;"Transport";0,00568783968906884;636;"capacite_remboursement";"autonomie_financiere";"liquidite_generale";2;0,00561272217025257
"E08200";2023;"Commerce";0,0111344984635802;617;"capacite_remboursement";"autonomie_financiere";"liquidite_generale";4;0,0195503421309873
"E08203";2023;"Industrie";0,0235537919260861;596;"autonomie_financiere";"capacite_remboursement";"liquidite_generale";5;0,0206378986866792
"E08204";2023;"Industrie";0,0374012824148575;582;"capacite_remboursement";"tresorerie_actif";"autonomie_financiere";6;0,0261682242990654
"E08205";2023;"Services";0,0653841919207989;565;"autonomie_financiere";"capacite_remboursement";"tresorerie_actif";7;0,0622489959839357
"E08207";2023;"Commerce";0,0108996014354151;617;"log_effectif";"autonomie_financiere";"liquidite_generale";4;0,0195503421309873
"E08212";2023;"Industrie";0,0100656210840129;619;"capacite_remboursement";"incidents_paiement";"autonomie_financiere";3;0,0101195952161914
"E08215";2023;"BTP";0,065419175984802;565;"autonomie_financiere";"capacite_remboursement";"tresorerie_actif";7;0,0622489959839357
"E08225";2023;"Services";0,0212599313831155;599;"capacite_remboursement";"autonomie_financiere";"tresorerie_actif";5;0,0206378986866792
"E08226";2023;"Services";0,00411755607158538;646;"capacite_remboursement";"tresorerie_actif";"liquidite_generale";2;0,00561272217025257
"E08235";2023;"Hôtellerie-restauration";0,0137766006734837;611;"capacite_remboursement";"autonomie_financiere";"log_effectif";4;0,0195503421309873
"E08237";2023;"Commerce";0,0155856430863519;607;"capacite_remboursement";"autonomie_financiere";"log_effectif";4;0,0195503421309873
"E08246";2023;"Industrie";0,132598070372639;543;"autonomie_financiere";"capacite_remboursement";"liquidite_generale";8;0,157088122605364
"E08247";2023;"Hôtellerie-restauration";0,0367059019853043;582;"capacite_remboursement";"autonomie_financiere";"tresorerie_actif";6;0,0261682242990654
"E08253";2023;"Services";0,00669636459987483;631;"capacite_remboursement";"liquidite_generale";"autonomie_financiere";3;0,0101195952161914
"E08259";2023;"Commerce";0,0545426847598602;570;"capacite_remboursement";"autonomie_financiere";"tresorerie_actif";7;0,0622489959839357
"E08260";2023;"Commerce";0,0101914818109649;618;"capacite_remboursement";"incidents_paiement";"autonomie_financiere";3;0,0101195952161914
"E08261";2023;"Commerce";0,0439170365800425;575;"liquidite_generale";"capacite_remboursement";"autonomie_financiere";7;0,0622489959839357
"E08274";2023;"Commerce";0,0241414058329336;595;"capacite_remboursement";"autonomie_financiere";"tresorerie_actif";5;0,0206378986866792
"E08275";2023;"Commerce";0,0750114828541494;559;"capacite_remboursement";"autonomie_financiere";"tresorerie_actif";7;0,0622489959839357
"E08279";2023;"Services";0,0229522324290767;596;"capacite_remboursement";"autonomie_financiere";"tresorerie_actif";5;0,0206378986866792
"E08303";2023;"Commerce";0,00157427086386776;673;"autonomie_financiere";"liquidite_generale";"tresorerie_actif";1;0,00282752120640905
"E08306";2023;"Hôtellerie-restauration";0,102301529293806;549;"capacite_remboursement";"autonomie_financiere";"tresorerie_actif";8;0,157088122605364
"E08307";2023;"Industrie";0,041644883055213;577;"liquidite_generale";"log_effectif";"autonomie_financiere";6;0,0261682242990654
"E08333";2023;"Hôtellerie-restauration";0,0100149767903312;619;"autonomie_financiere";"capacite_remboursement";"tresorerie_actif";3;0,0101195952161914
"E08344";2023;"Services";0,00780963628145396;628;"autonomie_financiere";"capacite_remboursement";"log_effectif";3;0,0101195952161914
"E08351";2023;"Industrie";0,00774942298876859;628;"capacite_remboursement";"tresorerie_actif";"autonomie_financiere";3;0,0101195952161914
"E08353";2023;"Industrie";0,0104683293447717;618;"capacite_remboursement";"tresorerie_actif";"autonomie_financiere";3;0,0101195952161914
"E08355";2023;"Hôtellerie-restauration";0,0542361653588655;569;"capacite_remboursement";"autonomie_financiere";"liquidite_generale";7;0,0622489959839357
"E08359";2023;"Services";0,00514614317344495;639;"capacite_remboursement";"autonomie_financiere";"tresorerie_actif";2;0,00561272217025257
"E08368";2023;"Transport";0,000680554290517509;698;"autonomie_financiere";"log_effectif";"delai_clients_jours";1;0,00282752120640905
"E08371";2023;"Services";0,00263074079010965;659;"autonomie_financiere";"liquidite_generale";"log_effectif";1;0,00282752120640905
"E08383";2023;"Commerce";0,0196353577456713;600;"autonomie_financiere";"capacite_remboursement";"tresorerie_actif";5;0,0206378986866792
"E08385";2023;"Commerce";0,0258161131308857;592;"capacite_remboursement";"autonomie_financiere";"tresorerie_actif";5;0,0206378986866792
"E08388";2023;"Commerce";0,182534648635184;530;"capacite_remboursement";"liquidite_generale";"tresorerie_actif";8;0,157088122605364
"E08405";2023;"Commerce";0,0134671254317113;612;"capacite_remboursement";"autonomie_financiere";"tresorerie_actif";4;0,0195503421309873
"E08406";2023;"Services";0,00193598755500693;667;"capacite_remboursement";"autonomie_financiere";"tresorerie_actif";1;0,00282752120640905
"E08413";2023;"BTP";0,0843154636438923;556;"capacite_remboursement";"autonomie_financiere";"tresorerie_actif";8;0,157088122605364
"E08417";2023;"Services";0,0348850962188845;583;"liquidite_generale";"autonomie_financiere";"capacite_remboursement";6;0,0261682242990654
"E08419";2023;"Industrie";0,0152090406905342;608;"autonomie_financiere";"capacite_remboursement";"tresorerie_actif";4;0,0195503421309873
"E08420";2023;"Commerce";0,0121745061876785;614;"autonomie_financiere";"capacite_remboursement";"liquidite_generale";4;0,0195503421309873
"E08421";2023;"Services";0,0127551895987721;612;"log_effectif";"autonomie_financiere";"capacite_remboursement";4;0,0195503421309873
"E08433";2023;"BTP";0,0439835040122042;575;"capacite_remboursement";"autonomie_financiere";"tresorerie_actif";7;0,0622489959839357
"E08434";2023;"Industrie";0,00672054996470871;633;"capacite_remboursement";"liquidite_generale";"tresorerie_actif";2;0,00561272217025257
"E08440";2023;"Services";0,00256262770226815;660;"autonomie_financiere";"log_effectif";"tresorerie_actif";1;0,00282752120640905
"E08441";2023;"Industrie";0,0244961478736147;594;"capacite_remboursement";"autonomie_financiere";"tresorerie_actif";5;0,0206378986866792
"E08444";2023;"Services";0,000464317594019731;710;"log_effectif";"delai_clients_jours";NA;1;0,00282752120640905
"E08447";2023;"BTP";0,00779205019724043;627;"capacite_remboursement";"autonomie_financiere";"liquidite_generale";3;0,0101195952161914
"E08451";2023;"Industrie";0,00763542113624184;627;"autonomie_financiere";"capacite_remboursement";"liquidite_generale";3;0,0101195952161914
"E08468";2023;"Industrie";0,0846617019966251;555;"liquidite_generale";"log_effectif";"capacite_remboursement";8;0,157088122605364
"E08473";2023;"Industrie";0,0942014524650695;553;"capacite_remboursement";"autonomie_financiere";"liquidite_generale";8;0,157088122605364
"E08479";2023;"Industrie";0,0147243307638309;610;"capacite_remboursement";"autonomie_financiere";"tresorerie_actif";4;0,0195503421309873
"E08480";2023;"Services";0,0235451568731224;595;"capacite_remboursement";"tresorerie_actif";"autonomie_financiere";5;0,0206378986866792
"E08482";2023;"Commerce";0,0410169640596862;579;"capacite_remboursement";"autonomie_financiere";"tresorerie_actif";6;0,0261682242990654
"E08484";2023;"Transport";0,00985538624209964;620;"log_effectif";"capacite_remboursement";"autonomie_financiere";3;0,0101195952161914
"E08485";2023;"Industrie";0,00611982704020973;635;"capacite_remboursement";"tresorerie_actif";"autonomie_financiere";2;0,00561272217025257
"E08487";2023;"Hôtellerie-restauration";0,00519708650395791;638;"capacite_remboursement";"tresorerie_actif";"autonomie_financiere";2;0,00561272217025257
"E08489";2023;"Commerce";0,0478154337555891;573;"capacite_remboursement";"autonomie_financiere";"tresorerie_actif";7;0,0622489959839357
"E08493";2023;"Commerce";0,036440011544426;581;"capacite_remboursement";"liquidite_generale";"autonomie_financiere";6;0,0261682242990654
"E08499";2023;"BTP";0,0797623279499031;558;"capacite_remboursement";"liquidite_generale";"autonomie_financiere";7;0,0622489959839357
"E08505";2023;"Services";0,0263844143511721;591;"autonomie_financiere";"capacite_remboursement";"tresorerie_actif";6;0,0261682242990654
"E08509";2023;"Industrie";0,0786704479484244;559;"capacite_remboursement";"liquidite_generale";"tresorerie_actif";7;0,0622489959839357
"E08510";2023;"Services";0,0279255362594492;590;"liquidite_generale";"capacite_remboursement";"autonomie_financiere";6;0,0261682242990654
"E08512";2023;"BTP";0,0120621643247068;614;"capacite_remboursement";"log_effectif";"autonomie_financiere";4;0,0195503421309873
"E08515";2023;"BTP";0,00915052138154322;622;"capacite_remboursement";"autonomie_financiere";"incidents_paiement";3;0,0101195952161914
"E08520";2023;"BTP";0,0208013158022098;598;"capacite_remboursement";"autonomie_financiere";"tresorerie_actif";5;0,0206378986866792
"E08524";2023;"Industrie";0,000727424728887406;696;"capacite_remboursement";"delai_clients_jours";"log_effectif";1;0,00282752120640905
"E08526";2023;"Industrie";0,0195109266085538;601;"autonomie_financiere";"capacite_remboursement";"tresorerie_actif";5;0,0206378986866792
"E08527";2023;"Industrie";0,0641496117822973;566;"capacite_remboursement";"autonomie_financiere";"tresorerie_actif";7;0,0622489959839357
"E08530";2023;"Services";0,0338271136396266;585;"capacite_remboursement";"tresorerie_actif";"liquidite_generale";6;0,0261682242990654
"E08532";2023;"Services";0,00411512421117716;646;"capacite_remboursement";"autonomie_financiere";"log_effectif";2;0,00561272217025257
"E08537";2023;"Services";0,00760738255209907;628;"capacite_remboursement";"autonomie_financiere";"liquidite_generale";3;0,0101195952161914
"E08539";2023;"BTP";0,140545065344095;541;"autonomie_financiere";"capacite_remboursement";"liquidite_generale";8;0,157088122605364
"E08547";2023;"BTP";0,00504909002800103;640;"capacite_remboursement";"autonomie_financiere";"tresorerie_actif";2;0,00561272217025257
"E08548";2023;"Commerce";0,00515461346735365;639;"capacite_remboursement";"autonomie_financiere";"tresorerie_actif";2;0,00561272217025257
"E08551";2023;"Commerce";0,0348945116481347;583;"capacite_remboursement";"autonomie_financiere";"tresorerie_actif";6;0,0261682242990654
"E08552";2023;"BTP";0,0335601626436154;583;"liquidite_generale";"autonomie_financiere";"tresorerie_actif";6;0,0261682242990654
"E08557";2023;"Industrie";0,00548428168542139;637;"capacite_remboursement";"tresorerie_actif";"autonomie_financiere";2;0,00561272217025257
"E08567";2023;"Hôtellerie-restauration";0,00325777892524133;651;"capacite_remboursement";"tresorerie_actif";"autonomie_financiere";2;0,00561272217025257
"E08579";2023;"BTP";0,00132008060877562;678;"autonomie_financiere";"tresorerie_actif";"secteur";1;0,00282752120640905
"E08584";2023;"Services";0,0085701094106232;625;"capacite_remboursement";"autonomie_financiere";"tresorerie_actif";3;0,0101195952161914
"E08585";2023;"Commerce";0,00607280025766546;635;"autonomie_financiere";"capacite_remboursement";"tresorerie_actif";2;0,00561272217025257
"E08592";2023;"BTP";0,0594997726027385;566;"capacite_remboursement";"autonomie_financiere";"tresorerie_actif";7;0,0622489959839357
"E08596";2023;"Transport";0,00437141508451323;644;"capacite_remboursement";"autonomie_financiere";"tresorerie_actif";2;0,00561272217025257
"E08600";2023;"Commerce";0,0583844959269707;567;"capacite_remboursement";"liquidite_generale";"tresorerie_actif";7;0,0622489959839357
"E08603";2023;"BTP";0,0248535159546652;594;"capacite_remboursement";"autonomie_financiere";"tresorerie_actif";5;0,0206378986866792
"E08616";2023;"Commerce";0,0618107637022106;565;"capacite_remboursement";"autonomie_financiere";"tresorerie_actif";7;0,0622489959839357
"E08619";2023;"BTP";0,0571980062847914;568;"capacite_remboursement";"tresorerie_actif";"log_effectif";7;0,0622489959839357
"E08627";2023;"Services";0,00704833736887614;631;"capacite_remboursement";"tresorerie_actif";"autonomie_financiere";3;0,0101195952161914
"E08633";2023;"BTP";0,00763931957435659;627;"autonomie_financiere";"capacite_remboursement";"tresorerie_actif";3;0,0101195952161914
"E08638";2023;"BTP";0,00729681404185422;628;"capacite_remboursement";"autonomie_financiere";"tresorerie_actif";3;0,0101195952161914
"E08639";2023;"Commerce";0,0949739370222528;551;"capacite_remboursement";"autonomie_financiere";"tresorerie_actif";8;0,157088122605364
"E08642";2023;"Commerce";0,00962722113034683;622;"capacite_remboursement";"tresorerie_actif";"log_effectif";3;0,0101195952161914
"E08649";2023;"Industrie";0,0338775422394003;585;"capacite_remboursement";"tresorerie_actif";"autonomie_financiere";6;0,0261682242990654
"E08650";2023;"Commerce";0,0197187199041422;600;"capacite_remboursement";"autonomie_financiere";"liquidite_generale";5;0,0206378986866792
"E08653";2023;"Services";0,0292182076549101;589;"capacite_remboursement";"autonomie_financiere";"liquidite_generale";6;0,0261682242990654
"E08661";2023;"Hôtellerie-restauration";0,0517135940936878;571;"capacite_remboursement";"autonomie_financiere";"tresorerie_actif";7;0,0622489959839357
"E08667";2023;"Hôtellerie-restauration";0,0158715318254002;605;"log_effectif";"capacite_remboursement";"autonomie_financiere";4;0,0195503421309873
"E08677";2023;"Services";0,0731099271180137;561;"capacite_remboursement";"liquidite_generale";"autonomie_financiere";7;0,0622489959839357
"E08682";2023;"Industrie";0,000887061308803674;690;"autonomie_financiere";"tresorerie_actif";"delai_clients_jours";1;0,00282752120640905
"E08684";2023;"Services";0,0721934883184332;561;"capacite_remboursement";"liquidite_generale";"autonomie_financiere";7;0,0622489959839357
"E08689";2023;"Services";0,00118167581538713;683;"autonomie_financiere";"tresorerie_actif";"log_effectif";1;0,00282752120640905
"E08690";2023;"Hôtellerie-restauration";0,0145371696929774;609;"capacite_remboursement";"autonomie_financiere";"log_effectif";4;0,0195503421309873
"E08691";2023;"Services";0,00261801594106331;659;"autonomie_financiere";"liquidite_generale";"tresorerie_actif";1;0,00282752120640905
"E08700";2023;"Services";0,00592282779848676;635;"capacite_remboursement";"tresorerie_actif";"autonomie_financiere";2;0,00561272217025257
"E08704";2023;"Services";0,00560517906151147;637;"capacite_remboursement";"autonomie_financiere";"liquidite_generale";2;0,00561272217025257
"E08705";2023;"Industrie";0,0559512361312728;569;"capacite_remboursement";"autonomie_financiere";"tresorerie_actif";7;0,0622489959839357
"E08707";2023;"BTP";0,0199889147987448;599;"capacite_remboursement";"autonomie_financiere";"log_effectif";5;0,0206378986866792
"E08713";2023;"Services";0,0347778411994796;584;"liquidite_generale";"capacite_remboursement";"autonomie_financiere";6;0,0261682242990654
"E08724";2023;"Industrie";0,0656366325515036;564;"capacite_remboursement";"liquidite_generale";"autonomie_financiere";7;0,0622489959839357
"E08725";2023;"BTP";0,0070942622011974;629;"capacite_remboursement";"tresorerie_actif";"autonomie_financiere";3;0,0101195952161914
"E08728";2023;"Hôtellerie-restauration";0,0171384195944441;604;"capacite_remboursement";"autonomie_financiere";"log_effectif";5;0,0206378986866792
"E08731";2023;"Commerce";0,01136482307215;616;"autonomie_financiere";"capacite_remboursement";"liquidite_generale";4;0,0195503421309873
"E08735";2023;"Commerce";0,182197499228237;531;"autonomie_financiere";"capacite_remboursement";"tresorerie_actif";8;0,157088122605364
"E08748";2023;"Industrie";0,0141167702726465;611;"capacite_remboursement";"autonomie_financiere";"tresorerie_actif";4;0,0195503421309873
"E08756";2023;"Industrie";0,0139750155490086;609;"autonomie_financiere";"capacite_remboursement";"tresorerie_actif";4;0,0195503421309873
"E08767";2023;"Services";0,00160836559701955;674;"capacite_remboursement";"tresorerie_actif";"log_effectif";1;0,00282752120640905
"E08771";2023;"Industrie";0,217579944645176;524;"autonomie_financiere";"liquidite_generale";"capacite_remboursement";8;0,157088122605364
"E08774";2023;"BTP";0,0054643849443194;637;"autonomie_financiere";"tresorerie_actif";"log_effectif";2;0,00561272217025257
"E08775";2023;"Services";0,258165782541698;518;"autonomie_financiere";"capacite_remboursement";"liquidite_generale";8;0,157088122605364
"E08786";2023;"Services";0,036358917966242;583;"capacite_remboursement";"tresorerie_actif";"autonomie_financiere";6;0,0261682242990654
"E08787";2023;"Commerce";0,0148200421346473;609;"autonomie_financiere";"capacite_remboursement";"tresorerie_actif";4;0,0195503421309873
"E08790";2023;"Industrie";0,0414421936604681;578;"capacite_remboursement";"autonomie_financiere";"liquidite_generale";6;0,0261682242990654
"E08798";2023;"Transport";0,00893007068792575;623;"capacite_remboursement";"autonomie_financiere";"tresorerie_actif";3;0,0101195952161914
"E08803";2023;"Commerce";0,0136413325628505;611;"capacite_remboursement";"autonomie_financiere";"liquidite_generale";4;0,0195503421309873
"E08813";2023;"Transport";0,0198508635021485;601;"capacite_remboursement";"autonomie_financiere";"tresorerie_actif";5;0,0206378986866792
"E08814";2023;"Industrie";0,319987760481061;508;"capacite_remboursement";"liquidite_generale";"autonomie_financiere";8;0,157088122605364
"E08821";2023;"Commerce";0,0881878105467871;555;"capacite_remboursement";"autonomie_financiere";"log_effectif";8;0,157088122605364
"E08828";2023;"Commerce";0,0956294344193511;552;"capacite_remboursement";"autonomie_financiere";"log_effectif";8;0,157088122605364
"E08836";2023;"Services";0,00246498587596671;661;"autonomie_financiere";"tresorerie_actif";"liquidite_generale";1;0,00282752120640905
"E08839";2023;"Commerce";0,0054123964005698;638;"autonomie_financiere";"capacite_remboursement";"tresorerie_actif";2;0,00561272217025257
"E08841";2023;"Services";0,00432729927853895;645;"capacite_remboursement";"autonomie_financiere";"tresorerie_actif";2;0,00561272217025257
"E08845";2023;"BTP";0,148988871158655;537;"autonomie_financiere";"capacite_remboursement";"tresorerie_actif";8;0,157088122605364
"E08850";2023;"Hôtellerie-restauration";0,0502396871630073;570;"capacite_remboursement";"liquidite_generale";"tresorerie_actif";7;0,0622489959839357
"E08856";2023;"Hôtellerie-restauration";0,0114524658364449;616;"capacite_remboursement";"autonomie_financiere";"log_effectif";4;0,0195503421309873
"E08872";2023;"Hôtellerie-restauration";0,150882967024278;537;"capacite_remboursement";"autonomie_financiere";"liquidite_generale";8;0,157088122605364
"E08875";2023;"Services";0,027898885976308;591;"capacite_remboursement";"autonomie_financiere";"tresorerie_actif";6;0,0261682242990654
"E08879";2023;"Industrie";0,0202556286834873;600;"capacite_remboursement";"autonomie_financiere";"tresorerie_actif";5;0,0206378986866792
"E08882";2023;"Services";0,00296703526879253;655;"log_effectif";"incidents_paiement";"autonomie_financiere";1;0,00282752120640905
"E08885";2023;"Commerce";0,00478123585952491;641;"autonomie_financiere";"capacite_remboursement";"log_effectif";2;0,00561272217025257
"E08895";2023;"Hôtellerie-restauration";0,00323446647074967;651;"capacite_remboursement";"autonomie_financiere";"liquidite_generale";2;0,00561272217025257
"E08899";2023;"Services";0,0282608963136631;590;"autonomie_financiere";"capacite_remboursement";"tresorerie_actif";6;0,0261682242990654
"E08903";2023;"Services";0,0146167812832903;609;"autonomie_financiere";"liquidite_generale";"capacite_remboursement";4;0,0195503421309873
"E08915";2023;"Services";0,12946794543616;544;"autonomie_financiere";"capacite_remboursement";"tresorerie_actif";8;0,157088122605364
"E08922";2023;"Commerce";0,00431235609105919;644;"autonomie_financiere";"liquidite_generale";"tresorerie_actif";2;0,00561272217025257
"E08923";2023;"Commerce";0,00992957573030413;621;"autonomie_financiere";"capacite_remboursement";"tresorerie_actif";3;0,0101195952161914
"E08926";2023;"Commerce";0,124570554712116;543;"liquidite_generale";"capacite_remboursement";"autonomie_financiere";8;0,157088122605364
"E08936";2023;"Commerce";0,0315261324433891;587;"capacite_remboursement";"autonomie_financiere";"liquidite_generale";6;0,0261682242990654
"E08942";2023;"Services";0,00358914767290521;650;"autonomie_financiere";"capacite_remboursement";"log_effectif";2;0,00561272217025257
"E08944";2023;"Industrie";0,111473193331319;547;"liquidite_generale";"capacite_remboursement";"autonomie_financiere";8;0,157088122605364
"E08950";2023;"BTP";0,0725060646363803;560;"capacite_remboursement";"autonomie_financiere";"log_effectif";7;0,0622489959839357
"E08957";2023;"Commerce";0,00355517451498198;650;"autonomie_financiere";"liquidite_generale";"log_effectif";2;0,00561272217025257
"E08958";2023;"Services";0,08222748657205;557;"liquidite_generale";"capacite_remboursement";"autonomie_financiere";8;0,157088122605364
"E08963";2023;"Industrie";0,0403087537457971;580;"capacite_remboursement";"autonomie_financiere";"tresorerie_actif";6;0,0261682242990654
"E08965";2023;"Commerce";0,0134668844517861;611;"capacite_remboursement";"autonomie_financiere";"liquidite_generale";4;0,0195503421309873
"E08969";2023;"Hôtellerie-restauration";0,0039662061925966;647;"autonomie_financiere";"capacite_remboursement";"tresorerie_actif";2;0,00561272217025257
"E08973";2023;"Transport";0,0373971644386731;580;"capacite_remboursement";"autonomie_financiere";"incidents_paiement";6;0,0261682242990654
"E08974";2023;"Services";0,00543453883246356;638;"autonomie_financiere";"capacite_remboursement";"log_effectif";2;0,00561272217025257
"E08976";2023;"Hôtellerie-restauration";0,00669022478047102;631;"autonomie_financiere";"log_effectif";"tresorerie_actif";3;0,0101195952161914
"E08979";2023;"Commerce";0,0125898768782802;613;"capacite_remboursement";"autonomie_financiere";"log_effectif";4;0,0195503421309873
"E08986";2023;"Industrie";0,02135134694217;598;"capacite_remboursement";"autonomie_financiere";"liquidite_generale";5;0,0206378986866792
"E08988";2023;"Services";0,00240115405306209;662;"autonomie_financiere";"tresorerie_actif";"log_effectif";1;0,00282752120640905
"E08992";2023;"Commerce";0,22183554528819;523;"capacite_remboursement";"liquidite_generale";"tresorerie_actif";8;0,157088122605364
"E08996";2023;"Industrie";0,040574464270037;579;"capacite_remboursement";"autonomie_financiere";"incidents_paiement";6;0,0261682242990654
"E08997";2023;"Services";0,00832160675226533;625;"tresorerie_actif";"autonomie_financiere";"capacite_remboursement";3;0,0101195952161914
"E09000";2023;"Commerce";0,0242043025961155;594;"capacite_remboursement";"tresorerie_actif";"autonomie_financiere";5;0,0206378986866792
"E09014";2023;"Hôtellerie-restauration";0,0357774328887589;582;"liquidite_generale";"autonomie_financiere";"capacite_remboursement";6;0,0261682242990654
"E09019";2023;"Services";0,00760615525230911;628;"autonomie_financiere";"tresorerie_actif";"capacite_remboursement";3;0,0101195952161914
"E09024";2023;"Hôtellerie-restauration";0,00812009089347222;626;"capacite_remboursement";"autonomie_financiere";"tresorerie_actif";3;0,0101195952161914
"E09036";2023;"Services";0,164032376605468;534;"capacite_remboursement";"liquidite_generale";"autonomie_financiere";8;0,157088122605364
"E09042";2023;"Commerce";0,0371894188544496;581;"capacite_remboursement";"log_effectif";"autonomie_financiere";6;0,0261682242990654
"E09056";2023;"Hôtellerie-restauration";0,019245741535751;600;"capacite_remboursement";"log_effectif";"tresorerie_actif";5;0,0206378986866792
"E09057";2023;"Services";0,0103023474235563;619;"capacite_remboursement";"autonomie_financiere";"liquidite_generale";3;0,0101195952161914
"E09072";2023;"Industrie";0,0164600751215373;606;"capacite_remboursement";"autonomie_financiere";"tresorerie_actif";4;0,0195503421309873
"E09077";2023;"Hôtellerie-restauration";0,0778592414691048;558;"capacite_remboursement";"tresorerie_actif";"autonomie_financiere";7;0,0622489959839357
"E09092";2023;"Services";0,0138255871439163;610;"autonomie_financiere";"capacite_remboursement";"tresorerie_actif";4;0,0195503421309873
"E09123";2023;"Services";0,00901209970235352;622;"log_effectif";"capacite_remboursement";"autonomie_financiere";3;0,0101195952161914
"E09130";2023;"Commerce";0,0936676645865567;553;"capacite_remboursement";"autonomie_financiere";"tresorerie_actif";8;0,157088122605364
"E09131";2023;"Transport";0,0678803507562498;563;"capacite_remboursement";"autonomie_financiere";"log_effectif";7;0,0622489959839357
"E09135";2023;"Commerce";0,00157662815890417;673;"autonomie_financiere";"tresorerie_actif";"log_effectif";1;0,00282752120640905
"E09152";2023;"Hôtellerie-restauration";0,0186856053062198;602;"capacite_remboursement";"tresorerie_actif";"autonomie_financiere";5;0,0206378986866792
"E09155";2023;"Hôtellerie-restauration";0,0101789804220239;619;"capacite_remboursement";"autonomie_financiere";"tresorerie_actif";3;0,0101195952161914
"E09159";2023;"Services";0,00970380581586788;622;"capacite_remboursement";"autonomie_financiere";"log_effectif";3;0,0101195952161914
"E09162";2023;"BTP";0,116520793014726;545;"capacite_remboursement";"autonomie_financiere";"tresorerie_actif";8;0,157088122605364
"E09163";2023;"Services";0,00593671505102743;636;"autonomie_financiere";"capacite_remboursement";"tresorerie_actif";2;0,00561272217025257
"E09168";2023;"Commerce";0,138169955934727;539;"capacite_remboursement";"liquidite_generale";"autonomie_financiere";8;0,157088122605364
"E09180";2023;"Services";0,340603957005854;507;"autonomie_financiere";"capacite_remboursement";"liquidite_generale";8;0,157088122605364
"E09181";2023;"BTP";0,0198545829008096;599;"autonomie_financiere";"capacite_remboursement";"liquidite_generale";5;0,0206378986866792
"E09183";2023;"Hôtellerie-restauration";0,0338127579049251;584;"liquidite_generale";"capacite_remboursement";"autonomie_financiere";6;0,0261682242990654
"E09193";2023;"BTP";0,0222931115764076;596;"capacite_remboursement";"autonomie_financiere";"tresorerie_actif";5;0,0206378986866792
"E09197";2023;"BTP";0,289920050650671;512;"capacite_remboursement";"liquidite_generale";"autonomie_financiere";8;0,157088122605364
"E09198";2023;"Services";0,0133159844380338;612;"capacite_remboursement";"autonomie_financiere";"tresorerie_actif";4;0,0195503421309873
"E09213";2023;"Industrie";0,0188137759791695;602;"capacite_remboursement";"autonomie_financiere";"liquidite_generale";5;0,0206378986866792
"E09227";2023;"Hôtellerie-restauration";0,029121492634647;588;"capacite_remboursement";"liquidite_generale";"autonomie_financiere";6;0,0261682242990654
"E09228";2023;"Commerce";0,0113390264327046;616;"capacite_remboursement";"tresorerie_actif";"autonomie_financiere";4;0,0195503421309873
"E09245";2023;"Services";0,035405903836055;584;"capacite_remboursement";"tresorerie_actif";"liquidite_generale";6;0,0261682242990654
"E09249";2023;"BTP";0,000316113953234774;720;"secteur";"delai_clients_jours";NA;1;0,00282752120640905
"E09255";2023;"Industrie";0,094045222245554;554;"autonomie_financiere";"capacite_remboursement";"tresorerie_actif";8;0,157088122605364
"E09257";2023;"Hôtellerie-restauration";0,0742871147805706;560;"capacite_remboursement";"liquidite_generale";"autonomie_financiere";7;0,0622489959839357
"E09258";2023;"Commerce";0,0123025018499795;614;"capacite_remboursement";"tresorerie_actif";"autonomie_financiere";4;0,0195503421309873
"E09261";2023;"Industrie";0,0526747186878331;570;"capacite_remboursement";"liquidite_generale";"autonomie_financiere";7;0,0622489959839357
"E09264";2023;"Commerce";0,000350535577725574;717;"secteur";"liquidite_generale";NA;1;0,00282752120640905
"E09272";2023;"BTP";0,0561004427117116;569;"capacite_remboursement";"autonomie_financiere";"tresorerie_actif";7;0,0622489959839357
"E09275";2023;"Services";0,00358895641709618;650;"capacite_remboursement";"autonomie_financiere";"tresorerie_actif";2;0,00561272217025257
"E09276";2023;"Commerce";0,297784276602472;513;"autonomie_financiere";"capacite_remboursement";"liquidite_generale";8;0,157088122605364
"E09277";2023;"Industrie";0,0121511936869098;614;"autonomie_financiere";"capacite_remboursement";"tresorerie_actif";4;0,0195503421309873
"E09278";2023;"BTP";0,00565965183840917;637;"capacite_remboursement";"autonomie_financiere";"tresorerie_actif";2;0,00561272217025257
"E09279";2023;"Industrie";0,0252255808428203;594;"capacite_remboursement";"autonomie_financiere";"tresorerie_actif";5;0,0206378986866792
"E09280";2023;"Commerce";0,179083066525755;531;"capacite_remboursement";"autonomie_financiere";"log_effectif";8;0,157088122605364
"E09287";2023;"Industrie";0,0105351623813373;619;"capacite_remboursement";"tresorerie_actif";"autonomie_financiere";3;0,0101195952161914
"E09291";2023;"Services";0,0624941770658346;565;"capacite_remboursement";"liquidite_generale";"autonomie_financiere";7;0,0622489959839357
"E09293";2023;"Hôtellerie-restauration";0,0342019373115301;584;"capacite_remboursement";"liquidite_generale";"tresorerie_actif";6;0,0261682242990654
"E09299";2023;"Commerce";0,00692887808700745;630;"capacite_remboursement";"autonomie_financiere";"liquidite_generale";3;0,0101195952161914
"E09300";2023;"Services";0,0823713427590346;558;"autonomie_financiere";"capacite_remboursement";"tresorerie_actif";7;0,0622489959839357
"E09310";2023;"BTP";0,145654268806409;539;"capacite_remboursement";"autonomie_financiere";"liquidite_generale";8;0,157088122605364
"E09313";2023;"BTP";0,0170482788680474;604;"capacite_remboursement";"autonomie_financiere";"liquidite_generale";5;0,0206378986866792
"E09322";2023;"Commerce";0,00779109628493319;628;"capacite_remboursement";"autonomie_financiere";"tresorerie_actif";3;0,0101195952161914
"E09323";2023;"Commerce";0,0889167704931973;554;"liquidite_generale";"capacite_remboursement";"autonomie_financiere";8;0,157088122605364
"E09324";2023;"Commerce";0,00174228066021856;671;"liquidite_generale";"tresorerie_actif";"log_effectif";1;0,00282752120640905
"E09327";2023;"Industrie";0,00572020030433828;636;"autonomie_financiere";"capacite_remboursement";"liquidite_generale";2;0,00561272217025257
"E09331";2023;"Commerce";0,0223902788905028;596;"capacite_remboursement";"log_effectif";"autonomie_financiere";5;0,0206378986866792
"E09336";2023;"Hôtellerie-restauration";0,00681567648538893;631;"capacite_remboursement";"tresorerie_actif";"liquidite_generale";3;0,0101195952161914
"E09338";2023;"Commerce";0,0370217078900936;582;"capacite_remboursement";"autonomie_financiere";"log_effectif";6;0,0261682242990654
"E09340";2023;"Services";0,0139680175043119;610;"autonomie_financiere";"capacite_remboursement";"liquidite_generale";4;0,0195503421309873
"E09349";2023;"Commerce";0,101499256740547;550;"capacite_remboursement";"liquidite_generale";"autonomie_financiere";8;0,157088122605364
"E09352";2023;"Commerce";0,0836789585694359;556;"autonomie_financiere";"capacite_remboursement";"tresorerie_actif";8;0,157088122605364
"E09359";2023;"Industrie";0,0631897256395185;565;"capacite_remboursement";"liquidite_generale";"autonomie_financiere";7;0,0622489959839357
"E09361";2023;"BTP";0,0122339144286662;614;"capacite_remboursement";"autonomie_financiere";"tresorerie_actif";4;0,0195503421309873
"E09362";2023;"Industrie";0,0338775422394003;585;"capacite_remboursement";"tresorerie_actif";"autonomie_financiere";6;0,0261682242990654
"E09367";2023;"Services";0,167576940143178;533;"capacite_remboursement";"liquidite_generale";"autonomie_financiere";8;0,157088122605364
"E09383";2023;"Commerce";0,00697318375143489;630;"capacite_remboursement";"autonomie_financiere";"liquidite_generale";3;0,0101195952161914
"E09384";2023;"Industrie";0,00469013494077642;643;"autonomie_financiere";"capacite_remboursement";"tresorerie_actif";2;0,00561272217025257
"E09390";2023;"Industrie";0,0202658311822216;600;"autonomie_financiere";"capacite_remboursement";"tresorerie_actif";5;0,0206378986866792
"E09393";2023;"Industrie";0,0137006658060244;611;"capacite_remboursement";"autonomie_financiere";"liquidite_generale";4;0,0195503421309873
"E09398";2023;"Industrie";0,00272385222757263;658;"autonomie_financiere";"tresorerie_actif";"liquidite_generale";1;0,00282752120640905
"E09400";2023;"Services";0,00919460607303511;623;"capacite_remboursement";"autonomie_financiere";"liquidite_generale";3;0,0101195952161914
"E09416";2023;"Industrie";0,0036906335661719;649;"capacite_remboursement";"autonomie_financiere";"tresorerie_actif";2;0,00561272217025257
"E09417";2023;"Commerce";0,0252465429286137;593;"capacite_remboursement";"autonomie_financiere";"liquidite_generale";5;0,0206378986866792
"E09423";2023;"Industrie";0,00130298729258192;679;"autonomie_financiere";"liquidite_generale";"log_effectif";1;0,00282752120640905
"E09433";2023;"Services";0,00520683521794268;640;"autonomie_financiere";"capacite_remboursement";"log_effectif";2;0,00561272217025257
"E09439";2023;"BTP";0,0231125721073726;595;"capacite_remboursement";"autonomie_financiere";"tresorerie_actif";5;0,0206378986866792
"E09441";2023;"Commerce";0,0058990314047576;635;"autonomie_financiere";"capacite_remboursement";"tresorerie_actif";2;0,00561272217025257
"E09443";2023;"Commerce";0,0157502456472045;606;"autonomie_financiere";"capacite_remboursement";"liquidite_generale";4;0,0195503421309873
"E09445";2023;"BTP";0,0353199700403603;582;"liquidite_generale";"capacite_remboursement";"tresorerie_actif";6;0,0261682242990654
"E09446";2023;"Hôtellerie-restauration";0,00152919632028724;674;"autonomie_financiere";"log_effectif";"tresorerie_actif";1;0,00282752120640905
"E09448";2023;"Services";0,00383561127249628;649;"capacite_remboursement";"log_effectif";"tresorerie_actif";2;0,00561272217025257
"E09460";2023;"Commerce";0,0366967616506182;582;"capacite_remboursement";"autonomie_financiere";"tresorerie_actif";6;0,0261682242990654
"E09466";2023;"Commerce";0,338901534100189;507;"autonomie_financiere";"capacite_remboursement";"liquidite_generale";8;0,157088122605364
"E09468";2023;"Commerce";0,0592001231628429;568;"autonomie_financiere";"capacite_remboursement";"tresorerie_actif";7;0,0622489959839357
"E09470";2023;"Hôtellerie-restauration";0,191653719008947;528;"capacite_remboursement";"liquidite_generale";"autonomie_financiere";8;0,157088122605364
"E09477";2023;"BTP";0,00134917839831064;678;"log_effectif";"tresorerie_actif";"secteur";1;0,00282752120640905
"E09479";2023;"Industrie";0,0727998258784455;561;"capacite_remboursement";"liquidite_generale";"autonomie_financiere";7;0,0622489959839357
"E09480";2023;"Industrie";0,00292769941043325;656;"autonomie_financiere";"liquidite_generale";"tresorerie_actif";1;0,00282752120640905
"E09482";2023;"Transport";0,00461875927867908;643;"autonomie_financiere";"liquidite_generale";"tresorerie_actif";2;0,00561272217025257
"E09483";2023;"BTP";0,0291410364436564;588;"capacite_remboursement";"autonomie_financiere";"tresorerie_actif";6;0,0261682242990654
"E09490";2023;"BTP";0,0705423819759252;562;"capacite_remboursement";"liquidite_generale";"autonomie_financiere";7;0,0622489959839357
"E09493";2023;"Hôtellerie-restauration";0,0175620192784929;602;"capacite_remboursement";"incidents_paiement";"liquidite_generale";5;0,0206378986866792
"E09500";2023;"Industrie";0,0119734628864062;615;"capacite_remboursement";"autonomie_financiere";"tresorerie_actif";4;0,0195503421309873
"E09505";2023;"Commerce";0,0134709373758974;610;"log_effectif";"capacite_remboursement";"autonomie_financiere";4;0,0195503421309873
"E09516";2023;"Transport";0,0447156639913259;576;"capacite_remboursement";"autonomie_financiere";"tresorerie_actif";7;0,0622489959839357
"E09518";2023;"Services";0,00341491810985148;651;"liquidite_generale";"capacite_remboursement";"tresorerie_actif";2;0,00561272217025257
"E09523";2023;"Hôtellerie-restauration";0,0294586682056897;588;"capacite_remboursement";"autonomie_financiere";"tresorerie_actif";6;0,0261682242990654
"E09527";2023;"Hôtellerie-restauration";0,0333956472164007;584;"capacite_remboursement";"autonomie_financiere";"tresorerie_actif";6;0,0261682242990654
"E09534";2023;"Industrie";0,0154157612592965;608;"autonomie_financiere";"capacite_remboursement";"liquidite_generale";4;0,0195503421309873
"E09538";2023;"BTP";0,0342484015017707;583;"capacite_remboursement";"autonomie_financiere";"incidents_paiement";6;0,0261682242990654
"E09541";2023;"Services";0,0547841823701685;570;"capacite_remboursement";"liquidite_generale";"autonomie_financiere";7;0,0622489959839357
"E09542";2023;"Services";0,00513906841888432;639;"capacite_remboursement";"autonomie_financiere";"liquidite_generale";2;0,00561272217025257
"E09543";2023;"Industrie";0,0114687707685659;617;"autonomie_financiere";"capacite_remboursement";"tresorerie_actif";4;0,0195503421309873
"E09544";2023;"BTP";0,0532402150338675;571;"capacite_remboursement";"autonomie_financiere";"tresorerie_actif";7;0,0622489959839357
"E09545";2023;"Commerce";0,0116005619228116;616;"autonomie_financiere";"capacite_remboursement";"tresorerie_actif";4;0,0195503421309873
"E09549";2023;"Commerce";0,00242368486766201;660;"capacite_remboursement";"liquidite_generale";"tresorerie_actif";1;0,00282752120640905
"E09556";2023;"BTP";0,0409703144075964;578;"capacite_remboursement";"liquidite_generale";"tresorerie_actif";6;0,0261682242990654
"E09573";2023;"BTP";0,00958359180471359;622;"capacite_remboursement";"tresorerie_actif";"log_effectif";3;0,0101195952161914
"E09577";2023;"Commerce";0,11070837833048;546;"capacite_remboursement";"liquidite_generale";"autonomie_financiere";8;0,157088122605364
"E09579";2023;"Commerce";0,104036429267924;550;"autonomie_financiere";"liquidite_generale";"capacite_remboursement";8;0,157088122605364
"E09589";2023;"BTP";0,00818707842056591;626;"capacite_remboursement";"liquidite_generale";"tresorerie_actif";3;0,0101195952161914
"E09595";2023;"Hôtellerie-restauration";0,0301039978832853;588;"capacite_remboursement";"tresorerie_actif";"autonomie_financiere";6;0,0261682242990654
"E09596";2023;"Hôtellerie-restauration";0,0123594458749214;613;"capacite_remboursement";"tresorerie_actif";"autonomie_financiere";4;0,0195503421309873
"E09599";2023;"Transport";0,0111406816738819;618;"capacite_remboursement";"autonomie_financiere";"tresorerie_actif";3;0,0101195952161914
"E09608";2023;"Services";0,00662289892005867;632;"capacite_remboursement";"autonomie_financiere";"liquidite_generale";2;0,00561272217025257
"E09610";2023;"Services";0,00297152403823003;656;"autonomie_financiere";"liquidite_generale";"tresorerie_actif";1;0,00282752120640905
"E09611";2023;"Industrie";0,016150001836375;606;"capacite_remboursement";"autonomie_financiere";"tresorerie_actif";4;0,0195503421309873
"E09618";2023;"Hôtellerie-restauration";0,0143218169483263;609;"capacite_remboursement";"autonomie_financiere";"tresorerie_actif";4;0,0195503421309873
"E09621";2023;"Services";0,0042214440588363;645;"capacite_remboursement";"log_effectif";"autonomie_financiere";2;0,00561272217025257
"E09628";2023;"BTP";0,390022582835051;500;"autonomie_financiere";"capacite_remboursement";"liquidite_generale";8;0,157088122605364
"E09639";2023;"Industrie";0,014067984313626;610;"capacite_remboursement";"autonomie_financiere";"tresorerie_actif";4;0,0195503421309873
"E09640";2023;"Industrie";0,0230630633373447;595;"capacite_remboursement";"autonomie_financiere";"tresorerie_actif";5;0,0206378986866792
"E09641";2023;"Hôtellerie-restauration";0,0078432841083796;626;"capacite_remboursement";"tresorerie_actif";"autonomie_financiere";3;0,0101195952161914
"E09643";2023;"Industrie";0,0212808591289733;598;"capacite_remboursement";"autonomie_financiere";"tresorerie_actif";5;0,0206378986866792
"E09661";2023;"Services";0,0777962227023599;558;"capacite_remboursement";"autonomie_financiere";"log_effectif";7;0,0622489959839357
"E09665";2023;"Industrie";0,23261188007983;523;"autonomie_financiere";"capacite_remboursement";"liquidite_generale";8;0,157088122605364
"E09676";2023;"Services";0,153113426740057;536;"capacite_remboursement";"liquidite_generale";"autonomie_financiere";8;0,157088122605364
"E09687";2023;"Services";0,0153453811776328;608;"capacite_remboursement";"tresorerie_actif";"autonomie_financiere";4;0,0195503421309873
"E09688";2023;"Services";0,0168175982911395;605;"capacite_remboursement";"autonomie_financiere";"tresorerie_actif";4;0,0195503421309873
"E09703";2023;"Commerce";0,0303688327766566;587;"liquidite_generale";"capacite_remboursement";"autonomie_financiere";6;0,0261682242990654
"E09705";2023;"Commerce";0,283907330141879;513;"capacite_remboursement";"liquidite_generale";"autonomie_financiere";8;0,157088122605364
"E09708";2023;"Services";0,00409954571062396;646;"autonomie_financiere";"capacite_remboursement";"liquidite_generale";2;0,00561272217025257
"E09710";2023;"BTP";0,0326506841684424;584;"capacite_remboursement";"liquidite_generale";"autonomie_financiere";6;0,0261682242990654
"E09712";2023;"BTP";0,0089794824284982;623;"capacite_remboursement";"autonomie_financiere";"tresorerie_actif";3;0,0101195952161914
"E09714";2023;"Commerce";0,0376337340289988;581;"capacite_remboursement";"autonomie_financiere";"liquidite_generale";6;0,0261682242990654
"E09720";2023;"BTP";0,0168887951253338;604;"autonomie_financiere";"capacite_remboursement";"tresorerie_actif";5;0,0206378986866792
"E09721";2023;"Hôtellerie-restauration";0,00462984835977508;642;"autonomie_financiere";"capacite_remboursement";"log_effectif";2;0,00561272217025257
"E09724";2023;"Commerce";0,234592101871825;521;"autonomie_financiere";"capacite_remboursement";"tresorerie_actif";8;0,157088122605364
"E09726";2023;"Industrie";0,0145243047155798;610;"autonomie_financiere";"capacite_remboursement";"tresorerie_actif";4;0,0195503421309873
"E09736";2023;"Industrie";0,0510543376121256;573;"capacite_remboursement";"liquidite_generale";"autonomie_financiere";7;0,0622489959839357
"E09740";2023;"Industrie";0,00101075410055518;687;"log_effectif";"tresorerie_actif";"liquidite_generale";1;0,00282752120640905
"E09741";2023;"BTP";0,0268607051308277;591;"capacite_remboursement";"autonomie_financiere";"tresorerie_actif";6;0,0261682242990654
"E09746";2023;"Transport";0,0234998009834033;595;"capacite_remboursement";"autonomie_financiere";"tresorerie_actif";5;0,0206378986866792
"E09749";2023;"Commerce";0,0114780197574799;615;"autonomie_financiere";"capacite_remboursement";"tresorerie_actif";4;0,0195503421309873
"E09765";2023;"Services";0,01233129321204;614;"autonomie_financiere";"capacite_remboursement";"tresorerie_actif";4;0,0195503421309873
"E09773";2023;"Commerce";0,0756692281089888;560;"autonomie_financiere";"capacite_remboursement";"tresorerie_actif";7;0,0622489959839357
"E09778";2023;"Commerce";0,0578610038410415;569;"capacite_remboursement";"autonomie_financiere";"liquidite_generale";7;0,0622489959839357
"E09784";2023;"BTP";0,00101261335746068;687;"tresorerie_actif";"log_effectif";"secteur";1;0,00282752120640905
"E09786";2023;"Transport";0,0566531676130594;569;"capacite_remboursement";"autonomie_financiere";"tresorerie_actif";7;0,0622489959839357
"E09788";2023;"BTP";0,015380286790823;607;"capacite_remboursement";"tresorerie_actif";"autonomie_financiere";4;0,0195503421309873
"E09790";2023;"Industrie";0,0464569991821036;575;"capacite_remboursement";"liquidite_generale";"autonomie_financiere";7;0,0622489959839357
"E09791";2023;"Industrie";0,0287501665150768;589;"capacite_remboursement";"log_effectif";"autonomie_financiere";6;0,0261682242990654
"E09797";2023;"Hôtellerie-restauration";0,00837393831019828;625;"capacite_remboursement";"autonomie_financiere";"tresorerie_actif";3;0,0101195952161914
"E09804";2023;"Industrie";0,00397118225576905;647;"liquidite_generale";"autonomie_financiere";"capacite_remboursement";2;0,00561272217025257
"E09813";2023;"Transport";0,00341187033228946;651;"capacite_remboursement";"autonomie_financiere";"log_effectif";2;0,00561272217025257
"E09818";2023;"BTP";0,0439400165047592;576;"capacite_remboursement";"liquidite_generale";"autonomie_financiere";7;0,0622489959839357
"E09821";2023;"BTP";0,159288102623041;536;"autonomie_financiere";"capacite_remboursement";"tresorerie_actif";8;0,157088122605364
"E09822";2023;"Hôtellerie-restauration";0,0132629544392397;611;"autonomie_financiere";"capacite_remboursement";"tresorerie_actif";4;0,0195503421309873
"E09826";2023;"Industrie";0,234170456202266;521;"capacite_remboursement";"liquidite_generale";"autonomie_financiere";8;0,157088122605364
"E09827";2023;"Commerce";0,10096684406721;551;"capacite_remboursement";"autonomie_financiere";"tresorerie_actif";8;0,157088122605364
"E09830";2023;"Industrie";0,000934671521279455;689;"capacite_remboursement";"delai_clients_jours";"log_effectif";1;0,00282752120640905
"E09842";2023;"Hôtellerie-restauration";0,00312897329813105;652;"capacite_remboursement";"autonomie_financiere";"liquidite_generale";2;0,00561272217025257
"E09848";2023;"Transport";0,0512588357159596;571;"capacite_remboursement";"log_effectif";"autonomie_financiere";7;0,0622489959839357
"E09853";2023;"Commerce";0,00245831770308416;660;"autonomie_financiere";"liquidite_generale";"log_effectif";1;0,00282752120640905
"E09866";2023;"Commerce";0,124820093567185;543;"capacite_remboursement";"autonomie_financiere";"log_effectif";8;0,157088122605364
"E09883";2023;"Services";0,0318861445179031;587;"capacite_remboursement";"autonomie_financiere";"liquidite_generale";6;0,0261682242990654
"E09884";2023;"BTP";0,0178696888330331;603;"capacite_remboursement";"liquidite_generale";"autonomie_financiere";5;0,0206378986866792
"E09885";2023;"Commerce";0,278195240797412;515;"autonomie_financiere";"capacite_remboursement";"liquidite_generale";8;0,157088122605364
"E09894";2023;"Hôtellerie-restauration";0,0271104368759491;590;"capacite_remboursement";"autonomie_financiere";"liquidite_generale";6;0,0261682242990654
"E09895";2023;"Commerce";0,0152557999939934;608;"capacite_remboursement";"tresorerie_actif";"autonomie_financiere";4;0,0195503421309873
"E09899";2023;"Commerce";0,104347685408509;549;"capacite_remboursement";"liquidite_generale";"autonomie_financiere";8;0,157088122605364
"E09908";2023;"BTP";0,013765081969314;609;"log_effectif";"capacite_remboursement";"autonomie_financiere";4;0,0195503421309873
"E09913";2023;"Transport";0,0341017692106798;584;"capacite_remboursement";"tresorerie_actif";"autonomie_financiere";6;0,0261682242990654
"E09918";2023;"Services";0,0258674126192729;592;"capacite_remboursement";"autonomie_financiere";"tresorerie_actif";5;0,0206378986866792
"E09924";2023;"Commerce";0,263588222323611;516;"capacite_remboursement";"autonomie_financiere";"liquidite_generale";8;0,157088122605364
"E09930";2023;"Services";0,0261073829697201;592;"liquidite_generale";"capacite_remboursement";"autonomie_financiere";5;0,0206378986866792
"E09933";2023;"Hôtellerie-restauration";0,00471060832625853;642;"capacite_remboursement";"tresorerie_actif";"autonomie_financiere";2;0,00561272217025257
"E09935";2023;"Hôtellerie-restauration";0,0563405670625105;568;"capacite_remboursement";"autonomie_financiere";"liquidite_generale";7;0,0622489959839357
"E09944";2023;"Industrie";0,0128661042756552;613;"capacite_remboursement";"tresorerie_actif";"autonomie_financiere";4;0,0195503421309873
"E09945";2023;"Industrie";0,0790616256619081;558;"capacite_remboursement";"liquidite_generale";"autonomie_financiere";7;0,0622489959839357
"E09952";2023;"Commerce";0,0386204063393462;580;"capacite_remboursement";"autonomie_financiere";"liquidite_generale";6;0,0261682242990654
"E09953";2023;"Industrie";0,0192853932606621;601;"capacite_remboursement";"autonomie_financiere";"incidents_paiement";5;0,0206378986866792
"E09957";2023;"BTP";0,00266036455700391;658;"log_effectif";"autonomie_financiere";"liquidite_generale";1;0,00282752120640905
"E09962";2023;"Hôtellerie-restauration";0,0218624662552864;596;"liquidite_generale";"capacite_remboursement";"autonomie_financiere";5;0,0206378986866792
"E09965";2023;"Commerce";0,042973327522272;577;"capacite_remboursement";"tresorerie_actif";"autonomie_financiere";6;0,0261682242990654
"E09968";2023;"Commerce";0,0128707026317621;612;"liquidite_generale";"autonomie_financiere";"log_effectif";4;0,0195503421309873
"E09980";2023;"Transport";0,0587740610924878;567;"capacite_remboursement";"liquidite_generale";"tresorerie_actif";7;0,0622489959839357
"E09982";2023;"Industrie";0,00725819456965342;630;"capacite_remboursement";"autonomie_financiere";"tresorerie_actif";3;0,0101195952161914
"E09984";2023;"Commerce";0,0344567659481085;583;"capacite_remboursement";"tresorerie_actif";"autonomie_financiere";6;0,0261682242990654
"E09985";2023;"BTP";0,0142933429387472;609;"capacite_remboursement";"autonomie_financiere";"tresorerie_actif";4;0,0195503421309873
"E09993";2023;"Transport";0,0186778256098068;602;"autonomie_financiere";"capacite_remboursement";"tresorerie_actif";5;0,0206378986866792
"E09998";2023;"Commerce";0,0268423037212384;592;"capacite_remboursement";"autonomie_financiere";"tresorerie_actif";5;0,0206378986866792
"E09999";2023;"Industrie";0,0131294560983689;612;"capacite_remboursement";"tresorerie_actif";"autonomie_financiere";4;0,0195503421309873
"E10000";2023;"Services";0,0124359268576275;614;"capacite_remboursement";"autonomie_financiere";"tresorerie_actif";4;0,0195503421309873
"E10009";2023;"Commerce";0,213149777446629;525;"autonomie_financiere";"capacite_remboursement";"log_effectif";8;0,157088122605364
"E10012";2023;"BTP";0,00903942578047714;623;"capacite_remboursement";"autonomie_financiere";"tresorerie_actif";3;0,0101195952161914
"E10021";2023;"Services";0,29409204733146;513;"autonomie_financiere";"capacite_remboursement";"liquidite_generale";8;0,157088122605364
"E10022";2023;"Hôtellerie-restauration";0,023392374849592;595;"capacite_remboursement";"autonomie_financiere";"liquidite_generale";5;0,0206378986866792
"E10024";2023;"Services";0,0170180927684661;605;"autonomie_financiere";"capacite_remboursement";"tresorerie_actif";4;0,0195503421309873
"E10025";2023;"Services";0,0163263008533057;605;"capacite_remboursement";"autonomie_financiere";"tresorerie_actif";4;0,0195503421309873
"E10027";2023;"Industrie";0,00341537142583399;652;"autonomie_financiere";"tresorerie_actif";"log_effectif";2;0,00561272217025257
"E10034";2023;"Industrie";0,100572311453101;550;"liquidite_generale";"autonomie_financiere";"log_effectif";8;0,157088122605364
"E10038";2023;"BTP";0,0352631037328315;582;"capacite_remboursement";"autonomie_financiere";"tresorerie_actif";6;0,0261682242990654
"E10046";2023;"Commerce";0,0459006164632837;574;"capacite_remboursement";"liquidite_generale";"autonomie_financiere";7;0,0622489959839357
"E10050";2023;"Commerce";0,00158955282847688;673;"autonomie_financiere";"tresorerie_actif";"secteur";1;0,00282752120640905
"E10064";2023;"BTP";0,132369415576129;541;"capacite_remboursement";"autonomie_financiere";"tresorerie_actif";8;0,157088122605364
"E10066";2023;"Commerce";0,0178181323151291;602;"autonomie_financiere";"log_effectif";"capacite_remboursement";5;0,0206378986866792
"E10075";2023;"Services";0,0292701384390583;588;"liquidite_generale";"capacite_remboursement";"autonomie_financiere";6;0,0261682242990654
"E10077";2023;"Commerce";0,0227287511468393;596;"capacite_remboursement";"log_effectif";"autonomie_financiere";5;0,0206378986866792
"E10085";2023;"Hôtellerie-restauration";0,0069446310181821;630;"autonomie_financiere";"incidents_paiement";"tresorerie_actif";3;0,0101195952161914
"E10086";2023;"Transport";0,0332688421863074;585;"capacite_remboursement";"autonomie_financiere";"liquidite_generale";6;0,0261682242990654
"E10087";2023;"Commerce";0,0478141354167012;574;"capacite_remboursement";"autonomie_financiere";"tresorerie_actif";7;0,0622489959839357
"E10109";2023;"Services";0,000660018515307778;700;"tresorerie_actif";"log_effectif";"delai_clients_jours";1;0,00282752120640905
"E10112";2023;"BTP";0,124236349590811;544;"capacite_remboursement";"autonomie_financiere";"tresorerie_actif";8;0,157088122605364
"E10121";2023;"Transport";0,0215916164647488;597;"capacite_remboursement";"autonomie_financiere";"incidents_paiement";5;0,0206378986866792
"E10126";2023;"Services";0,00206607773529261;667;"capacite_remboursement";"tresorerie_actif";"log_effectif";1;0,00282752120640905
"E10130";2023;"Industrie";0,0188919688692675;602;"capacite_remboursement";"autonomie_financiere";"tresorerie_actif";5;0,0206378986866792
"E10132";2023;"Services";0,0190942621973121;601;"autonomie_financiere";"liquidite_generale";"capacite_remboursement";5;0,0206378986866792
"E10133";2023;"Services";0,0153897126469807;608;"capacite_remboursement";"tresorerie_actif";"autonomie_financiere";4;0,0195503421309873
"E10134";2023;"Services";0,000623692841210237;701;"liquidite_generale";"log_effectif";"delai_clients_jours";1;0,00282752120640905
"E10140";2023;"Services";0,00308457100707683;654;"autonomie_financiere";"capacite_remboursement";"tresorerie_actif";1;0,00282752120640905
"E10144";2023;"Hôtellerie-restauration";0,00224952070748246;663;"capacite_remboursement";"autonomie_financiere";"log_effectif";1;0,00282752120640905
"E10152";2023;"Commerce";0,0164752298351933;606;"capacite_remboursement";"autonomie_financiere";"liquidite_generale";4;0,0195503421309873
"E10153";2023;"Commerce";0,00926946210246551;622;"capacite_remboursement";"autonomie_financiere";"tresorerie_actif";3;0,0101195952161914
"E10154";2023;"Services";0,00285552513238029;656;"autonomie_financiere";"capacite_remboursement";"tresorerie_actif";1;0,00282752120640905
"E10155";2023;"Services";0,0104882312756449;619;"autonomie_financiere";"capacite_remboursement";"liquidite_generale";3;0,0101195952161914
"E10158";2023;"BTP";0,00277559116521571;657;"tresorerie_actif";"log_effectif";"autonomie_financiere";1;0,00282752120640905
"E10161";2023;"Commerce";0,00420354534586858;644;"incidents_paiement";"autonomie_financiere";"log_effectif";2;0,00561272217025257
"E10162";2023;"Services";0,0277075283057328;591;"capacite_remboursement";"autonomie_financiere";"tresorerie_actif";6;0,0261682242990654
"E10170";2023;"BTP";0,337662067904751;506;"autonomie_financiere";"capacite_remboursement";"liquidite_generale";8;0,157088122605364
"E10172";2023;"Hôtellerie-restauration";0,000950114287968741;688;"autonomie_financiere";"tresorerie_actif";"delai_clients_jours";1;0,00282752120640905
"E10183";2023;"Services";0,0286454032606795;589;"liquidite_generale";"capacite_remboursement";"tresorerie_actif";6;0,0261682242990654
"E10185";2023;"Industrie";0,00429294934956478;645;"autonomie_financiere";"capacite_remboursement";"log_effectif";2;0,00561272217025257
"E10196";2023;"Commerce";0,0274595809298997;590;"capacite_remboursement";"autonomie_financiere";"tresorerie_actif";6;0,0261682242990654
"E10198";2023;"BTP";0,115830609637459;545;"capacite_remboursement";"autonomie_financiere";"liquidite_generale";8;0,157088122605364
"E10200";2023;"Services";0,00109621908621251;684;"autonomie_financiere";"tresorerie_actif";"delai_clients_jours";1;0,00282752120640905
"E10205";2023;"Commerce";0,00169847523936515;671;"capacite_remboursement";"tresorerie_actif";"secteur";1;0,00282752120640905
"E10208";2023;"Services";0,00509086600277365;640;"capacite_remboursement";"autonomie_financiere";"liquidite_generale";2;0,00561272217025257
"E10209";2023;"BTP";0,0168852243673762;605;"autonomie_financiere";"capacite_remboursement";"tresorerie_actif";4;0,0195503421309873
"E10213";2023;"Hôtellerie-restauration";0,101641076214384;549;"capacite_remboursement";"autonomie_financiere";"liquidite_generale";8;0,157088122605364
"E10221";2023;"Services";0,0105576341195498;619;"capacite_remboursement";"tresorerie_actif";"log_effectif";3;0,0101195952161914
"E10224";2023;"Commerce";0,0313242627876183;585;"liquidite_generale";"autonomie_financiere";"capacite_remboursement";6;0,0261682242990654
"E10227";2023;"Commerce";0,0145283601102556;608;"capacite_remboursement";"autonomie_financiere";"tresorerie_actif";4;0,0195503421309873
"E10228";2023;"Commerce";0,0653842258212328;565;"autonomie_financiere";"capacite_remboursement";"tresorerie_actif";7;0,0622489959839357
"E10229";2023;"Hôtellerie-restauration";0,00608089684891322;634;"capacite_remboursement";"autonomie_financiere";"tresorerie_actif";2;0,00561272217025257
"E10233";2023;"Industrie";0,00175772704476062;671;"autonomie_financiere";"tresorerie_actif";"delai_clients_jours";1;0,00282752120640905
"E10235";2023;"Commerce";0,0144700667652966;609;"capacite_remboursement";"autonomie_financiere";"tresorerie_actif";4;0,0195503421309873
"E10245";2023;"Commerce";0,0142873388364956;609;"capacite_remboursement";"autonomie_financiere";"liquidite_generale";4;0,0195503421309873
"E10250";2023;"Hôtellerie-restauration";0,000874661059509802;690;"tresorerie_actif";"liquidite_generale";"log_effectif";1;0,00282752120640905
"E10251";2023;"BTP";0,0111602333698516;617;"capacite_remboursement";"autonomie_financiere";"tresorerie_actif";4;0,0195503421309873
"E10253";2023;"Commerce";0,000634172231441499;699;"liquidite_generale";"secteur";"log_effectif";1;0,00282752120640905
"E10260";2023;"Services";0,07903061273781;557;"capacite_remboursement";"log_effectif";"autonomie_financiere";8;0,157088122605364
"E10263";2023;"Services";0,00668175403321501;633;"capacite_remboursement";"autonomie_financiere";"log_effectif";2;0,00561272217025257
"E10267";2023;"Industrie";0,0123423669607018;615;"capacite_remboursement";"autonomie_financiere";"tresorerie_actif";4;0,0195503421309873
"E10275";2023;"Industrie";0,00556964873432123;638;"capacite_remboursement";"tresorerie_actif";"autonomie_financiere";2;0,00561272217025257
"E10280";2023;"Services";0,144128712580948;539;"capacite_remboursement";"liquidite_generale";"autonomie_financiere";8;0,157088122605364
"E10286";2023;"BTP";0,0342323994248147;583;"autonomie_financiere";"capacite_remboursement";"tresorerie_actif";6;0,0261682242990654
"E10287";2023;"Industrie";0,0192720159672016;602;"autonomie_financiere";"capacite_remboursement";"tresorerie_actif";5;0,0206378986866792
"E10291";2023;"Services";0,0125114935847564;613;"liquidite_generale";"capacite_remboursement";"tresorerie_actif";4;0,0195503421309873
"E10305";2023;"Industrie";0,00296252758014801;656;"capacite_remboursement";"tresorerie_actif";"log_effectif";1;0,00282752120640905
"E10314";2023;"Commerce";0,00356738346596286;649;"autonomie_financiere";"incidents_paiement";"tresorerie_actif";2;0,00561272217025257
"E10324";2023;"BTP";0,232370363877691;521;"capacite_remboursement";"liquidite_generale";"autonomie_financiere";8;0,157088122605364
"E10325";2023;"Services";0,00449416021486957;643;"capacite_remboursement";"autonomie_financiere";"tresorerie_actif";2;0,00561272217025257
"E10329";2023;"Hôtellerie-restauration";0,00339219617140377;651;"capacite_remboursement";"autonomie_financiere";"liquidite_generale";2;0,00561272217025257
"E10344";2023;"Commerce";0,00108285197504111;684;"autonomie_financiere";"tresorerie_actif";"log_effectif";1;0,00282752120640905
"E10346";2023;"Transport";0,00556759138398231;637;"capacite_remboursement";"liquidite_generale";"tresorerie_actif";2;0,00561272217025257
"E10348";2023;"Industrie";0,336388359729453;508;"autonomie_financiere";"capacite_remboursement";"liquidite_generale";8;0,157088122605364
"E10350";2023;"Industrie";0,00259595678793925;660;"tresorerie_actif";"autonomie_financiere";"log_effectif";1;0,00282752120640905
"E10356";2023;"Commerce";0,00907201909289223;623;"capacite_remboursement";"log_effectif";"autonomie_financiere";3;0,0101195952161914
"E10362";2023;"Commerce";0,0376556918471239;582;"capacite_remboursement";"liquidite_generale";"autonomie_financiere";6;0,0261682242990654
"E10367";2023;"BTP";0,224688367240701;524;"autonomie_financiere";"capacite_remboursement";"liquidite_generale";8;0,157088122605364
"E10368";2023;"Commerce";0,138989248871438;540;"capacite_remboursement";"liquidite_generale";"autonomie_financiere";8;0,157088122605364
"E10375";2023;"Services";0,00482037365997179;642;"autonomie_financiere";"tresorerie_actif";"liquidite_generale";2;0,00561272217025257
"E10377";2023;"Hôtellerie-restauration";0,0145425961037952;609;"capacite_remboursement";"tresorerie_actif";"autonomie_financiere";4;0,0195503421309873
"E10390";2023;"Hôtellerie-restauration";0,00112277443407016;683;"autonomie_financiere";"log_effectif";"secteur";1;0,00282752120640905
"E10392";2023;"Commerce";0,0284685336462088;589;"liquidite_generale";"capacite_remboursement";"autonomie_financiere";6;0,0261682242990654
"E10397";2023;"Industrie";0,0249343596854469;594;"capacite_remboursement";"liquidite_generale";"autonomie_financiere";5;0,0206378986866792
"E10399";2023;"Services";0,116851772936675;546;"capacite_remboursement";"liquidite_generale";"autonomie_financiere";8;0,157088122605364
"E10406";2023;"Commerce";0,0318391136709052;585;"liquidite_generale";"autonomie_financiere";"tresorerie_actif";6;0,0261682242990654
"E10413";2023;"Commerce";0,0020372066370583;666;"autonomie_financiere";"tresorerie_actif";"secteur";1;0,00282752120640905
"E10414";2023;"Hôtellerie-restauration";0,0124034935035179;613;"capacite_remboursement";"liquidite_generale";"tresorerie_actif";4;0,0195503421309873
"E10416";2023;"Services";0,0354695098470005;583;"autonomie_financiere";"capacite_remboursement";"tresorerie_actif";6;0,0261682242990654
"E10420";2023;"Services";0,000743277680174333;696;"tresorerie_actif";"log_effectif";"delai_clients_jours";1;0,00282752120640905
"E10425";2023;"BTP";0,00201899323015865;666;"autonomie_financiere";"log_effectif";"tresorerie_actif";1;0,00282752120640905
"E10432";2023;"Services";0,00120971022505091;681;"capacite_remboursement";"liquidite_generale";"log_effectif";1;0,00282752120640905
"E10433";2023;"Industrie";0,0137535102689134;612;"capacite_remboursement";"autonomie_financiere";"tresorerie_actif";4;0,0195503421309873
"E10434";2023;"BTP";0,0783319140882306;558;"capacite_remboursement";"liquidite_generale";"autonomie_financiere";7;0,0622489959839357
"E10439";2023;"Services";0,00354442158253612;650;"capacite_remboursement";"liquidite_generale";"tresorerie_actif";2;0,00561272217025257
"E10441";2023;"BTP";0,0199805350183314;598;"autonomie_financiere";"capacite_remboursement";"tresorerie_actif";5;0,0206378986866792
"E10443";2023;"Hôtellerie-restauration";0,0100667498796748;619;"capacite_remboursement";"autonomie_financiere";"tresorerie_actif";3;0,0101195952161914
"E10451";2023;"Transport";0,00867083322077491;624;"capacite_remboursement";"tresorerie_actif";"autonomie_financiere";3;0,0101195952161914
"E10453";2023;"Commerce";0,0993106725636551;552;"autonomie_financiere";"capacite_remboursement";"liquidite_generale";8;0,157088122605364
"E10456";2023;"BTP";0,0217846775828202;597;"capacite_remboursement";"log_effectif";"liquidite_generale";5;0,0206378986866792
"E10467";2023;"Industrie";0,0040649417404558;647;"capacite_remboursement";"tresorerie_actif";"liquidite_generale";2;0,00561272217025257
"E10468";2023;"Industrie";0,016226236819343;607;"capacite_remboursement";"autonomie_financiere";"log_effectif";4;0,0195503421309873
"E10470";2023;"Services";0,00815038359665837;626;"autonomie_financiere";"capacite_remboursement";"liquidite_generale";3;0,0101195952161914
"E10473";2023;"Commerce";0,0296573435583268;588;"autonomie_financiere";"capacite_remboursement";"tresorerie_actif";6;0,0261682242990654
"E10492";2023;"Industrie";0,0252633921394355;593;"capacite_remboursement";"autonomie_financiere";"log_effectif";5;0,0206378986866792
"E10499";2023;"Commerce";0,0961039814168194;551;"capacite_remboursement";"autonomie_financiere";"tresorerie_actif";8;0,157088122605364
"E10501";2023;"Transport";0,00126181405252396;680;"liquidite_generale";"log_effectif";"tresorerie_actif";1;0,00282752120640905
"E10504";2023;"Services";0,00639260516121812;633;"autonomie_financiere";"capacite_remboursement";"liquidite_generale";2;0,00561272217025257
"E10510";2023;"Services";0,0146523525132265;609;"autonomie_financiere";"tresorerie_actif";"capacite_remboursement";4;0,0195503421309873
"E10518";2023;"BTP";0,0102618308765545;620;"capacite_remboursement";"liquidite_generale";"tresorerie_actif";3;0,0101195952161914
"E10519";2023;"Commerce";0,129016479915562;543;"autonomie_financiere";"capacite_remboursement";"incidents_paiement";8;0,157088122605364
"E10521";2023;"Commerce";0,0479346269464501;573;"liquidite_generale";"capacite_remboursement";"autonomie_financiere";7;0,0622489959839357
"E10523";2023;"Commerce";0,026333780189212;591;"log_effectif";"capacite_remboursement";"autonomie_financiere";6;0,0261682242990654
"E10525";2023;"Commerce";0,0372449917463129;580;"capacite_remboursement";"liquidite_generale";"autonomie_financiere";6;0,0261682242990654
"E10527";2023;"Industrie";0,0465473572246319;575;"capacite_remboursement";"autonomie_financiere";"tresorerie_actif";7;0,0622489959839357
"E10537";2023;"Commerce";0,0403958473416343;579;"liquidite_generale";"capacite_remboursement";"autonomie_financiere";6;0,0261682242990654
"E10545";2023;"Services";0,00260960608722778;659;"tresorerie_actif";"capacite_remboursement";"liquidite_generale";1;0,00282752120640905
"E10548";2023;"BTP";0,126027194064025;544;"autonomie_financiere";"capacite_remboursement";"liquidite_generale";8;0,157088122605364
"E10565";2023;"BTP";0,0479625635179592;573;"capacite_remboursement";"autonomie_financiere";"liquidite_generale";7;0,0622489959839357
"E10566";2023;"Commerce";0,00977799558255948;621;"capacite_remboursement";"autonomie_financiere";"tresorerie_actif";3;0,0101195952161914
"E10567";2023;"Services";0,0655756112672145;564;"liquidite_generale";"capacite_remboursement";"autonomie_financiere";7;0,0622489959839357
"E10580";2023;"Services";0,00480541923664009;641;"log_effectif";"capacite_remboursement";"tresorerie_actif";2;0,00561272217025257
"E10582";2023;"Commerce";0,112247114213371;546;"capacite_remboursement";"liquidite_generale";"tresorerie_actif";8;0,157088122605364
"E10584";2023;"Transport";0,0111611604503293;617;"capacite_remboursement";"tresorerie_actif";"autonomie_financiere";4;0,0195503421309873
"E10591";2023;"Industrie";0,0116268278881151;616;"log_effectif";"capacite_remboursement";"autonomie_financiere";4;0,0195503421309873
"E10608";2023;"Commerce";0,0123771311775461;614;"autonomie_financiere";"tresorerie_actif";"capacite_remboursement";4;0,0195503421309873
"E10616";2023;"Transport";0,00933470771601632;623;"capacite_remboursement";"autonomie_financiere";"log_effectif";3;0,0101195952161914
"E10618";2023;"Services";0,0117063834078104;615;"log_effectif";"capacite_remboursement";"tresorerie_actif";4;0,0195503421309873
"E10620";2023;"BTP";0,0387224882942835;580;"capacite_remboursement";"autonomie_financiere";"tresorerie_actif";6;0,0261682242990654
"E10622";2023;"BTP";0,00326604067365048;653;"capacite_remboursement";"tresorerie_actif";"secteur";1;0,00282752120640905
"E10625";2023;"Industrie";0,0184885469272406;603;"capacite_remboursement";"autonomie_financiere";"liquidite_generale";5;0,0206378986866792
"E10626";2023;"Services";0,0170937831483775;605;"autonomie_financiere";"capacite_remboursement";"log_effectif";4;0,0195503421309873
"E10636";2023;"Commerce";0,0123844575024921;613;"capacite_remboursement";"autonomie_financiere";"liquidite_generale";4;0,0195503421309873
"E10638";2023;"Commerce";0,00109857090216844;684;"autonomie_financiere";"tresorerie_actif";"secteur";1;0,00282752120640905
"E10642";2023;"Services";0,036804055032252;581;"capacite_remboursement";"autonomie_financiere";"tresorerie_actif";6;0,0261682242990654
"E10644";2023;"Commerce";0,00214241820837363;664;"capacite_remboursement";"liquidite_generale";"tresorerie_actif";1;0,00282752120640905
"E10645";2023;"Services";0,0172549062848964;604;"capacite_remboursement";"tresorerie_actif";"liquidite_generale";5;0,0206378986866792
"E10649";2023;"BTP";0,0748062346429789;559;"liquidite_generale";"capacite_remboursement";"autonomie_financiere";7;0,0622489959839357
"E10654";2023;"Services";0,0833938689477996;556;"capacite_remboursement";"autonomie_financiere";"log_effectif";8;0,157088122605364
"E10656";2023;"Industrie";0,0214085976047997;598;"capacite_remboursement";"autonomie_financiere";"tresorerie_actif";5;0,0206378986866792
"E10660";2023;"BTP";0,0181838339292597;602;"capacite_remboursement";"autonomie_financiere";"tresorerie_actif";5;0,0206378986866792
"E10672";2023;"Transport";0,00436295479773227;643;"autonomie_financiere";"incidents_paiement";"tresorerie_actif";2;0,00561272217025257
"E10683";2023;"Hôtellerie-restauration";0,0350699019006039;583;"capacite_remboursement";"liquidite_generale";"autonomie_financiere";6;0,0261682242990654
"E10684";2023;"Services";0,00631896810206923;634;"capacite_remboursement";"autonomie_financiere";"tresorerie_actif";2;0,00561272217025257
"E10689";2023;"Services";0,00586582873930332;635;"capacite_remboursement";"autonomie_financiere";"liquidite_generale";2;0,00561272217025257
"E10693";2023;"Industrie";0,00158623382923435;673;"autonomie_financiere";"liquidite_generale";"delai_clients_jours";1;0,00282752120640905
"E10700";2023;"Services";0,0452018990880437;576;"liquidite_generale";"capacite_remboursement";"autonomie_financiere";7;0,0622489959839357
"E10704";2023;"Industrie";0,0420973687834899;578;"liquidite_generale";"autonomie_financiere";"capacite_remboursement";6;0,0261682242990654
"E10722";2023;"Commerce";0,0276152533287994;591;"capacite_remboursement";"tresorerie_actif";"autonomie_financiere";6;0,0261682242990654
"E10723";2023;"BTP";0,00668063988305819;632;"capacite_remboursement";"autonomie_financiere";"tresorerie_actif";2;0,00561272217025257
"E10727";2023;"Commerce";0,0408571258389406;577;"autonomie_financiere";"capacite_remboursement";"log_effectif";6;0,0261682242990654
"E10729";2023;"BTP";0,0757934731595522;559;"capacite_remboursement";"log_effectif";"liquidite_generale";7;0,0622489959839357
"E10731";2023;"Commerce";0,0241075841316115;594;"capacite_remboursement";"tresorerie_actif";"autonomie_financiere";5;0,0206378986866792
"E10736";2023;"Services";0,0602155726867714;567;"capacite_remboursement";"liquidite_generale";"autonomie_financiere";7;0,0622489959839357
"E10739";2023;"Hôtellerie-restauration";0,00119985439142628;681;"tresorerie_actif";"autonomie_financiere";"log_effectif";1;0,00282752120640905
"E10740";2023;"BTP";0,196834666050199;528;"autonomie_financiere";"capacite_remboursement";"liquidite_generale";8;0,157088122605364
"E10744";2023;"Hôtellerie-restauration";0,0235019379831722;595;"capacite_remboursement";"autonomie_financiere";"tresorerie_actif";5;0,0206378986866792
"E10749";2023;"Services";0,00882543890159713;624;"autonomie_financiere";"capacite_remboursement";"tresorerie_actif";3;0,0101195952161914
"E10750";2023;"Services";0,0055564172051733;637;"capacite_remboursement";"autonomie_financiere";"tresorerie_actif";2;0,00561272217025257
"E10754";2023;"BTP";0,00360214212705137;649;"capacite_remboursement";"tresorerie_actif";"liquidite_generale";2;0,00561272217025257
"E10755";2023;"Services";0,00544729985473044;638;"capacite_remboursement";"autonomie_financiere";"tresorerie_actif";2;0,00561272217025257
"E10766";2023;"Commerce";0,0272150669863803;591;"autonomie_financiere";"capacite_remboursement";"tresorerie_actif";6;0,0261682242990654
"E10767";2023;"BTP";0,085543894989239;555;"capacite_remboursement";"autonomie_financiere";"log_effectif";8;0,157088122605364
"E10777";2023;"Hôtellerie-restauration";0,0085211662723837;623;"log_effectif";"autonomie_financiere";"capacite_remboursement";3;0,0101195952161914
"E10779";2023;"BTP";0,0166536892023216;605;"capacite_remboursement";"tresorerie_actif";"autonomie_financiere";4;0,0195503421309873
"E10783";2023;"BTP";0,0309413792229672;586;"capacite_remboursement";"autonomie_financiere";"tresorerie_actif";6;0,0261682242990654
"E10787";2023;"Hôtellerie-restauration";0,0645674984430569;563;"capacite_remboursement";"autonomie_financiere";"tresorerie_actif";7;0,0622489959839357
"E10789";2023;"Commerce";0,00288467909053887;656;"capacite_remboursement";"tresorerie_actif";"secteur";1;0,00282752120640905
"E10808";2023;"Transport";0,0184845422415454;603;"capacite_remboursement";"liquidite_generale";"log_effectif";5;0,0206378986866792
"E10827";2023;"Industrie";0,00135797401301685;679;"autonomie_financiere";"tresorerie_actif";"log_effectif";1;0,00282752120640905
"E10831";2023;"Transport";0,00249323937822976;660;"capacite_remboursement";"tresorerie_actif";"liquidite_generale";1;0,00282752120640905
"E10835";2023;"Industrie";0,0385162847189798;580;"capacite_remboursement";"autonomie_financiere";"tresorerie_actif";6;0,0261682242990654
"E10838";2023;"Commerce";0,00323945033116036;653;"autonomie_financiere";"tresorerie_actif";"log_effectif";1;0,00282752120640905
"E10842";2023;"BTP";0,00981391249350983;620;"capacite_remboursement";"tresorerie_actif";"liquidite_generale";3;0,0101195952161914
"E10843";2023;"Services";0,0026333272684162;659;"capacite_remboursement";"autonomie_financiere";"log_effectif";1;0,00282752120640905
"E10847";2023;"Services";0,0113117542171569;617;"autonomie_financiere";"capacite_remboursement";"tresorerie_actif";4;0,0195503421309873
"E10851";2023;"Commerce";0,136828887753686;541;"autonomie_financiere";"liquidite_generale";"capacite_remboursement";8;0,157088122605364
"E10853";2023;"Services";0,0126781852731721;614;"capacite_remboursement";"autonomie_financiere";"liquidite_generale";4;0,0195503421309873
"E10856";2023;"Services";0,0217729254187345;597;"capacite_remboursement";"tresorerie_actif";"log_effectif";5;0,0206378986866792
"E10862";2023;"Services";0,00273712626366724;657;"capacite_remboursement";"autonomie_financiere";"tresorerie_actif";1;0,00282752120640905
"E10864";2023;"Commerce";0,0245200129739575;593;"capacite_remboursement";"autonomie_financiere";"tresorerie_actif";5;0,0206378986866792
"E10872";2023;"Commerce";0,0592001231628429;568;"autonomie_financiere";"capacite_remboursement";"tresorerie_actif";7;0,0622489959839357
"E10879";2023;"Industrie";0,0201292247255824;599;"capacite_remboursement";"tresorerie_actif";"autonomie_financiere";5;0,0206378986866792
"E10880";2023;"Hôtellerie-restauration";0,0727063400711039;560;"liquidite_generale";"capacite_remboursement";"autonomie_financiere";7;0,0622489959839357
"E10891";2023;"Services";0,000976724390943861;688;"capacite_remboursement";"log_effectif";"delai_clients_jours";1;0,00282752120640905
"E10892";2023;"Services";0,0812988393516544;557;"liquidite_generale";"capacite_remboursement";"autonomie_financiere";8;0,157088122605364
"E10906";2023;"Services";0,0126781852731721;614;"capacite_remboursement";"autonomie_financiere";"liquidite_generale";4;0,0195503421309873
"E10909";2023;"Hôtellerie-restauration";0,0622899538317282;565;"capacite_remboursement";"liquidite_generale";"autonomie_financiere";7;0,0622489959839357
"E10916";2023;"BTP";0,0126859307093775;612;"capacite_remboursement";"tresorerie_actif";"autonomie_financiere";4;0,0195503421309873
"E10919";2023;"Industrie";0,00311694156472266;655;"capacite_remboursement";"tresorerie_actif";"log_effectif";1;0,00282752120640905
"E10920";2023;"Industrie";0,0132638236693199;612;"capacite_remboursement";"autonomie_financiere";"liquidite_generale";4;0,0195503421309873
"E10923";2023;"Services";0,00721716989384623;630;"autonomie_financiere";"capacite_remboursement";"liquidite_generale";3;0,0101195952161914
"E10929";2023;"Industrie";0,00891825740758962;623;"autonomie_financiere";"capacite_remboursement";"tresorerie_actif";3;0,0101195952161914
"E10931";2023;"BTP";0,00681450391372114;631;"capacite_remboursement";"liquidite_generale";"tresorerie_actif";3;0,0101195952161914
"E10932";2023;"Transport";0,00197533017299571;667;"capacite_remboursement";"tresorerie_actif";"log_effectif";1;0,00282752120640905
"E10934";2023;"Commerce";0,0728648238988307;561;"capacite_remboursement";"autonomie_financiere";"liquidite_generale";7;0,0622489959839357
"E10935";2023;"Industrie";0,00161506881710033;673;"autonomie_financiere";"liquidite_generale";"log_effectif";1;0,00282752120640905
"E10942";2023;"BTP";0,00416943662347379;645;"autonomie_financiere";"log_effectif";"tresorerie_actif";2;0,00561272217025257
"E10947";2023;"Commerce";0,0169056362098103;604;"capacite_remboursement";"autonomie_financiere";"liquidite_generale";5;0,0206378986866792
"E10952";2023;"Industrie";0,099096444978655;551;"capacite_remboursement";"autonomie_financiere";"log_effectif";8;0,157088122605364
"E10953";2023;"Industrie";0,0317675817102877;586;"capacite_remboursement";"autonomie_financiere";"liquidite_generale";6;0,0261682242990654
"E10959";2023;"Services";0,0386918121879062;580;"capacite_remboursement";"liquidite_generale";"autonomie_financiere";6;0,0261682242990654
"E10961";2023;"Services";0,0100825247770242;620;"capacite_remboursement";"autonomie_financiere";"tresorerie_actif";3;0,0101195952161914
"E10975";2023;"Commerce";0,0497606066843038;572;"capacite_remboursement";"autonomie_financiere";"tresorerie_actif";7;0,0622489959839357
"E10985";2023;"BTP";0,0148280747378925;608;"autonomie_financiere";"capacite_remboursement";"tresorerie_actif";4;0,0195503421309873
"E10994";2023;"Industrie";0,00497056816460879;641;"capacite_remboursement";"autonomie_financiere";"tresorerie_actif";2;0,00561272217025257
"E11003";2023;"BTP";0,00583538647553386;636;"capacite_remboursement";"autonomie_financiere";"tresorerie_actif";2;0,00561272217025257
"E11004";2023;"Commerce";0,0102207495610487;618;"log_effectif";"autonomie_financiere";"capacite_remboursement";3;0,0101195952161914
"E11008";2023;"Hôtellerie-restauration";0,0437420711388673;576;"liquidite_generale";"capacite_remboursement";"autonomie_financiere";7;0,0622489959839357
"E11021";2023;"Services";0,00743601706146717;629;"capacite_remboursement";"tresorerie_actif";"autonomie_financiere";3;0,0101195952161914
"E11029";2023;"Services";0,00418606479847391;646;"capacite_remboursement";"autonomie_financiere";"tresorerie_actif";2;0,00561272217025257
"E11033";2023;"Services";0,00618857330768856;634;"capacite_remboursement";"tresorerie_actif";"autonomie_financiere";2;0,00561272217025257
"E11038";2023;"Commerce";0,0313041353521445;586;"capacite_remboursement";"autonomie_financiere";"tresorerie_actif";6;0,0261682242990654
"E11041";2023;"Commerce";0,00381576653906705;648;"capacite_remboursement";"autonomie_financiere";"tresorerie_actif";2;0,00561272217025257
"E11048";2023;"Industrie";0,00527325212063623;639;"liquidite_generale";"autonomie_financiere";"tresorerie_actif";2;0,00561272217025257
"E11050";2023;"BTP";0,00689461477348395;631;"capacite_remboursement";"autonomie_financiere";"tresorerie_actif";3;0,0101195952161914
"E11061";2023;"Commerce";0,106358461686195;548;"capacite_remboursement";"autonomie_financiere";"liquidite_generale";8;0,157088122605364
"E11062";2023;"Industrie";0,0106288194082893;619;"capacite_remboursement";"autonomie_financiere";"tresorerie_actif";3;0,0101195952161914
"E11076";2023;"Commerce";0,0345000128331049;583;"capacite_remboursement";"autonomie_financiere";"tresorerie_actif";6;0,0261682242990654
"E11080";2023;"Commerce";0,00272253163408474;658;"capacite_remboursement";"log_effectif";"tresorerie_actif";1;0,00282752120640905
"E11085";2023;"Commerce";0,104015803423255;549;"capacite_remboursement";"autonomie_financiere";"tresorerie_actif";8;0,157088122605364
"E11088";2023;"Commerce";0,00762032221199313;628;"autonomie_financiere";"tresorerie_actif";"liquidite_generale";3;0,0101195952161914
"E11093";2023;"Hôtellerie-restauration";0,000586582556588353;702;"log_effectif";"tresorerie_actif";"secteur";1;0,00282752120640905
"E11095";2023;"Services";0,0318332549849953;585;"liquidite_generale";"autonomie_financiere";"capacite_remboursement";6;0,0261682242990654
"E11096";2023;"Industrie";0,0278401574362558;590;"capacite_remboursement";"autonomie_financiere";"tresorerie_actif";6;0,0261682242990654
"E11106";2023;"BTP";0,0119093376293869;614;"capacite_remboursement";"autonomie_financiere";"tresorerie_actif";4;0,0195503421309873
"E11113";2023;"Services";0,0361485980169255;582;"capacite_remboursement";"autonomie_financiere";"tresorerie_actif";6;0,0261682242990654
"E11135";2023;"Industrie";0,000429668107914417;712;"tresorerie_actif";"delai_clients_jours";"secteur";1;0,00282752120640905
"E11147";2023;"Services";0,042082790457932;577;"autonomie_financiere";"capacite_remboursement";"liquidite_generale";6;0,0261682242990654
"E11150";2023;"Hôtellerie-restauration";0,00980953724106165;621;"capacite_remboursement";"autonomie_financiere";"tresorerie_actif";3;0,0101195952161914
"E11151";2023;"Industrie";0,0583773096353983;567;"capacite_remboursement";"liquidite_generale";"autonomie_financiere";7;0,0622489959839357
"E11168";2023;"Transport";0,0241321174470831;594;"capacite_remboursement";"liquidite_generale";"incidents_paiement";5;0,0206378986866792
"E11169";2023;"Commerce";0,077280861094527;559;"capacite_remboursement";"liquidite_generale";"autonomie_financiere";7;0,0622489959839357
"E11179";2023;"Services";0,00747889169999501;628;"capacite_remboursement";"autonomie_financiere";"tresorerie_actif";3;0,0101195952161914
"E11180";2023;"Commerce";0,0513458058195201;571;"capacite_remboursement";"log_effectif";"liquidite_generale";7;0,0622489959839357
"E11188";2023;"Hôtellerie-restauration";0,0110154132986466;616;"autonomie_financiere";"capacite_remboursement";"liquidite_generale";4;0,0195503421309873
"E11196";2023;"BTP";0,00528559901260577;639;"capacite_remboursement";"tresorerie_actif";"log_effectif";2;0,00561272217025257
"E11205";2023;"BTP";0,0169747725280809;604;"autonomie_financiere";"capacite_remboursement";"tresorerie_actif";5;0,0206378986866792
"E11208";2023;"Services";0,00847567368738542;625;"capacite_remboursement";"autonomie_financiere";"liquidite_generale";3;0,0101195952161914
"E11218";2023;"Industrie";0,0100665563538052;620;"liquidite_generale";"autonomie_financiere";"capacite_remboursement";3;0,0101195952161914
"E11221";2023;"Transport";0,0117277827217921;616;"capacite_remboursement";"liquidite_generale";"autonomie_financiere";4;0,0195503421309873
"E11222";2023;"Industrie";0,153370643201575;538;"autonomie_financiere";"capacite_remboursement";"tresorerie_actif";8;0,157088122605364
"E11223";2023;"Services";0,0148224589386824;608;"liquidite_generale";"autonomie_financiere";"capacite_remboursement";4;0,0195503421309873
"E11228";2023;"BTP";0,320143993937475;510;"autonomie_financiere";"capacite_remboursement";"tresorerie_actif";8;0,157088122605364
"E11239";2023;"Services";0,000637092696989463;699;"liquidite_generale";"tresorerie_actif";"delai_clients_jours";1;0,00282752120640905
"E11241";2023;"Commerce";0,0130959873427032;612;"autonomie_financiere";"capacite_remboursement";"tresorerie_actif";4;0,0195503421309873
"E11242";2023;"Commerce";0,0741963027189414;560;"capacite_remboursement";"autonomie_financiere";"tresorerie_actif";7;0,0622489959839357
"E11248";2023;"BTP";0,0972633305117576;551;"capacite_remboursement";"liquidite_generale";"tresorerie_actif";8;0,157088122605364
"E11252";2023;"BTP";0,00313153819848693;654;"autonomie_financiere";"tresorerie_actif";"log_effectif";1;0,00282752120640905
"E11254";2023;"Services";0,00669199987335302;632;"capacite_remboursement";"autonomie_financiere";"log_effectif";2;0,00561272217025257
"E11255";2023;"Services";0,0189366560246599;602;"autonomie_financiere";"capacite_remboursement";"tresorerie_actif";5;0,0206378986866792
"E11256";2023;"Industrie";0,0717593430143341;561;"liquidite_generale";"capacite_remboursement";"autonomie_financiere";7;0,0622489959839357
"E11257";2023;"Commerce";0,00174664585851217;670;"autonomie_financiere";"tresorerie_actif";"log_effectif";1;0,00282752120640905
"E11260";2023;"Hôtellerie-restauration";0,0149719752683621;607;"autonomie_financiere";"capacite_remboursement";"tresorerie_actif";4;0,0195503421309873
"E11265";2023;"BTP";0,00170198124644427;671;"capacite_remboursement";"tresorerie_actif";"delai_clients_jours";1;0,00282752120640905
"E11266";2023;"Commerce";0,00882980828523512;624;"autonomie_financiere";"capacite_remboursement";"tresorerie_actif";3;0,0101195952161914
"E11269";2023;"Commerce";0,0184329313786587;602;"capacite_remboursement";"tresorerie_actif";"autonomie_financiere";5;0,0206378986866792
"E11274";2023;"Commerce";0,0155719395523786;606;"log_effectif";"autonomie_financiere";"capacite_remboursement";4;0,0195503421309873
"E11277";2023;"Hôtellerie-restauration";0,000519806039821857;705;"tresorerie_actif";"log_effectif";"secteur";1;0,00282752120640905
"E11285";2023;"Services";0,0304186890403561;586;"log_effectif";"capacite_remboursement";"incidents_paiement";6;0,0261682242990654
"E11300";2023;"Transport";0,0182228688146811;602;"autonomie_financiere";"capacite_remboursement";"liquidite_generale";5;0,0206378986866792
"E11302";2023;"Industrie";0,0432204129124652;577;"capacite_remboursement";"autonomie_financiere";"log_effectif";6;0,0261682242990654
"E11303";2023;"Industrie";0,505525352359241;487;"autonomie_financiere";"capacite_remboursement";"liquidite_generale";8;0,157088122605364
"E11304";2023;"Hôtellerie-restauration";0,00270512258447339;658;"capacite_remboursement";"autonomie_financiere";"log_effectif";1;0,00282752120640905
"E11305";2023;"Commerce";0,0362554399747612;581;"capacite_remboursement";"autonomie_financiere";"tresorerie_actif";6;0,0261682242990654
"E11307";2023;"Commerce";0,0292445830388017;588;"capacite_remboursement";"log_effectif";"autonomie_financiere";6;0,0261682242990654
"E11308";2023;"Services";0,0142536055568434;610;"capacite_remboursement";"autonomie_financiere";"tresorerie_actif";4;0,0195503421309873
"E11309";2023;"Commerce";0,0283098800142384;590;"capacite_remboursement";"liquidite_generale";"autonomie_financiere";6;0,0261682242990654
"E11310";2023;"Industrie";0,0123995116018184;614;"capacite_remboursement";"tresorerie_actif";"liquidite_generale";4;0,0195503421309873
"E11321";2023;"Industrie";0,0867266184861409;555;"capacite_remboursement";"autonomie_financiere";"liquidite_generale";8;0,157088122605364
"E11325";2023;"Services";0,00327638184508923;653;"liquidite_generale";"log_effectif";"tresorerie_actif";1;0,00282752120640905
"E11326";2023;"Industrie";0,0018482052866654;670;"capacite_remboursement";"tresorerie_actif";"log_effectif";1;0,00282752120640905
"E11330";2023;"Hôtellerie-restauration";0,0152086517429001;608;"capacite_remboursement";"liquidite_generale";"tresorerie_actif";4;0,0195503421309873
"E11332";2023;"Services";0,00639260516121812;633;"autonomie_financiere";"capacite_remboursement";"liquidite_generale";2;0,00561272217025257
"E11336";2023;"Services";0,0413223356949792;577;"liquidite_generale";"autonomie_financiere";"capacite_remboursement";6;0,0261682242990654
"E11338";2023;"Commerce";0,00957890408517558;620;"log_effectif";"autonomie_financiere";"capacite_remboursement";3;0,0101195952161914
"E11348";2023;"Transport";0,0101765567368268;620;"capacite_remboursement";"tresorerie_actif";"autonomie_financiere";3;0,0101195952161914
"E11351";2023;"Commerce";0,0127280121428631;613;"capacite_remboursement";"autonomie_financiere";"tresorerie_actif";4;0,0195503421309873
"E11353";2023;"Hôtellerie-restauration";0,0651009956920874;563;"liquidite_generale";"capacite_remboursement";"autonomie_financiere";7;0,0622489959839357
"E11361";2023;"Industrie";0,0244383915431123;594;"capacite_remboursement";"liquidite_generale";"autonomie_financiere";5;0,0206378986866792
"E11362";2023;"Commerce";0,0108220951278935;617;"log_effectif";"capacite_remboursement";"autonomie_financiere";4;0,0195503421309873
"E11366";2023;"Commerce";0,015820374453247;607;"capacite_remboursement";"tresorerie_actif";"autonomie_financiere";4;0,0195503421309873
"E11370";2023;"Transport";0,0344628156049388;584;"capacite_remboursement";"autonomie_financiere";"liquidite_generale";6;0,0261682242990654
"E11377";2023;"Industrie";0,00571418200669183;637;"capacite_remboursement";"tresorerie_actif";"liquidite_generale";2;0,00561272217025257
"E11378";2023;"Services";0,0308517693613999;587;"capacite_remboursement";"autonomie_financiere";"log_effectif";6;0,0261682242990654
"E11389";2023;"Hôtellerie-restauration";0,00433015034680176;643;"autonomie_financiere";"tresorerie_actif";"liquidite_generale";2;0,00561272217025257
"E11390";2023;"Commerce";0,0158803481466459;606;"tresorerie_actif";"autonomie_financiere";"capacite_remboursement";4;0,0195503421309873
"E11397";2023;"Industrie";0,00725819456965342;630;"capacite_remboursement";"autonomie_financiere";"tresorerie_actif";3;0,0101195952161914
"E11400";2023;"BTP";0,020971452993126;597;"capacite_remboursement";"tresorerie_actif";"autonomie_financiere";5;0,0206378986866792
"E11414";2023;"Industrie";0,0740484593683082;561;"capacite_remboursement";"autonomie_financiere";"tresorerie_actif";7;0,0622489959839357
"E11415";2023;"Industrie";0,0300241689730887;589;"capacite_remboursement";"autonomie_financiere";"tresorerie_actif";6;0,0261682242990654
"E11417";2023;"Industrie";0,00611304024002662;634;"autonomie_financiere";"tresorerie_actif";"liquidite_generale";2;0,00561272217025257
"E11420";2023;"Industrie";0,00710838176091296;629;"autonomie_financiere";"capacite_remboursement";"tresorerie_actif";3;0,0101195952161914
"E11421";2023;"BTP";0,0037470999644033;649;"autonomie_financiere";"tresorerie_actif";"log_effectif";2;0,00561272217025257
"E11423";2023;"Commerce";0,00929417440037186;622;"capacite_remboursement";"autonomie_financiere";"liquidite_generale";3;0,0101195952161914
"E11428";2023;"Transport";0,0688872386838675;562;"liquidite_generale";"capacite_remboursement";"autonomie_financiere";7;0,0622489959839357
"E11437";2023;"Commerce";0,017784537231771;603;"autonomie_financiere";"capacite_remboursement";"tresorerie_actif";5;0,0206378986866792
"E11441";2023;"Industrie";0,00238364050567415;662;"capacite_remboursement";"liquidite_generale";"tresorerie_actif";1;0,00282752120640905
"E11446";2023;"Industrie";0,00629166199237826;634;"capacite_remboursement";"autonomie_financiere";"tresorerie_actif";2;0,00561272217025257
"E11447";2023;"Transport";0,033801563489094;585;"capacite_remboursement";"autonomie_financiere";"tresorerie_actif";6;0,0261682242990654
"E11459";2023;"Industrie";0,0439571759766097;577;"capacite_remboursement";"autonomie_financiere";"tresorerie_actif";6;0,0261682242990654
"E11464";2023;"Hôtellerie-restauration";0,0258081454343202;592;"capacite_remboursement";"autonomie_financiere";"tresorerie_actif";5;0,0206378986866792
"E11465";2023;"BTP";0,0560970977982162;568;"capacite_remboursement";"autonomie_financiere";"liquidite_generale";7;0,0622489959839357
"E11468";2023;"Commerce";0,0854759127868387;556;"autonomie_financiere";"capacite_remboursement";"liquidite_generale";8;0,157088122605364
"E11470";2023;"Hôtellerie-restauration";0,00576190934686607;636;"capacite_remboursement";"autonomie_financiere";"log_effectif";2;0,00561272217025257
"E11473";2023;"Services";0,00189068914831451;669;"capacite_remboursement";"log_effectif";"tresorerie_actif";1;0,00282752120640905
"E11480";2023;"Commerce";0,00790371995733345;626;"autonomie_financiere";"capacite_remboursement";"liquidite_generale";3;0,0101195952161914
"E11488";2023;"Commerce";0,00924088062051514;622;"capacite_remboursement";"liquidite_generale";"log_effectif";3;0,0101195952161914
"E11498";2023;"Commerce";0,00126307567720112;680;"autonomie_financiere";"log_effectif";"tresorerie_actif";1;0,00282752120640905
"E11511";2023;"Services";0,00206497690733884;666;"tresorerie_actif";"autonomie_financiere";"log_effectif";1;0,00282752120640905
"E11514";2023;"Services";0,00524126413940681;640;"capacite_remboursement";"autonomie_financiere";"tresorerie_actif";2;0,00561272217025257
"E11518";2023;"Commerce";0,00687045209420118;631;"capacite_remboursement";"log_effectif";"autonomie_financiere";3;0,0101195952161914
"E11528";2023;"Industrie";0,00694281776536399;631;"capacite_remboursement";"incidents_paiement";"tresorerie_actif";3;0,0101195952161914
"E11532";2023;"Industrie";0,00047532675994341;709;"log_effectif";"delai_clients_jours";"secteur";1;0,00282752120640905
"E11535";2023;"Transport";0,0712544308838972;562;"capacite_remboursement";"tresorerie_actif";"liquidite_generale";7;0,0622489959839357
"E11536";2023;"Services";0,000669465397937766;699;"autonomie_financiere";"tresorerie_actif";"delai_clients_jours";1;0,00282752120640905
"E11540";2023;"Industrie";0,00454097858936651;643;"log_effectif";"capacite_remboursement";"autonomie_financiere";2;0,00561272217025257
"E11551";2023;"BTP";0,368881645167115;503;"autonomie_financiere";"capacite_remboursement";"liquidite_generale";8;0,157088122605364
"E11553";2023;"Industrie";0,0184068594870937;602;"capacite_remboursement";"autonomie_financiere";"tresorerie_actif";5;0,0206378986866792
"E11558";2023;"BTP";0,00201755625449685;666;"capacite_remboursement";"tresorerie_actif";"secteur";1;0,00282752120640905
"E11562";2023;"BTP";0,0046730718056799;642;"capacite_remboursement";"autonomie_financiere";"tresorerie_actif";2;0,00561272217025257
"E11563";2023;"Commerce";0,0191348218328162;601;"capacite_remboursement";"tresorerie_actif";"autonomie_financiere";5;0,0206378986866792
"E11566";2023;"Commerce";0,0197162428719924;600;"capacite_remboursement";"autonomie_financiere";"tresorerie_actif";5;0,0206378986866792
"E11576";2023;"Hôtellerie-restauration";0,0347648188709335;582;"liquidite_generale";"capacite_remboursement";"autonomie_financiere";6;0,0261682242990654
"E11582";2023;"Commerce";0,0224624940848406;596;"capacite_remboursement";"liquidite_generale";"tresorerie_actif";5;0,0206378986866792
"E11585";2023;"Commerce";0,0254539662942335;592;"capacite_remboursement";"autonomie_financiere";"tresorerie_actif";5;0,0206378986866792
"E11588";2023;"BTP";0,100768616215292;550;"capacite_remboursement";"autonomie_financiere";"tresorerie_actif";8;0,157088122605364
"E11589";2023;"Commerce";0,00927724382826171;623;"capacite_remboursement";"autonomie_financiere";"log_effectif";3;0,0101195952161914
"E11593";2023;"Services";0,0110172405061084;618;"capacite_remboursement";"tresorerie_actif";"autonomie_financiere";3;0,0101195952161914
"E11596";2023;"BTP";0,148203897802883;537;"capacite_remboursement";"liquidite_generale";"autonomie_financiere";8;0,157088122605364
"E11597";2023;"Hôtellerie-restauration";0,000594978971946718;701;"autonomie_financiere";"tresorerie_actif";"secteur";1;0,00282752120640905
"E11602";2023;"Services";0,00388768989307774;647;"autonomie_financiere";"capacite_remboursement";"tresorerie_actif";2;0,00561272217025257
"E11603";2023;"Transport";0,0568187161807195;569;"capacite_remboursement";"autonomie_financiere";"tresorerie_actif";7;0,0622489959839357
"E11606";2023;"Commerce";0,036861086880943;582;"capacite_remboursement";"autonomie_financiere";"tresorerie_actif";6;0,0261682242990654
"E11614";2023;"Commerce";0,00254463894439747;659;"autonomie_financiere";"tresorerie_actif";"log_effectif";1;0,00282752120640905
"E11616";2023;"Services";0,00558519484942465;637;"liquidite_generale";"autonomie_financiere";"tresorerie_actif";2;0,00561272217025257
"E11617";2023;"Commerce";0,0300599725935004;587;"capacite_remboursement";"autonomie_financiere";"tresorerie_actif";6;0,0261682242990654
"E11618";2023;"Commerce";0,00042493033377447;712;"log_effectif";"secteur";NA;1;0,00282752120640905
"E11626";2023;"Services";0,0243688758225063;595;"autonomie_financiere";"liquidite_generale";"capacite_remboursement";5;0,0206378986866792
"E11630";2023;"Commerce";0,0436574383704716;576;"capacite_remboursement";"autonomie_financiere";"incidents_paiement";7;0,0622489959839357
"E11633";2023;"Services";0,00214125860640128;666;"autonomie_financiere";"log_effectif";"tresorerie_actif";1;0,00282752120640905
"E11642";2023;"Hôtellerie-restauration";0,00142956418118397;676;"capacite_remboursement";"log_effectif";"tresorerie_actif";1;0,00282752120640905
"E11644";2023;"Services";0,0146380583410016;609;"liquidite_generale";"autonomie_financiere";"capacite_remboursement";4;0,0195503421309873
"E11652";2023;"Commerce";0,0131192620557208;612;"capacite_remboursement";"autonomie_financiere";"tresorerie_actif";4;0,0195503421309873
"E11655";2023;"Services";0,0292141301386109;589;"liquidite_generale";"capacite_remboursement";"autonomie_financiere";6;0,0261682242990654
"E11660";2023;"Services";0,00598082634444297;635;"capacite_remboursement";"autonomie_financiere";"liquidite_generale";2;0,00561272217025257
"E11661";2023;"Commerce";0,00607280025766546;635;"autonomie_financiere";"capacite_remboursement";"tresorerie_actif";2;0,00561272217025257
"E11666";2023;"Transport";0,108036794148728;548;"capacite_remboursement";"autonomie_financiere";"tresorerie_actif";8;0,157088122605364
"E11667";2023;"Commerce";0,0134930836187274;611;"liquidite_generale";"capacite_remboursement";"log_effectif";4;0,0195503421309873
"E11673";2023;"Services";0,00306722035892151;655;"capacite_remboursement";"autonomie_financiere";"tresorerie_actif";1;0,00282752120640905
"E11677";2023;"BTP";0,173647500507164;531;"capacite_remboursement";"autonomie_financiere";"log_effectif";8;0,157088122605364
"E11679";2023;"Industrie";0,0109309428401515;617;"capacite_remboursement";"autonomie_financiere";"tresorerie_actif";4;0,0195503421309873
"E11682";2023;"Commerce";0,00158958134540807;673;"capacite_remboursement";"autonomie_financiere";"log_effectif";1;0,00282752120640905
"E11683";2023;"BTP";0,0221729733933856;597;"capacite_remboursement";"autonomie_financiere";"tresorerie_actif";5;0,0206378986866792
"E11685";2023;"Commerce";0,0071250260726343;629;"capacite_remboursement";"autonomie_financiere";"tresorerie_actif";3;0,0101195952161914
"E11687";2023;"Commerce";0,21817912726894;523;"capacite_remboursement";"liquidite_generale";"autonomie_financiere";8;0,157088122605364
"E11688";2023;"Services";0,0286178971101401;590;"capacite_remboursement";"autonomie_financiere";"liquidite_generale";6;0,0261682242990654
"E11705";2023;"Commerce";0,00560074109329014;637;"capacite_remboursement";"autonomie_financiere";"log_effectif";2;0,00561272217025257
"E11714";2023;"Commerce";0,00277972219218855;657;"capacite_remboursement";"autonomie_financiere";"tresorerie_actif";1;0,00282752120640905
"E11723";2023;"Hôtellerie-restauration";0,0243855201829972;593;"capacite_remboursement";"autonomie_financiere";"tresorerie_actif";5;0,0206378986866792
"E11728";2023;"Services";0,00297462093468608;656;"capacite_remboursement";"autonomie_financiere";"tresorerie_actif";1;0,00282752120640905
"E11735";2023;"BTP";0,00460166172618825;642;"capacite_remboursement";"autonomie_financiere";"tresorerie_actif";2;0,00561272217025257
"E11737";2023;"BTP";0,121352669998721;544;"capacite_remboursement";"autonomie_financiere";"tresorerie_actif";8;0,157088122605364
"E11739";2023;"Services";0,000464317594019731;710;"log_effectif";"delai_clients_jours";NA;1;0,00282752120640905
"E11740";2023;"Commerce";0,0488704558926652;573;"capacite_remboursement";"autonomie_financiere";"tresorerie_actif";7;0,0622489959839357
"E11748";2023;"Industrie";0,0213461988943419;598;"capacite_remboursement";"autonomie_financiere";"tresorerie_actif";5;0,0206378986866792
"E11756";2023;"Services";0,0111165357972853;617;"liquidite_generale";"autonomie_financiere";"capacite_remboursement";4;0,0195503421309873
"E11757";2023;"Transport";0,00117139611698257;683;"tresorerie_actif";"log_effectif";"liquidite_generale";1;0,00282752120640905
"E11777";2023;"Services";0,0342105971421811;584;"liquidite_generale";"capacite_remboursement";"tresorerie_actif";6;0,0261682242990654
"E11781";2023;"Services";0,00842017835116648;625;"autonomie_financiere";"capacite_remboursement";"log_effectif";3;0,0101195952161914
"E11786";2023;"Commerce";0,00933998670843487;622;"capacite_remboursement";"autonomie_financiere";"tresorerie_actif";3;0,0101195952161914
"E11789";2023;"Industrie";0,0044061123835057;645;"capacite_remboursement";"log_effectif";"tresorerie_actif";2;0,00561272217025257
"E11795";2023;"Services";0,00317386805992615;654;"capacite_remboursement";"autonomie_financiere";"tresorerie_actif";1;0,00282752120640905
"E11796";2023;"Commerce";0,011976906311659;614;"capacite_remboursement";"tresorerie_actif";"autonomie_financiere";4;0,0195503421309873
"E11801";2023;"Hôtellerie-restauration";0,0854829169865989;554;"capacite_remboursement";"liquidite_generale";"autonomie_financiere";8;0,157088122605364
"E11806";2023;"Commerce";0,102554300818851;550;"capacite_remboursement";"log_effectif";"autonomie_financiere";8;0,157088122605364
"E11825";2023;"Industrie";0,0712157917429667;562;"capacite_remboursement";"autonomie_financiere";"tresorerie_actif";7;0,0622489959839357
"E11837";2023;"BTP";0,00538608864688452;637;"capacite_remboursement";"autonomie_financiere";"liquidite_generale";2;0,00561272217025257
"E11842";2023;"Commerce";0,0487200502132828;573;"capacite_remboursement";"autonomie_financiere";"tresorerie_actif";7;0,0622489959839357
"E11848";2023;"Industrie";0,0443739800885514;577;"autonomie_financiere";"capacite_remboursement";"tresorerie_actif";6;0,0261682242990654
"E11851";2023;"Transport";0,00598924462098415;635;"capacite_remboursement";"autonomie_financiere";"log_effectif";2;0,00561272217025257
"E11853";2023;"Services";0,00676329393168924;631;"capacite_remboursement";"tresorerie_actif";"autonomie_financiere";3;0,0101195952161914
"E11855";2023;"Commerce";0,0732575369206644;561;"capacite_remboursement";"autonomie_financiere";"tresorerie_actif";7;0,0622489959839357
"E11858";2023;"Industrie";0,0735244578139005;560;"capacite_remboursement";"autonomie_financiere";"tresorerie_actif";7;0,0622489959839357
"E11859";2023;"Commerce";0,022609092897437;596;"capacite_remboursement";"autonomie_financiere";"tresorerie_actif";5;0,0206378986866792
"E11862";2023;"Services";0,00303701274442643;655;"log_effectif";"incidents_paiement";"autonomie_financiere";1;0,00282752120640905
"E11865";2023;"Services";0,00966199220265172;622;"capacite_remboursement";"tresorerie_actif";"autonomie_financiere";3;0,0101195952161914
"E11868";2023;"Industrie";0,0480056084853114;574;"capacite_remboursement";"liquidite_generale";"autonomie_financiere";7;0,0622489959839357
"E11873";2023;"Commerce";0,00593328983105015;635;"autonomie_financiere";"capacite_remboursement";"liquidite_generale";2;0,00561272217025257
"E11875";2023;"Commerce";0,0521022212618222;571;"capacite_remboursement";"tresorerie_actif";"liquidite_generale";7;0,0622489959839357
"E11880";2023;"Industrie";0,216443260529308;526;"autonomie_financiere";"capacite_remboursement";"tresorerie_actif";8;0,157088122605364
"E11888";2023;"Services";0,00887262900764456;623;"autonomie_financiere";"capacite_remboursement";"tresorerie_actif";3;0,0101195952161914
"E11896";2023;"Transport";0,0900045635059655;554;"autonomie_financiere";"capacite_remboursement";"tresorerie_actif";8;0,157088122605364
"E11904";2023;"Services";0,119978584966784;545;"autonomie_financiere";"liquidite_generale";"capacite_remboursement";8;0,157088122605364
"E11906";2023;"Services";0,0377209932449431;581;"capacite_remboursement";"autonomie_financiere";"tresorerie_actif";6;0,0261682242990654
"E11913";2023;"BTP";0,0323687258892595;585;"autonomie_financiere";"capacite_remboursement";"tresorerie_actif";6;0,0261682242990654
"E11914";2023;"BTP";0,0258108832753018;591;"autonomie_financiere";"capacite_remboursement";"incidents_paiement";6;0,0261682242990654
"E11915";2023;"Services";0,0125899396558393;614;"tresorerie_actif";"autonomie_financiere";"capacite_remboursement";4;0,0195503421309873
"E11916";2023;"Services";0,00575085268412851;636;"autonomie_financiere";"capacite_remboursement";"liquidite_generale";2;0,00561272217025257
"E11920";2023;"Industrie";0,0051621049903689;639;"capacite_remboursement";"autonomie_financiere";"tresorerie_actif";2;0,00561272217025257
"E11936";2023;"BTP";0,0834955936228581;556;"capacite_remboursement";"liquidite_generale";"autonomie_financiere";8;0,157088122605364
"E11942";2023;"BTP";0,0489231017597873;572;"capacite_remboursement";"autonomie_financiere";"tresorerie_actif";7;0,0622489959839357
"E11943";2023;"Services";0,0139243566347496;610;"log_effectif";"autonomie_financiere";"capacite_remboursement";4;0,0195503421309873
"E11946";2023;"Services";0,00491863418643911;641;"capacite_remboursement";"autonomie_financiere";"log_effectif";2;0,00561272217025257
"E11960";2023;"Hôtellerie-restauration";0,0304544239183161;586;"capacite_remboursement";"liquidite_generale";"autonomie_financiere";6;0,0261682242990654
"E11962";2023;"Industrie";0,0118486434505232;616;"capacite_remboursement";"tresorerie_actif";"liquidite_generale";4;0,0195503421309873
"E11972";2023;"Commerce";0,0156831062271194;606;"capacite_remboursement";"tresorerie_actif";"liquidite_generale";4;0,0195503421309873
"E11981";2023;"Hôtellerie-restauration";0,0028374508303954;656;"autonomie_financiere";"tresorerie_actif";"liquidite_generale";1;0,00282752120640905
"E11983";2023;"Hôtellerie-restauration";0,0263244587470642;590;"autonomie_financiere";"capacite_remboursement";"tresorerie_actif";6;0,0261682242990654
"E12020";2023;"Services";0,0157312798757347;607;"liquidite_generale";"autonomie_financiere";"capacite_remboursement";4;0,0195503421309873
"E12022";2023;"BTP";0,00377815831297812;648;"autonomie_financiere";"tresorerie_actif";"liquidite_generale";2;0,00561272217025257
"E12025";2023;"BTP";0,198338835667531;526;"capacite_remboursement";"log_effectif";"tresorerie_actif";8;0,157088122605364
"E12028";2023;"BTP";0,0340879843864638;584;"capacite_remboursement";"autonomie_financiere";"tresorerie_actif";6;0,0261682242990654
"E12030";2023;"Services";0,00241266138382247;662;"tresorerie_actif";"log_effectif";"liquidite_generale";1;0,00282752120640905
"E12031";2023;"Transport";0,0047099816641428;642;"tresorerie_actif";"autonomie_financiere";"capacite_remboursement";2;0,00561272217025257
"E12039";2023;"BTP";0,026317890105764;590;"autonomie_financiere";"capacite_remboursement";"tresorerie_actif";6;0,0261682242990654
"E12048";2023;"Hôtellerie-restauration";0,0358043025983094;583;"autonomie_financiere";"capacite_remboursement";"liquidite_generale";6;0,0261682242990654
"E12057";2023;"Services";0,0476895241831686;574;"capacite_remboursement";"tresorerie_actif";"liquidite_generale";7;0,0622489959839357
"E12089";2023;"Commerce";0,020227367900423;599;"capacite_remboursement";"autonomie_financiere";"tresorerie_actif";5;0,0206378986866792
"E12093";2023;"Services";0,00337033532139439;652;"autonomie_financiere";"capacite_remboursement";"tresorerie_actif";2;0,00561272217025257
"E12101";2023;"Hôtellerie-restauration";0,0490634154725566;572;"capacite_remboursement";"liquidite_generale";"incidents_paiement";7;0,0622489959839357
"E12102";2023;"BTP";0,00377907976914136;648;"capacite_remboursement";"log_effectif";"autonomie_financiere";2;0,00561272217025257
"E12107";2023;"Commerce";0,00429540186370461;644;"capacite_remboursement";"tresorerie_actif";"autonomie_financiere";2;0,00561272217025257
"E12109";2023;"Services";0,0126788437647003;614;"capacite_remboursement";"liquidite_generale";"log_effectif";4;0,0195503421309873
"E12110";2023;"Industrie";0,0123629834540848;614;"capacite_remboursement";"autonomie_financiere";"liquidite_generale";4;0,0195503421309873
"E12111";2023;"BTP";0,00465472293830018;642;"capacite_remboursement";"autonomie_financiere";"delai_clients_jours";2;0,00561272217025257
"E12114";2023;"Transport";0,0213274951456773;598;"capacite_remboursement";"tresorerie_actif";"autonomie_financiere";5;0,0206378986866792
"E12117";2023;"BTP";0,0748062346429789;559;"liquidite_generale";"capacite_remboursement";"autonomie_financiere";7;0,0622489959839357
"E12124";2023;"Commerce";0,00907358309882426;622;"capacite_remboursement";"autonomie_financiere";"tresorerie_actif";3;0,0101195952161914
"E12125";2023;"Services";0,0163055260078691;606;"capacite_remboursement";"tresorerie_actif";"autonomie_financiere";4;0,0195503421309873
"E12128";2023;"Industrie";0,0211276554210019;599;"capacite_remboursement";"autonomie_financiere";"liquidite_generale";5;0,0206378986866792
"E12129";2023;"BTP";0,0766621393871364;559;"capacite_remboursement";"liquidite_generale";"autonomie_financiere";7;0,0622489959839357
"E12130";2023;"Commerce";0,0259667155628436;592;"capacite_remboursement";"autonomie_financiere";"liquidite_generale";5;0,0206378986866792
"E12135";2023;"Commerce";0,0674466413053909;564;"autonomie_financiere";"capacite_remboursement";"tresorerie_actif";7;0,0622489959839357
"E12137";2023;"Industrie";0,0629830033071685;566;"capacite_remboursement";"liquidite_generale";"autonomie_financiere";7;0,0622489959839357
"E12140";2023;"BTP";0,0205095037975301;598;"capacite_remboursement";"autonomie_financiere";"liquidite_generale";5;0,0206378986866792
"E12170";2023;"Hôtellerie-restauration";0,00479023250536628;642;"capacite_remboursement";"tresorerie_actif";"log_effectif";2;0,00561272217025257
"E12180";2023;"Transport";0,00885249202185145;623;"capacite_remboursement";"autonomie_financiere";"liquidite_generale";3;0,0101195952161914
"E12194";2023;"Commerce";0,0266944235931183;590;"log_effectif";"capacite_remboursement";"autonomie_financiere";6;0,0261682242990654
"E12195";2023;"Commerce";0,0127387799599094;613;"capacite_remboursement";"autonomie_financiere";"tresorerie_actif";4;0,0195503421309873
"E12197";2023;"Services";0,00653315043313593;633;"capacite_remboursement";"autonomie_financiere";"liquidite_generale";2;0,00561272217025257
"E12198";2023;"Services";0,0362274898276118;582;"liquidite_generale";"capacite_remboursement";"tresorerie_actif";6;0,0261682242990654
"E12206";2023;"BTP";0,0177983071059576;602;"capacite_remboursement";"autonomie_financiere";"tresorerie_actif";5;0,0206378986866792
"E12212";2023;"BTP";0,0159173749780249;606;"capacite_remboursement";"autonomie_financiere";"tresorerie_actif";4;0,0195503421309873
"E12217";2023;"BTP";0,0145711375056907;609;"capacite_remboursement";"autonomie_financiere";"liquidite_generale";4;0,0195503421309873
"E12221";2023;"Services";0,0222817092049493;597;"autonomie_financiere";"capacite_remboursement";"tresorerie_actif";5;0,0206378986866792
"E12222";2023;"Industrie";0,0134887872753395;613;"capacite_remboursement";"autonomie_financiere";"tresorerie_actif";4;0,0195503421309873
"E12223";2023;"BTP";0,00778183091714962;626;"liquidite_generale";"capacite_remboursement";"autonomie_financiere";3;0,0101195952161914
"E12225";2023;"BTP";0,0132190544128208;611;"autonomie_financiere";"capacite_remboursement";"tresorerie_actif";4;0,0195503421309873
"E12230";2023;"Services";0,00743249495849136;629;"autonomie_financiere";"capacite_remboursement";"tresorerie_actif";3;0,0101195952161914
"E12234";2023;"Services";0,120008806786218;545;"capacite_remboursement";"liquidite_generale";"autonomie_financiere";8;0,157088122605364
"E12239";2023;"Industrie";0,0666396678684246;563;"capacite_remboursement";"autonomie_financiere";"tresorerie_actif";7;0,0622489959839357
"E12248";2023;"Commerce";0,0178440549433881;603;"capacite_remboursement";"autonomie_financiere";"liquidite_generale";5;0,0206378986866792
"E12252";2023;"BTP";0,0297714450562748;588;"capacite_remboursement";"autonomie_financiere";"log_effectif";6;0,0261682242990654
"E12253";2023;"Industrie";0,0126489736778206;614;"capacite_remboursement";"autonomie_financiere";"tresorerie_actif";4;0,0195503421309873
"E12254";2023;"Commerce";0,0485075953306394;572;"capacite_remboursement";"log_effectif";"tresorerie_actif";7;0,0622489959839357
"E12255";2023;"Industrie";0,0665884377746472;565;"autonomie_financiere";"capacite_remboursement";"tresorerie_actif";7;0,0622489959839357
"E12257";2023;"Commerce";0,0153985089019712;607;"log_effectif";"capacite_remboursement";"autonomie_financiere";4;0,0195503421309873
"E12261";2023;"Industrie";0,0269678539442095;591;"capacite_remboursement";"tresorerie_actif";"autonomie_financiere";6;0,0261682242990654
"E12262";2023;"BTP";0,0488691809743766;573;"capacite_remboursement";"autonomie_financiere";"tresorerie_actif";7;0,0622489959839357
"E12274";2023;"Services";0,0175908495998936;604;"autonomie_financiere";"capacite_remboursement";"tresorerie_actif";5;0,0206378986866792
"E12279";2023;"Industrie";0,0512464838682979;572;"capacite_remboursement";"autonomie_financiere";"incidents_paiement";7;0,0622489959839357
"E12293";2023;"Hôtellerie-restauration";0,246776244445742;519;"capacite_remboursement";"autonomie_financiere";"liquidite_generale";8;0,157088122605364
"E12298";2023;"Transport";0,00116438076515967;682;"capacite_remboursement";"tresorerie_actif";"delai_clients_jours";1;0,00282752120640905
"E12300";2023;"BTP";0,00525064272081661;638;"autonomie_financiere";"liquidite_generale";"log_effectif";2;0,00561272217025257
"E12301";2023;"Transport";0,0389737874026341;580;"capacite_remboursement";"autonomie_financiere";"tresorerie_actif";6;0,0261682242990654
"E12304";2023;"Commerce";0,0135898905619131;611;"capacite_remboursement";"autonomie_financiere";"tresorerie_actif";4;0,0195503421309873
"E12307";2023;"Services";0,0107553847390199;619;"capacite_remboursement";"autonomie_financiere";"tresorerie_actif";3;0,0101195952161914
"E12313";2023;"Commerce";0,000771040401636159;695;"tresorerie_actif";"log_effectif";"secteur";1;0,00282752120640905
"E12316";2023;"Services";0,0184167945579762;603;"capacite_remboursement";"autonomie_financiere";"tresorerie_actif";5;0,0206378986866792
"E12318";2023;"Transport";0,0271670339090018;592;"capacite_remboursement";"autonomie_financiere";"log_effectif";5;0,0206378986866792
"E12319";2023;"Services";0,0399874484285679;579;"capacite_remboursement";"liquidite_generale";"autonomie_financiere";6;0,0261682242990654
"E12322";2023;"Commerce";0,0909310166508596;554;"capacite_remboursement";"autonomie_financiere";"tresorerie_actif";8;0,157088122605364
"E12323";2023;"Services";0,00682791218029635;631;"capacite_remboursement";"tresorerie_actif";"autonomie_financiere";3;0,0101195952161914
"E12325";2023;"Services";0,00177430880320474;671;"capacite_remboursement";"tresorerie_actif";"delai_clients_jours";1;0,00282752120640905
"E12331";2023;"Transport";0,00955193450112229;622;"capacite_remboursement";"autonomie_financiere";"liquidite_generale";3;0,0101195952161914
"E12333";2023;"Transport";0,0171916155255655;605;"capacite_remboursement";"autonomie_financiere";"log_effectif";4;0,0195503421309873
"E12341";2023;"Transport";0,0481325270453362;574;"capacite_remboursement";"autonomie_financiere";"tresorerie_actif";7;0,0622489959839357
"E12377";2023;"Commerce";0,0208189129918864;598;"capacite_remboursement";"tresorerie_actif";"autonomie_financiere";5;0,0206378986866792
"E12383";2023;"BTP";0,400641984068417;498;"autonomie_financiere";"capacite_remboursement";"liquidite_generale";8;0,157088122605364
"E12388";2023;"Industrie";0,0104094770206933;620;"capacite_remboursement";"tresorerie_actif";"autonomie_financiere";3;0,0101195952161914
"E12395";2023;"Services";0,00813857511729469;627;"capacite_remboursement";"autonomie_financiere";"tresorerie_actif";3;0,0101195952161914
"E12400";2023;"Industrie";0,0142535171141544;609;"capacite_remboursement";"tresorerie_actif";"autonomie_financiere";4;0,0195503421309873
"E12404";2023;"Commerce";0,0531528460469787;570;"liquidite_generale";"capacite_remboursement";"autonomie_financiere";7;0,0622489959839357
"E12405";2023;"Services";0,0104882312756449;619;"autonomie_financiere";"capacite_remboursement";"liquidite_generale";3;0,0101195952161914
"E12410";2023;"Transport";0,111093437674186;548;"capacite_remboursement";"liquidite_generale";"autonomie_financiere";8;0,157088122605364
"E12418";2023;"Hôtellerie-restauration";0,00753195047034071;629;"capacite_remboursement";"tresorerie_actif";"autonomie_financiere";3;0,0101195952161914
"E12429";2023;"Industrie";0,0178626605815069;603;"capacite_remboursement";"tresorerie_actif";"autonomie_financiere";5;0,0206378986866792
"E12430";2023;"Industrie";0,00704637279087814;632;"capacite_remboursement";"log_effectif";"tresorerie_actif";2;0,00561272217025257
"E12437";2023;"Hôtellerie-restauration";0,0492550606471485;572;"capacite_remboursement";"liquidite_generale";"autonomie_financiere";7;0,0622489959839357
"E12445";2023;"BTP";0,00784131393677153;626;"autonomie_financiere";"capacite_remboursement";"liquidite_generale";3;0,0101195952161914
"E12453";2023;"Industrie";0,00640155885785912;633;"log_effectif";"capacite_remboursement";"autonomie_financiere";2;0,00561272217025257
"E12460";2023;"Services";0,00300685137196883;656;"capacite_remboursement";"tresorerie_actif";"log_effectif";1;0,00282752120640905
"E12472";2023;"Hôtellerie-restauration";0,00519518862156386;638;"capacite_remboursement";"tresorerie_actif";"autonomie_financiere";2;0,00561272217025257
"E12473";2023;"BTP";0,119980912487348;544;"capacite_remboursement";"liquidite_generale";"autonomie_financiere";8;0,157088122605364
"E12476";2023;"Industrie";0,0460751085721869;575;"autonomie_financiere";"capacite_remboursement";"liquidite_generale";7;0,0622489959839357
"E12480";2023;"Services";0,018511765744367;601;"autonomie_financiere";"liquidite_generale";"capacite_remboursement";5;0,0206378986866792
"E12481";2023;"BTP";0,128483762789712;542;"capacite_remboursement";"log_effectif";"liquidite_generale";8;0,157088122605364
"E12482";2023;"Services";0,0685481147142342;564;"autonomie_financiere";"capacite_remboursement";"tresorerie_actif";7;0,0622489959839357
"E12491";2023;"Services";0,00264400780889251;658;"capacite_remboursement";"autonomie_financiere";"liquidite_generale";1;0,00282752120640905
"E12498";2023;"Commerce";0,00583131861641368;635;"capacite_remboursement";"tresorerie_actif";"autonomie_financiere";2;0,00561272217025257
"E12513";2023;"Transport";0,0389737874026341;580;"capacite_remboursement";"autonomie_financiere";"tresorerie_actif";6;0,0261682242990654
"E12516";2023;"Hôtellerie-restauration";0,0309987285552701;587;"capacite_remboursement";"autonomie_financiere";"liquidite_generale";6;0,0261682242990654
"E12518";2023;"BTP";0,0436621266997215;577;"capacite_remboursement";"autonomie_financiere";"log_effectif";6;0,0261682242990654
"E12520";2023;"Services";0,0102122182710307;619;"capacite_remboursement";"tresorerie_actif";"incidents_paiement";3;0,0101195952161914
"E12526";2023;"Industrie";0,0119907522180001;615;"capacite_remboursement";"autonomie_financiere";"tresorerie_actif";4;0,0195503421309873
"E12528";2023;"BTP";0,00828690232734675;624;"capacite_remboursement";"tresorerie_actif";"autonomie_financiere";3;0,0101195952161914
"E12535";2023;"Transport";0,0284574389429177;590;"capacite_remboursement";"autonomie_financiere";"tresorerie_actif";6;0,0261682242990654
"E12539";2023;"Services";0,00847567368738542;625;"capacite_remboursement";"autonomie_financiere";"liquidite_generale";3;0,0101195952161914
"E12544";2023;"Industrie";0,00710502939865964;631;"capacite_remboursement";"autonomie_financiere";"tresorerie_actif";3;0,0101195952161914
"E12551";2023;"BTP";0,0057855346480442;636;"capacite_remboursement";"tresorerie_actif";"autonomie_financiere";2;0,00561272217025257
"E12559";2023;"Services";0,00774964575389806;627;"autonomie_financiere";"capacite_remboursement";"tresorerie_actif";3;0,0101195952161914
"E12561";2023;"Industrie";0,00224977066359361;664;"capacite_remboursement";"tresorerie_actif";"log_effectif";1;0,00282752120640905
"E12563";2023;"Industrie";0,00441162561381844;644;"capacite_remboursement";"autonomie_financiere";"tresorerie_actif";2;0,00561272217025257
"E12564";2023;"Commerce";0,0472641109281875;574;"capacite_remboursement";"autonomie_financiere";"log_effectif";7;0,0622489959839357
"E12568";2023;"Commerce";0,00682664300362048;631;"liquidite_generale";"autonomie_financiere";"tresorerie_actif";3;0,0101195952161914
"E12573";2023;"Industrie";0,0283970786728198;589;"autonomie_financiere";"capacite_remboursement";"tresorerie_actif";6;0,0261682242990654
"E12574";2023;"Industrie";0,0135242649290496;612;"capacite_remboursement";"autonomie_financiere";"log_effectif";4;0,0195503421309873
"E12588";2023;"Services";0,00476888432528806;642;"capacite_remboursement";"tresorerie_actif";"log_effectif";2;0,00561272217025257
"E12593";2023;"Services";0,0435356118663713;577;"capacite_remboursement";"autonomie_financiere";"tresorerie_actif";6;0,0261682242990654
"E12598";2023;"Commerce";0,00406861206333139;646;"capacite_remboursement";"log_effectif";"tresorerie_actif";2;0,00561272217025257
"E12600";2023;"Services";0,0757995460416367;560;"autonomie_financiere";"capacite_remboursement";"log_effectif";7;0,0622489959839357
"E12601";2023;"Commerce";0,0917831574521997;553;"autonomie_financiere";"liquidite_generale";"capacite_remboursement";8;0,157088122605364
"E12603";2023;"Industrie";0,00113735061079932;683;"autonomie_financiere";"liquidite_generale";"log_effectif";1;0,00282752120640905
"E12607";2023;"Services";0,0181228273943881;603;"capacite_remboursement";"autonomie_financiere";"tresorerie_actif";5;0,0206378986866792
"E12609";2023;"Hôtellerie-restauration";0,0284701130219633;589;"capacite_remboursement";"liquidite_generale";"autonomie_financiere";6;0,0261682242990654
"E12610";2023;"Services";0,0386416974340359;581;"autonomie_financiere";"capacite_remboursement";"tresorerie_actif";6;0,0261682242990654
"E12611";2023;"Industrie";0,00867215139809675;625;"capacite_remboursement";"autonomie_financiere";"tresorerie_actif";3;0,0101195952161914
"E12612";2023;"BTP";0,00294106769371375;655;"autonomie_financiere";"tresorerie_actif";"secteur";1;0,00282752120640905
"E12616";2023;"Commerce";0,00490029292100164;641;"tresorerie_actif";"capacite_remboursement";"log_effectif";2;0,00561272217025257
"E12620";2023;"Services";0,0162117356053493;606;"autonomie_financiere";"capacite_remboursement";"log_effectif";4;0,0195503421309873
"E12625";2023;"BTP";0,00796905914435036;627;"autonomie_financiere";"capacite_remboursement";"log_effectif";3;0,0101195952161914
"E12629";2023;"Services";0,0188601454147948;601;"liquidite_generale";"autonomie_financiere";"capacite_remboursement";5;0,0206378986866792
"E12633";2023;"Services";0,0561380797009218;568;"liquidite_generale";"capacite_remboursement";"tresorerie_actif";7;0,0622489959839357
"E12644";2023;"Commerce";0,0807245254751123;559;"autonomie_financiere";"capacite_remboursement";"tresorerie_actif";7;0,0622489959839357
"E12649";2023;"Industrie";0,060342495968724;568;"capacite_remboursement";"autonomie_financiere";"tresorerie_actif";7;0,0622489959839357
"E12656";2023;"Services";0,0543496457700521;570;"capacite_remboursement";"autonomie_financiere";"tresorerie_actif";7;0,0622489959839357
"E12659";2023;"Industrie";0,0399008958991477;580;"capacite_remboursement";"autonomie_financiere";"tresorerie_actif";6;0,0261682242990654
"E12666";2023;"Hôtellerie-restauration";0,0195603327419305;600;"liquidite_generale";"capacite_remboursement";"autonomie_financiere";5;0,0206378986866792
"E12675";2023;"Hôtellerie-restauration";0,171089185846236;532;"capacite_remboursement";"autonomie_financiere";"liquidite_generale";8;0,157088122605364
"E12678";2023;"Transport";0,0589546516378162;566;"autonomie_financiere";"capacite_remboursement";"tresorerie_actif";7;0,0622489959839357
"E12679";2023;"Services";0,00578627973282725;636;"capacite_remboursement";"autonomie_financiere";"liquidite_generale";2;0,00561272217025257
"E12685";2023;"Services";0,0266033149307576;591;"liquidite_generale";"capacite_remboursement";"tresorerie_actif";6;0,0261682242990654
"E12691";2023;"Industrie";0,00437658541515275;645;"capacite_remboursement";"autonomie_financiere";"tresorerie_actif";2;0,00561272217025257
"E12694";2023;"Commerce";0,014477554001999;609;"capacite_remboursement";"autonomie_financiere";"tresorerie_actif";4;0,0195503421309873
"E12696";2023;"BTP";0,0260974904311636;591;"capacite_remboursement";"autonomie_financiere";"liquidite_generale";6;0,0261682242990654
"E12699";2023;"Commerce";0,0337914221757881;584;"capacite_remboursement";"autonomie_financiere";"tresorerie_actif";6;0,0261682242990654
"E12700";2023;"BTP";0,0196151969698951;599;"capacite_remboursement";"autonomie_financiere";"incidents_paiement";5;0,0206378986866792
"E12702";2023;"Services";0,0203982120286642;599;"capacite_remboursement";"autonomie_financiere";"tresorerie_actif";5;0,0206378986866792
"E12703";2023;"Transport";0,0216823976319938;598;"capacite_remboursement";"tresorerie_actif";"autonomie_financiere";5;0,0206378986866792
"E12708";2023;"BTP";0,516737073218801;485;"autonomie_financiere";"capacite_remboursement";"liquidite_generale";8;0,157088122605364
"E12709";2023;"Transport";0,030986606642081;588;"autonomie_financiere";"capacite_remboursement";"tresorerie_actif";6;0,0261682242990654
"E12720";2023;"BTP";0,0842269373068569;555;"capacite_remboursement";"autonomie_financiere";"tresorerie_actif";8;0,157088122605364
"E12725";2023;"Commerce";0,0181341687773417;602;"liquidite_generale";"capacite_remboursement";"autonomie_financiere";5;0,0206378986866792
"E12727";2023;"Transport";0,0644405580615571;565;"capacite_remboursement";"autonomie_financiere";"liquidite_generale";7;0,0622489959839357
"E12733";2023;"Services";0,011082698536849;617;"autonomie_financiere";"capacite_remboursement";"tresorerie_actif";4;0,0195503421309873
"E12736";2023;"Services";0,00116974167384397;683;"liquidite_generale";"tresorerie_actif";"log_effectif";1;0,00282752120640905
"E12744";2023;"Services";0,00820316506835461;626;"capacite_remboursement";"tresorerie_actif";"autonomie_financiere";3;0,0101195952161914
"E12747";2023;"BTP";0,0420633813553847;577;"capacite_remboursement";"liquidite_generale";"log_effectif";6;0,0261682242990654
"E12748";2023;"Industrie";0,0079482576550243;626;"autonomie_financiere";"capacite_remboursement";"tresorerie_actif";3;0,0101195952161914
"E12754";2023;"Services";0,0722391757437182;561;"liquidite_generale";"autonomie_financiere";"capacite_remboursement";7;0,0622489959839357
"E12759";2023;"Commerce";0,149555735226163;538;"autonomie_financiere";"capacite_remboursement";"incidents_paiement";8;0,157088122605364
"E12761";2023;"Industrie";0,0378939581490511;581;"capacite_remboursement";"log_effectif";"tresorerie_actif";6;0,0261682242990654
"E12763";2023;"Services";0,00526510636420133;638;"capacite_remboursement";"tresorerie_actif";"autonomie_financiere";2;0,00561272217025257
"E12769";2023;"BTP";0,0616571147982693;565;"capacite_remboursement";"autonomie_financiere";"tresorerie_actif";7;0,0622489959839357
"E12772";2023;"Commerce";0,0471188497151323;574;"capacite_remboursement";"autonomie_financiere";"tresorerie_actif";7;0,0622489959839357
"E12776";2023;"BTP";0,0155344611322999;606;"autonomie_financiere";"capacite_remboursement";"tresorerie_actif";4;0,0195503421309873
"E12780";2023;"BTP";0,101215001044935;550;"liquidite_generale";"capacite_remboursement";"autonomie_financiere";8;0,157088122605364
"E12781";2023;"Industrie";0,0051903015002281;639;"capacite_remboursement";"autonomie_financiere";"tresorerie_actif";2;0,00561272217025257
"E12782";2023;"Industrie";0,0504469166168593;572;"capacite_remboursement";"liquidite_generale";"autonomie_financiere";7;0,0622489959839357
"E12784";2023;"Services";0,00596411909939407;636;"autonomie_financiere";"capacite_remboursement";"tresorerie_actif";2;0,00561272217025257
"E12788";2023;"Commerce";0,0233761922734226;595;"capacite_remboursement";"tresorerie_actif";"autonomie_financiere";5;0,0206378986866792
"E12792";2023;"Commerce";0,0104156854133042;619;"capacite_remboursement";"liquidite_generale";"tresorerie_actif";3;0,0101195952161914
"E12803";2023;"Services";0,0027194819044606;658;"autonomie_financiere";"liquidite_generale";"log_effectif";1;0,00282752120640905
"E12806";2023;"Commerce";0,0220052889047383;597;"autonomie_financiere";"capacite_remboursement";"tresorerie_actif";5;0,0206378986866792
"E12814";2023;"Industrie";0,0374950067498904;581;"liquidite_generale";"capacite_remboursement";"autonomie_financiere";6;0,0261682242990654
"E12816";2023;"Commerce";0,0644453979176652;564;"capacite_remboursement";"liquidite_generale";"autonomie_financiere";7;0,0622489959839357
"E12818";2023;"Industrie";0,00572871571275278;636;"autonomie_financiere";"capacite_remboursement";"liquidite_generale";2;0,00561272217025257
"E12829";2023;"Services";0,0256544361073981;593;"capacite_remboursement";"autonomie_financiere";"log_effectif";5;0,0206378986866792
"E12837";2023;"Transport";0,0251476680812899;592;"autonomie_financiere";"capacite_remboursement";"tresorerie_actif";5;0,0206378986866792
"E12841";2023;"Industrie";0,00134426177295665;679;"liquidite_generale";"tresorerie_actif";"log_effectif";1;0,00282752120640905
"E12842";2023;"Services";0,0222646336165707;596;"capacite_remboursement";"autonomie_financiere";"tresorerie_actif";5;0,0206378986866792
"E12843";2023;"BTP";0,0220379285699604;596;"capacite_remboursement";"tresorerie_actif";"autonomie_financiere";5;0,0206378986866792
"E12852";2023;"Industrie";0,00433914176106895;645;"capacite_remboursement";"tresorerie_actif";"autonomie_financiere";2;0,00561272217025257
"E12858";2023;"Services";0,00962329880877722;622;"capacite_remboursement";"autonomie_financiere";"tresorerie_actif";3;0,0101195952161914
"E12862";2023;"BTP";0,00123285128790458;681;"tresorerie_actif";"log_effectif";"delai_clients_jours";1;0,00282752120640905
"E12869";2023;"Services";0,0490173763366137;573;"autonomie_financiere";"capacite_remboursement";"incidents_paiement";7;0,0622489959839357
"E12870";2023;"BTP";0,0583683960314444;566;"capacite_remboursement";"tresorerie_actif";"autonomie_financiere";7;0,0622489959839357
"E12877";2023;"Commerce";0,0467887969622995;575;"capacite_remboursement";"autonomie_financiere";"liquidite_generale";7;0,0622489959839357
"E12878";2023;"Hôtellerie-restauration";0,00171999687194687;670;"capacite_remboursement";"tresorerie_actif";"log_effectif";1;0,00282752120640905
"E12881";2023;"Transport";0,0179338195442695;604;"capacite_remboursement";"autonomie_financiere";"liquidite_generale";5;0,0206378986866792
"E12884";2023;"Services";0,0159912173896972;607;"capacite_remboursement";"autonomie_financiere";"tresorerie_actif";4;0,0195503421309873
"E12892";2023;"Hôtellerie-restauration";0,00611095586063234;633;"autonomie_financiere";"incidents_paiement";"liquidite_generale";2;0,00561272217025257
"E12893";2023;"Hôtellerie-restauration";0,0411498993183939;578;"autonomie_financiere";"capacite_remboursement";"tresorerie_actif";6;0,0261682242990654
"E12906";2023;"Industrie";0,0204328950349793;599;"log_effectif";"capacite_remboursement";"autonomie_financiere";5;0,0206378986866792
"E12913";2023;"Hôtellerie-restauration";0,177468100429045;531;"capacite_remboursement";"autonomie_financiere";"tresorerie_actif";8;0,157088122605364
"E12916";2023;"Commerce";0,0151479609576383;607;"capacite_remboursement";"autonomie_financiere";"incidents_paiement";4;0,0195503421309873
"E12920";2023;"Services";0,0519479870466487;573;"autonomie_financiere";"capacite_remboursement";"log_effectif";7;0,0622489959839357
"E12922";2023;"Services";0,00197395507407106;667;"capacite_remboursement";"tresorerie_actif";"log_effectif";1;0,00282752120640905
"E12924";2023;"Services";0,0181237278740095;603;"liquidite_generale";"capacite_remboursement";"log_effectif";5;0,0206378986866792
"E12928";2023;"Transport";0,0947947951038473;553;"autonomie_financiere";"capacite_remboursement";"tresorerie_actif";8;0,157088122605364
"E12931";2023;"Services";0,00498782256392771;640;"autonomie_financiere";"capacite_remboursement";"liquidite_generale";2;0,00561272217025257
"E12933";2023;"Industrie";0,00548368717967786;638;"autonomie_financiere";"capacite_remboursement";"log_effectif";2;0,00561272217025257
"E12938";2023;"BTP";0,0397938233947975;578;"capacite_remboursement";"log_effectif";"tresorerie_actif";6;0,0261682242990654
"E12942";2023;"Services";0,00509086600277365;640;"capacite_remboursement";"autonomie_financiere";"liquidite_generale";2;0,00561272217025257
"E12944";2023;"Hôtellerie-restauration";0,0182776695733067;602;"capacite_remboursement";"autonomie_financiere";"tresorerie_actif";5;0,0206378986866792
"E12950";2023;"Industrie";0,207667606103832;525;"capacite_remboursement";"liquidite_generale";"autonomie_financiere";8;0,157088122605364
"E12961";2023;"Services";0,0122172703136887;615;"capacite_remboursement";"autonomie_financiere";"liquidite_generale";4;0,0195503421309873
"E12967";2023;"Services";0,0835937870201772;558;"capacite_remboursement";"autonomie_financiere";"liquidite_generale";7;0,0622489959839357
"E12971";2023;"Hôtellerie-restauration";0,0112644404290298;615;"autonomie_financiere";"capacite_remboursement";"incidents_paiement";4;0,0195503421309873
"E12975";2023;"Transport";0,0939902942488208;553;"capacite_remboursement";"liquidite_generale";"autonomie_financiere";8;0,157088122605364
"E12979";2023;"BTP";0,0429252081046312;577;"capacite_remboursement";"tresorerie_actif";"autonomie_financiere";6;0,0261682242990654
"E12995";2023;"BTP";0,00235850369133238;661;"log_effectif";"tresorerie_actif";"secteur";1;0,00282752120640905
"E12999";2023;"Hôtellerie-restauration";0,0375671479157758;580;"capacite_remboursement";"autonomie_financiere";"tresorerie_actif";6;0,0261682242990654
"E13001";2023;"BTP";0,0674661042826883;563;"capacite_remboursement";"autonomie_financiere";"tresorerie_actif";7;0,0622489959839357
"E13004";2023;"Commerce";0,00729194516441151;629;"autonomie_financiere";"capacite_remboursement";"tresorerie_actif";3;0,0101195952161914
"E13010";2023;"Services";0,0116224828818455;616;"tresorerie_actif";"autonomie_financiere";"capacite_remboursement";4;0,0195503421309873
"E13011";2023;"Commerce";0,00370251350272734;648;"autonomie_financiere";"tresorerie_actif";"log_effectif";2;0,00561272217025257
"E13013";2023;"Services";0,0279885128092149;591;"capacite_remboursement";"autonomie_financiere";"tresorerie_actif";6;0,0261682242990654
"E13021";2023;"Transport";0,0408253610542416;578;"autonomie_financiere";"capacite_remboursement";"tresorerie_actif";6;0,0261682242990654
"E13024";2023;"Industrie";0,000418043268136974;713;"log_effectif";"delai_clients_jours";"secteur";1;0,00282752120640905
"E13027";2023;"Industrie";0,0495238644719606;572;"capacite_remboursement";"autonomie_financiere";"tresorerie_actif";7;0,0622489959839357
"E13034";2023;"Services";0,0139570712271496;611;"capacite_remboursement";"autonomie_financiere";"tresorerie_actif";4;0,0195503421309873
"E13037";2023;"Industrie";0,00485393602034536;642;"capacite_remboursement";"autonomie_financiere";"tresorerie_actif";2;0,00561272217025257
"E13040";2023;"Commerce";0,0342931095159142;583;"capacite_remboursement";"autonomie_financiere";"tresorerie_actif";6;0,0261682242990654
"E13041";2023;"Industrie";0,0239817543221776;594;"autonomie_financiere";"capacite_remboursement";"incidents_paiement";5;0,0206378986866792
"E13043";2023;"BTP";0,0411696967648241;578;"capacite_remboursement";"autonomie_financiere";"tresorerie_actif";6;0,0261682242990654
"E13046";2023;"Transport";0,00487571229766235;641;"capacite_remboursement";"tresorerie_actif";"autonomie_financiere";2;0,00561272217025257
"E13048";2023;"Industrie";0,00152181771786167;675;"autonomie_financiere";"log_effectif";"delai_clients_jours";1;0,00282752120640905
"E13050";2023;"Commerce";0,00884974724915725;624;"capacite_remboursement";"autonomie_financiere";"log_effectif";3;0,0101195952161914
"E13052";2023;"Commerce";0,0121182467871725;614;"capacite_remboursement";"log_effectif";"autonomie_financiere";4;0,0195503421309873
"E13059";2023;"Commerce";0,109426455321682;547;"capacite_remboursement";"autonomie_financiere";"log_effectif";8;0,157088122605364
"E13063";2023;"Industrie";0,086797273560209;556;"capacite_remboursement";"liquidite_generale";"autonomie_financiere";8;0,157088122605364
"E13092";2023;"Transport";0,0456042825711103;575;"capacite_remboursement";"autonomie_financiere";"tresorerie_actif";7;0,0622489959839357
"E13093";2023;"Hôtellerie-restauration";0,00184394082549172;668;"capacite_remboursement";"liquidite_generale";"tresorerie_actif";1;0,00282752120640905
"E13096";2023;"Industrie";0,00990935805720462;621;"autonomie_financiere";"capacite_remboursement";"tresorerie_actif";3;0,0101195952161914
"E13097";2023;"Services";0,0717256402594374;562;"capacite_remboursement";"autonomie_financiere";"liquidite_generale";7;0,0622489959839357
"E13109";2023;"Industrie";0,00254221872142718;660;"autonomie_financiere";"tresorerie_actif";"liquidite_generale";1;0,00282752120640905
"E13129";2023;"Services";0,00540191404678907;638;"capacite_remboursement";"autonomie_financiere";"tresorerie_actif";2;0,00561272217025257
"E13132";2023;"Hôtellerie-restauration";0,0102698736231493;619;"capacite_remboursement";"autonomie_financiere";"tresorerie_actif";3;0,0101195952161914
"E13170";2023;"Commerce";0,0118126073719707;615;"capacite_remboursement";"autonomie_financiere";"liquidite_generale";4;0,0195503421309873
"E13171";2023;"Services";0,0120634439942359;615;"autonomie_financiere";"capacite_remboursement";"tresorerie_actif";4;0,0195503421309873
"E13173";2023;"BTP";0,00351459925520077;650;"log_effectif";"autonomie_financiere";"tresorerie_actif";2;0,00561272217025257
"E13184";2023;"Hôtellerie-restauration";0,0196015334160997;600;"capacite_remboursement";"autonomie_financiere";"tresorerie_actif";5;0,0206378986866792
"E13185";2023;"Services";0,0171748074443164;605;"capacite_remboursement";"autonomie_financiere";"log_effectif";4;0,0195503421309873
"E13200";2023;"Commerce";0,0076480606420466;628;"capacite_remboursement";"autonomie_financiere";"tresorerie_actif";3;0,0101195952161914
"E13201";2023;"Transport";0,0367736633101981;582;"capacite_remboursement";"autonomie_financiere";"tresorerie_actif";6;0,0261682242990654
"E13203";2023;"Industrie";0,102930581369151;549;"capacite_remboursement";"liquidite_generale";"autonomie_financiere";8;0,157088122605364
"E13210";2023;"Services";0,0207805405868166;598;"capacite_remboursement";"autonomie_financiere";"tresorerie_actif";5;0,0206378986866792
"E13213";2023;"BTP";0,0186964559170609;601;"capacite_remboursement";"autonomie_financiere";"tresorerie_actif";5;0,0206378986866792
"E13214";2023;"Industrie";0,0303654527484828;587;"capacite_remboursement";"liquidite_generale";"autonomie_financiere";6;0,0261682242990654
"E13216";2023;"Industrie";0,00448153575918727;643;"autonomie_financiere";"capacite_remboursement";"tresorerie_actif";2;0,00561272217025257
"E13221";2023;"Hôtellerie-restauration";0,00363010314476692;649;"autonomie_financiere";"capacite_remboursement";"log_effectif";2;0,00561272217025257
"E13222";2023;"BTP";0,0939960159962712;553;"autonomie_financiere";"liquidite_generale";"capacite_remboursement";8;0,157088122605364
"E13224";2023;"Services";0,282817686634337;515;"autonomie_financiere";"capacite_remboursement";"liquidite_generale";8;0,157088122605364
"E13228";2023;"Industrie";0,00378610834467579;649;"capacite_remboursement";"autonomie_financiere";"tresorerie_actif";2;0,00561272217025257
"E13234";2023;"Services";0,00509086600277365;640;"capacite_remboursement";"autonomie_financiere";"liquidite_generale";2;0,00561272217025257
"E13236";2023;"Industrie";0,04472649816815;576;"capacite_remboursement";"autonomie_financiere";"liquidite_generale";7;0,0622489959839357
"E13240";2023;"Industrie";0,00230667790714779;663;"capacite_remboursement";"tresorerie_actif";"log_effectif";1;0,00282752120640905
"E13241";2023;"Commerce";0,0560859166133567;569;"capacite_remboursement";"autonomie_financiere";"tresorerie_actif";7;0,0622489959839357
"E13249";2023;"Services";0,00394213375204329;647;"capacite_remboursement";"tresorerie_actif";"autonomie_financiere";2;0,00561272217025257
"E13260";2023;"Industrie";0,00878791437523466;624;"autonomie_financiere";"capacite_remboursement";"liquidite_generale";3;0,0101195952161914
"E13271";2023;"Transport";0,0179239425298314;604;"capacite_remboursement";"autonomie_financiere";"tresorerie_actif";5;0,0206378986866792
"E13274";2023;"Industrie";0,444686165138288;494;"autonomie_financiere";"capacite_remboursement";"liquidite_generale";8;0,157088122605364
"E13277";2023;"Services";0,000289422095181163;723;"log_effectif";"delai_clients_jours";NA;1;0,00282752120640905
"E13284";2023;"Commerce";0,422898893387294;496;"autonomie_financiere";"capacite_remboursement";"liquidite_generale";8;0,157088122605364
"E13286";2023;"Industrie";0,032364637251295;586;"capacite_remboursement";"log_effectif";"autonomie_financiere";6;0,0261682242990654
"E13292";2023;"Commerce";0,00437048144653626;643;"log_effectif";"capacite_remboursement";"tresorerie_actif";2;0,00561272217025257
"E13295";2023;"Services";0,00213888988609674;665;"tresorerie_actif";"capacite_remboursement";"log_effectif";1;0,00282752120640905
"E13296";2023;"Industrie";0,00882487316644417;624;"capacite_remboursement";"autonomie_financiere";"tresorerie_actif";3;0,0101195952161914
"E13304";2023;"Commerce";0,0322342393893191;584;"capacite_remboursement";"log_effectif";"tresorerie_actif";6;0,0261682242990654
"E13307";2023;"Hôtellerie-restauration";0,0244534483954977;594;"capacite_remboursement";"autonomie_financiere";"liquidite_generale";5;0,0206378986866792
"E13315";2023;"Commerce";0,00362083696280827;649;"capacite_remboursement";"autonomie_financiere";"liquidite_generale";2;0,00561272217025257
"E13316";2023;"Industrie";0,0486427160854214;574;"autonomie_financiere";"capacite_remboursement";"tresorerie_actif";7;0,0622489959839357
"E13318";2023;"Commerce";0,0398447151968591;580;"capacite_remboursement";"autonomie_financiere";"tresorerie_actif";6;0,0261682242990654
"E13324";2023;"Services";0,0216249210500392;598;"autonomie_financiere";"capacite_remboursement";"tresorerie_actif";5;0,0206378986866792
"E13327";2023;"Commerce";0,0398197376232528;579;"capacite_remboursement";"autonomie_financiere";"tresorerie_actif";6;0,0261682242990654
"E13338";2023;"Industrie";0,0905248146860049;555;"autonomie_financiere";"capacite_remboursement";"incidents_paiement";8;0,157088122605364
"E13339";2023;"Hôtellerie-restauration";0,00704355751863028;629;"capacite_remboursement";"tresorerie_actif";"incidents_paiement";3;0,0101195952161914
"E13341";2023;"Commerce";0,00155528505925123;674;"capacite_remboursement";"tresorerie_actif";"secteur";1;0,00282752120640905
"E13348";2023;"Transport";0,00444396824117587;644;"capacite_remboursement";"tresorerie_actif";"liquidite_generale";2;0,00561272217025257
"E13351";2023;"Services";0,00560517906151147;637;"capacite_remboursement";"autonomie_financiere";"liquidite_generale";2;0,00561272217025257
"E13372";2023;"Commerce";0,00988381704860605;620;"capacite_remboursement";"tresorerie_actif";"autonomie_financiere";3;0,0101195952161914
"E13378";2023;"Services";0,181276074457061;532;"autonomie_financiere";"capacite_remboursement";"tresorerie_actif";8;0,157088122605364
"E13379";2023;"Services";0,0104892457255931;620;"capacite_remboursement";"tresorerie_actif";"autonomie_financiere";3;0,0101195952161914
"E13381";2023;"Hôtellerie-restauration";0,00530928850647888;638;"capacite_remboursement";"autonomie_financiere";"tresorerie_actif";2;0,00561272217025257
"E13382";2023;"Transport";0,310639209901969;510;"autonomie_financiere";"liquidite_generale";"capacite_remboursement";8;0,157088122605364
"E13384";2023;"Industrie";0,231018412850226;522;"capacite_remboursement";"autonomie_financiere";"liquidite_generale";8;0,157088122605364
"E13386";2023;"Hôtellerie-restauration";0,0683429168503629;563;"capacite_remboursement";"autonomie_financiere";"liquidite_generale";7;0,0622489959839357
"E13391";2023;"Commerce";0,0105034933944501;619;"capacite_remboursement";"autonomie_financiere";"tresorerie_actif";3;0,0101195952161914
"E13392";2023;"Commerce";0,297137827184311;513;"autonomie_financiere";"capacite_remboursement";"liquidite_generale";8;0,157088122605364
"E13395";2023;"Transport";0,00883247862858215;623;"capacite_remboursement";"autonomie_financiere";"tresorerie_actif";3;0,0101195952161914
"E13396";2023;"Industrie";0,0071065525713471;630;"capacite_remboursement";"tresorerie_actif";"autonomie_financiere";3;0,0101195952161914
"E13397";2023;"Commerce";0,00638389751836944;632;"capacite_remboursement";"autonomie_financiere";"liquidite_generale";2;0,00561272217025257
"E13399";2023;"BTP";0,00289882530479571;656;"capacite_remboursement";"log_effectif";"tresorerie_actif";1;0,00282752120640905
"E13411";2023;"Services";0,0868179503531272;555;"capacite_remboursement";"autonomie_financiere";"tresorerie_actif";8;0,157088122605364
"E13417";2023;"Industrie";0,00270002877498631;658;"capacite_remboursement";"tresorerie_actif";"log_effectif";1;0,00282752120640905
"E13424";2023;"BTP";0,0272365127700737;590;"capacite_remboursement";"liquidite_generale";"autonomie_financiere";6;0,0261682242990654
"E13428";2023;"Commerce";0,113129655936496;545;"capacite_remboursement";"liquidite_generale";"autonomie_financiere";8;0,157088122605364
"E13433";2023;"Hôtellerie-restauration";0,0197366744895064;598;"liquidite_generale";"autonomie_financiere";"tresorerie_actif";5;0,0206378986866792
"E13434";2023;"Services";0,0209298940063614;598;"autonomie_financiere";"capacite_remboursement";"incidents_paiement";5;0,0206378986866792
"E13438";2023;"Transport";0,0215121847666507;597;"log_effectif";"autonomie_financiere";"capacite_remboursement";5;0,0206378986866792
"E13454";2023;"BTP";0,0237907687805646;594;"capacite_remboursement";"autonomie_financiere";"liquidite_generale";5;0,0206378986866792
"E13455";2023;"Hôtellerie-restauration";0,0138324096633379;610;"capacite_remboursement";"tresorerie_actif";"liquidite_generale";4;0,0195503421309873
"E13459";2023;"Commerce";0,00272594402049877;657;"capacite_remboursement";"autonomie_financiere";"tresorerie_actif";1;0,00282752120640905
"E13460";2023;"Hôtellerie-restauration";0,0245926270323197;592;"capacite_remboursement";"liquidite_generale";"autonomie_financiere";5;0,0206378986866792
"E13468";2023;"Industrie";0,0193399905317663;601;"capacite_remboursement";"liquidite_generale";"autonomie_financiere";5;0,0206378986866792
"E13469";2023;"BTP";0,0700814595372777;562;"capacite_remboursement";"autonomie_financiere";"liquidite_generale";7;0,0622489959839357
"E13471";2023;"BTP";0,0614387109350556;565;"capacite_remboursement";"autonomie_financiere";"incidents_paiement";7;0,0622489959839357
"E13485";2023;"Services";0,0351569685526103;584;"capacite_remboursement";"autonomie_financiere";"tresorerie_actif";6;0,0261682242990654
"E13501";2023;"Services";0,00299063757134537;655;"autonomie_financiere";"capacite_remboursement";"liquidite_generale";1;0,00282752120640905
"E13505";2023;"Hôtellerie-restauration";0,010430624649537;618;"capacite_remboursement";"tresorerie_actif";"autonomie_financiere";3;0,0101195952161914
"E13507";2023;"Services";0,0137355005575667;611;"autonomie_financiere";"capacite_remboursement";"tresorerie_actif";4;0,0195503421309873
"E13508";2023;"Hôtellerie-restauration";0,00614389260428061;634;"capacite_remboursement";"autonomie_financiere";"liquidite_generale";2;0,00561272217025257
"E13512";2023;"BTP";0,0113521891363969;615;"capacite_remboursement";"tresorerie_actif";"autonomie_financiere";4;0,0195503421309873
"E13514";2023;"Transport";0,00958216503183566;621;"capacite_remboursement";"tresorerie_actif";"autonomie_financiere";3;0,0101195952161914
"E13516";2023;"Services";0,00596608757625815;635;"autonomie_financiere";"capacite_remboursement";"liquidite_generale";2;0,00561272217025257
"E13519";2023;"Services";0,126956818297532;543;"capacite_remboursement";"autonomie_financiere";"liquidite_generale";8;0,157088122605364
"E13532";2023;"Services";0,0312990398605479;587;"capacite_remboursement";"liquidite_generale";"autonomie_financiere";6;0,0261682242990654
"E13536";2023;"BTP";0,109496884673878;548;"autonomie_financiere";"capacite_remboursement";"tresorerie_actif";8;0,157088122605364
"E13542";2023;"Transport";0,00374922461762222;648;"capacite_remboursement";"tresorerie_actif";"liquidite_generale";2;0,00561272217025257
"E13549";2023;"Commerce";0,176303974175442;531;"capacite_remboursement";"autonomie_financiere";"liquidite_generale";8;0,157088122605364
"E13557";2023;"Commerce";0,0130213952411376;611;"log_effectif";"capacite_remboursement";"autonomie_financiere";4;0,0195503421309873
"E13558";2023;"Industrie";0,020296484400573;600;"autonomie_financiere";"capacite_remboursement";"tresorerie_actif";5;0,0206378986866792
"E13562";2023;"BTP";0,00422275116910845;645;"capacite_remboursement";"tresorerie_actif";"liquidite_generale";2;0,00561272217025257
"E13564";2023;"Services";0,00728554039511071;629;"autonomie_financiere";"capacite_remboursement";"tresorerie_actif";3;0,0101195952161914
"E13583";2023;"BTP";0,0221729733933856;597;"capacite_remboursement";"autonomie_financiere";"tresorerie_actif";5;0,0206378986866792
"E13586";2023;"Hôtellerie-restauration";0,039588454905634;578;"capacite_remboursement";"liquidite_generale";"autonomie_financiere";6;0,0261682242990654
"E13589";2023;"Services";0,00390477552991321;648;"capacite_remboursement";"autonomie_financiere";"tresorerie_actif";2;0,00561272217025257
"E13603";2023;"Services";0,00543944087388206;638;"autonomie_financiere";"capacite_remboursement";"log_effectif";2;0,00561272217025257
"E13606";2023;"Transport";0,0140333368340816;610;"autonomie_financiere";"capacite_remboursement";"liquidite_generale";4;0,0195503421309873
"E13607";2023;"Commerce";0,0222629721434282;596;"autonomie_financiere";"capacite_remboursement";"tresorerie_actif";5;0,0206378986866792
"E13624";2023;"Transport";0,00361986009406258;650;"autonomie_financiere";"liquidite_generale";"tresorerie_actif";2;0,00561272217025257
"E13626";2023;"Commerce";0,0232834628670411;596;"capacite_remboursement";"autonomie_financiere";"tresorerie_actif";5;0,0206378986866792
"E13627";2023;"Industrie";0,00946411030525181;621;"autonomie_financiere";"capacite_remboursement";"liquidite_generale";3;0,0101195952161914
"E13652";2023;"Commerce";0,00714234537103168;630;"autonomie_financiere";"capacite_remboursement";"log_effectif";3;0,0101195952161914
"E13653";2023;"Industrie";0,00668709150121724;632;"capacite_remboursement";"autonomie_financiere";"liquidite_generale";2;0,00561272217025257
"E13657";2023;"BTP";0,0559544307771951;567;"autonomie_financiere";"capacite_remboursement";"tresorerie_actif";7;0,0622489959839357
"E13667";2023;"Commerce";0,0029032860361847;655;"autonomie_financiere";"capacite_remboursement";"liquidite_generale";1;0,00282752120640905
"E13670";2023;"Transport";0,0714211668537667;562;"capacite_remboursement";"liquidite_generale";"autonomie_financiere";7;0,0622489959839357
"E13683";2023;"Services";0,00672244768145866;631;"capacite_remboursement";"tresorerie_actif";"autonomie_financiere";3;0,0101195952161914
"E13685";2023;"Hôtellerie-restauration";0,0212587960458393;598;"capacite_remboursement";"autonomie_financiere";"tresorerie_actif";5;0,0206378986866792
"E13689";2023;"Commerce";0,00143474509612245;676;"autonomie_financiere";"log_effectif";"tresorerie_actif";1;0,00282752120640905
"E13695";2023;"Services";0,026131762747923;592;"autonomie_financiere";"capacite_remboursement";"tresorerie_actif";5;0,0206378986866792
"E13701";2023;"Industrie";0,00551042943655581;638;"capacite_remboursement";"autonomie_financiere";"log_effectif";2;0,00561272217025257
"E13703";2023;"Industrie";0,0926398785771569;554;"capacite_remboursement";"liquidite_generale";"autonomie_financiere";8;0,157088122605364
"E13704";2023;"BTP";0,0379286505470089;581;"capacite_remboursement";"autonomie_financiere";"tresorerie_actif";6;0,0261682242990654
"E13708";2023;"Industrie";0,134359388889037;542;"autonomie_financiere";"capacite_remboursement";"tresorerie_actif";8;0,157088122605364
"E13712";2023;"BTP";0,0496752365556888;573;"capacite_remboursement";"autonomie_financiere";"tresorerie_actif";7;0,0622489959839357
"E13713";2023;"Services";0,0162117356053493;606;"autonomie_financiere";"capacite_remboursement";"log_effectif";4;0,0195503421309873
"E13720";2023;"Industrie";0,00944746225031397;623;"capacite_remboursement";"log_effectif";"autonomie_financiere";3;0,0101195952161914
"E13729";2023;"BTP";0,011392702517801;615;"capacite_remboursement";"tresorerie_actif";"autonomie_financiere";4;0,0195503421309873
"E13732";2023;"Commerce";0,101906173971569;551;"capacite_remboursement";"autonomie_financiere";"tresorerie_actif";8;0,157088122605364
"E13736";2023;"Services";0,0197407099981244;600;"capacite_remboursement";"tresorerie_actif";"incidents_paiement";5;0,0206378986866792
"E13738";2023;"BTP";0,107703344084916;549;"autonomie_financiere";"capacite_remboursement";"tresorerie_actif";8;0,157088122605364
"E13740";2023;"Commerce";0,0839660948372227;555;"capacite_remboursement";"autonomie_financiere";"log_effectif";8;0,157088122605364
"E13742";2023;"Services";0,0307272014999435;587;"capacite_remboursement";"liquidite_generale";"autonomie_financiere";6;0,0261682242990654
"E13747";2023;"Services";0,0309926010461457;588;"capacite_remboursement";"tresorerie_actif";"autonomie_financiere";6;0,0261682242990654
"E13759";2023;"Services";0,0286178971101401;590;"capacite_remboursement";"autonomie_financiere";"liquidite_generale";6;0,0261682242990654
"E13780";2023;"Industrie";0,0442166333673937;576;"capacite_remboursement";"liquidite_generale";"autonomie_financiere";7;0,0622489959839357
"E13782";2023;"Industrie";0,0436937545758405;577;"capacite_remboursement";"liquidite_generale";"tresorerie_actif";6;0,0261682242990654
"E13785";2023;"Services";0,0109971051209629;618;"liquidite_generale";"autonomie_financiere";"capacite_remboursement";3;0,0101195952161914
"E13790";2023;"Services";0,00593671505102743;636;"autonomie_financiere";"capacite_remboursement";"tresorerie_actif";2;0,00561272217025257
"E13791";2023;"Industrie";0,0227064592803264;597;"capacite_remboursement";"autonomie_financiere";"tresorerie_actif";5;0,0206378986866792
"E13795";2023;"BTP";0,0521883140842526;571;"capacite_remboursement";"autonomie_financiere";"liquidite_generale";7;0,0622489959839357
"E13800";2023;"Industrie";0,266986541832773;517;"autonomie_financiere";"capacite_remboursement";"tresorerie_actif";8;0,157088122605364
"E13803";2023;"Services";0,0116142093254961;616;"capacite_remboursement";"autonomie_financiere";"tresorerie_actif";4;0,0195503421309873
"E13807";2023;"Services";0,000867033629968146;692;"tresorerie_actif";"log_effectif";"delai_clients_jours";1;0,00282752120640905
"E13812";2023;"Transport";0,0173461779025298;604;"capacite_remboursement";"autonomie_financiere";"tresorerie_actif";5;0,0206378986866792
"E13814";2023;"Commerce";0,00525049821492814;638;"capacite_remboursement";"autonomie_financiere";"tresorerie_actif";2;0,00561272217025257
"E13817";2023;"Commerce";0,00663456218683902;633;"capacite_remboursement";"log_effectif";"tresorerie_actif";2;0,00561272217025257
"E13821";2023;"Transport";0,00389492739401296;648;"autonomie_financiere";"liquidite_generale";"log_effectif";2;0,00561272217025257
"E13824";2023;"Commerce";0,0112426302275577;616;"tresorerie_actif";"autonomie_financiere";"capacite_remboursement";4;0,0195503421309873
"E13833";2023;"BTP";0,0441706180194097;575;"capacite_remboursement";"autonomie_financiere";"tresorerie_actif";7;0,0622489959839357
"E13835";2023;"Hôtellerie-restauration";0,00115873801688535;681;"autonomie_financiere";"liquidite_generale";"tresorerie_actif";1;0,00282752120640905
"E13842";2023;"Hôtellerie-restauration";0,00681484677684593;630;"autonomie_financiere";"capacite_remboursement";"incidents_paiement";3;0,0101195952161914
"E13844";2023;"BTP";0,00999191682472831;620;"capacite_remboursement";"autonomie_financiere";"liquidite_generale";3;0,0101195952161914
"E13846";2023;"Services";0,00369292849940772;649;"capacite_remboursement";"tresorerie_actif";"liquidite_generale";2;0,00561272217025257
"E13850";2023;"BTP";0,032473172285131;584;"autonomie_financiere";"capacite_remboursement";"incidents_paiement";6;0,0261682242990654
"E13857";2023;"Hôtellerie-restauration";0,0161274402489922;606;"capacite_remboursement";"tresorerie_actif";"autonomie_financiere";4;0,0195503421309873
"E13865";2023;"Services";0,00312840073172121;655;"capacite_remboursement";"log_effectif";"autonomie_financiere";1;0,00282752120640905
"E13881";2023;"Services";0,455610610371168;493;"autonomie_financiere";"capacite_remboursement";"liquidite_generale";8;0,157088122605364
"E13912";2023;"BTP";0,0104010437489086;618;"capacite_remboursement";"tresorerie_actif";"liquidite_generale";3;0,0101195952161914
"E13913";2023;"Industrie";0,00595412444339394;635;"capacite_remboursement";"liquidite_generale";"autonomie_financiere";2;0,00561272217025257
"E13915";2023;"Transport";0,0183887159791755;602;"capacite_remboursement";"log_effectif";"autonomie_financiere";5;0,0206378986866792
"E13916";2023;"Commerce";0,0115602685490477;616;"capacite_remboursement";"tresorerie_actif";"autonomie_financiere";4;0,0195503421309873
"E13917";2023;"Services";0,00172043766388742;672;"autonomie_financiere";"tresorerie_actif";"log_effectif";1;0,00282752120640905
"E13920";2023;"Commerce";0,0659042890230341;564;"liquidite_generale";"capacite_remboursement";"autonomie_financiere";7;0,0622489959839357
"E13921";2023;"Services";0,072955486961198;560;"capacite_remboursement";"autonomie_financiere";"log_effectif";7;0,0622489959839357
"E13922";2023;"Commerce";0,0063955844652887;633;"liquidite_generale";"tresorerie_actif";"log_effectif";2;0,00561272217025257
"E13925";2023;"Hôtellerie-restauration";0,017763064280452;603;"capacite_remboursement";"autonomie_financiere";"liquidite_generale";5;0,0206378986866792
"E13930";2023;"Hôtellerie-restauration";0,0177518597264804;603;"capacite_remboursement";"tresorerie_actif";"autonomie_financiere";5;0,0206378986866792
"E13933";2023;"Services";0,00585184254259907;636;"capacite_remboursement";"tresorerie_actif";"autonomie_financiere";2;0,00561272217025257
"E13938";2023;"BTP";0,02714648415477;589;"liquidite_generale";"autonomie_financiere";"tresorerie_actif";6;0,0261682242990654
"E13939";2023;"Services";0,0175412976922489;603;"autonomie_financiere";"capacite_remboursement";"incidents_paiement";5;0,0206378986866792
"E13963";2023;"Commerce";0,00645941889568674;633;"capacite_remboursement";"log_effectif";"autonomie_financiere";2;0,00561272217025257
"E13972";2023;"Hôtellerie-restauration";0,00462929987113751;642;"capacite_remboursement";"autonomie_financiere";"tresorerie_actif";2;0,00561272217025257
"E13979";2023;"BTP";0,0351412696016531;582;"capacite_remboursement";"autonomie_financiere";"tresorerie_actif";6;0,0261682242990654
"E13981";2023;"Industrie";0,0134180465672382;612;"capacite_remboursement";"autonomie_financiere";"tresorerie_actif";4;0,0195503421309873
"E13982";2023;"Transport";0,000934188702998028;688;"autonomie_financiere";"tresorerie_actif";"log_effectif";1;0,00282752120640905
"E13987";2023;"Transport";0,208838260924888;527;"autonomie_financiere";"capacite_remboursement";"tresorerie_actif";8;0,157088122605364
"E13989";2023;"Services";0,0612386528943996;565;"capacite_remboursement";"autonomie_financiere";"tresorerie_actif";7;0,0622489959839357
"E13990";2023;"Industrie";0,0230079954089517;596;"capacite_remboursement";"autonomie_financiere";"tresorerie_actif";5;0,0206378986866792
"E13992";2023;"Commerce";0,0115943970345846;616;"autonomie_financiere";"capacite_remboursement";"log_effectif";4;0,0195503421309873
"E13998";2023;"Industrie";0,029611751852506;589;"capacite_remboursement";"autonomie_financiere";"tresorerie_actif";6;0,0261682242990654
"E14002";2023;"Industrie";0,00315769641993335;653;"capacite_remboursement";"autonomie_financiere";"tresorerie_actif";1;0,00282752120640905
"E14005";2023;"Commerce";0,0123364620344876;613;"autonomie_financiere";"capacite_remboursement";"tresorerie_actif";4;0,0195503421309873
"E14008";2023;"Transport";0,0387486611572218;580;"capacite_remboursement";"tresorerie_actif";"log_effectif";6;0,0261682242990654
"E14009";2023;"Transport";0,0767335839510781;559;"capacite_remboursement";"autonomie_financiere";"tresorerie_actif";7;0,0622489959839357
"E14012";2023;"Services";0,0299351947223812;588;"capacite_remboursement";"autonomie_financiere";"tresorerie_actif";6;0,0261682242990654
"E14018";2023;"Commerce";0,00161866784656003;673;"autonomie_financiere";"tresorerie_actif";"secteur";1;0,00282752120640905
"E14025";2023;"Commerce";0,0552793399612318;569;"liquidite_generale";"autonomie_financiere";"capacite_remboursement";7;0,0622489959839357
"E14030";2023;"Transport";0,00612305137220646;635;"capacite_remboursement";"autonomie_financiere";"tresorerie_actif";2;0,00561272217025257
"E14033";2023;"BTP";0,0931011247052016;553;"capacite_remboursement";"autonomie_financiere";"tresorerie_actif";8;0,157088122605364
"E14038";2023;"Hôtellerie-restauration";0,0232098689159912;595;"capacite_remboursement";"autonomie_financiere";"tresorerie_actif";5;0,0206378986866792
"E14040";2023;"BTP";0,0258431462953119;592;"capacite_remboursement";"autonomie_financiere";"liquidite_generale";5;0,0206378986866792
"E14043";2023;"Hôtellerie-restauration";0,0126547415579373;613;"capacite_remboursement";"autonomie_financiere";"tresorerie_actif";4;0,0195503421309873
"E14047";2023;"Commerce";0,0367820736601015;582;"capacite_remboursement";"tresorerie_actif";"autonomie_financiere";6;0,0261682242990654
"E14050";2023;"Transport";0,0106017283447791;619;"capacite_remboursement";"autonomie_financiere";"tresorerie_actif";3;0,0101195952161914
"E14051";2023;"Commerce";0,372326502463566;503;"autonomie_financiere";"capacite_remboursement";"tresorerie_actif";8;0,157088122605364
"E14057";2023;"Transport";0,0225729576536306;596;"capacite_remboursement";"autonomie_financiere";"tresorerie_actif";5;0,0206378986866792
"E14063";2023;"BTP";0,0120584269254369;614;"autonomie_financiere";"capacite_remboursement";"log_effectif";4;0,0195503421309873
"E14064";2023;"Commerce";0,000760923011668407;695;"autonomie_financiere";"log_effectif";"secteur";1;0,00282752120640905
"E14065";2023;"BTP";0,0227840606474407;595;"autonomie_financiere";"capacite_remboursement";"tresorerie_actif";5;0,0206378986866792
"E14070";2023;"Services";0,0810016101348005;558;"autonomie_financiere";"capacite_remboursement";"liquidite_generale";7;0,0622489959839357
"E14071";2023;"Services";0,0088975055760298;624;"autonomie_financiere";"capacite_remboursement";"log_effectif";3;0,0101195952161914
"E14074";2023;"Industrie";0,00320646786468732;654;"autonomie_financiere";"tresorerie_actif";"log_effectif";1;0,00282752120640905
"E14076";2023;"Commerce";0,0195239480468309;600;"capacite_remboursement";"tresorerie_actif";"autonomie_financiere";5;0,0206378986866792
"E14077";2023;"Industrie";0,00741936710486264;629;"capacite_remboursement";"tresorerie_actif";"autonomie_financiere";3;0,0101195952161914
"E14080";2023;"Services";0,024459173243583;593;"autonomie_financiere";"log_effectif";"capacite_remboursement";5;0,0206378986866792
"E14085";2023;"Services";0,00994861105466768;620;"liquidite_generale";"autonomie_financiere";"tresorerie_actif";3;0,0101195952161914
"E14087";2023;"Services";0,00929663220601808;623;"capacite_remboursement";"autonomie_financiere";"tresorerie_actif";3;0,0101195952161914
"E14099";2023;"BTP";0,0686435953187321;563;"capacite_remboursement";"liquidite_generale";"autonomie_financiere";7;0,0622489959839357
"E14104";2023;"Services";0,410620359885436;498;"autonomie_financiere";"capacite_remboursement";"liquidite_generale";8;0,157088122605364
"E14105";2023;"Industrie";0,00795452887827532;627;"autonomie_financiere";"capacite_remboursement";"log_effectif";3;0,0101195952161914
"E14115";2023;"Hôtellerie-restauration";0,00234030615980104;661;"capacite_remboursement";"tresorerie_actif";"log_effectif";1;0,00282752120640905
"E14130";2023;"Industrie";0,00180557016663267;670;"capacite_remboursement";"liquidite_generale";"log_effectif";1;0,00282752120640905
"E14133";2023;"Commerce";0,0198078965507375;599;"capacite_remboursement";"tresorerie_actif";"incidents_paiement";5;0,0206378986866792
"E14137";2023;"Industrie";0,0386087166006168;580;"capacite_remboursement";"log_effectif";"autonomie_financiere";6;0,0261682242990654
"E14141";2023;"Commerce";0,00167770017052434;671;"log_effectif";"autonomie_financiere";"secteur";1;0,00282752120640905
"E14150";2023;"Hôtellerie-restauration";0,0340216723558567;583;"capacite_remboursement";"autonomie_financiere";"liquidite_generale";6;0,0261682242990654
"E14152";2023;"Services";0,0141470195392391;611;"capacite_remboursement";"autonomie_financiere";"log_effectif";4;0,0195503421309873
"E14155";2023;"Industrie";0,0095327286083878;622;"capacite_remboursement";"log_effectif";"liquidite_generale";3;0,0101195952161914
"E14157";2023;"Industrie";0,0075848396025317;629;"capacite_remboursement";"tresorerie_actif";"liquidite_generale";3;0,0101195952161914
"E14158";2023;"Transport";0,0109204402062613;618;"capacite_remboursement";"tresorerie_actif";"autonomie_financiere";3;0,0101195952161914
"E14164";2023;"BTP";0,187780870373548;528;"capacite_remboursement";"liquidite_generale";"autonomie_financiere";8;0,157088122605364
"E14166";2023;"Hôtellerie-restauration";0,177623734459061;531;"autonomie_financiere";"capacite_remboursement";"tresorerie_actif";8;0,157088122605364
"E14170";2023;"Services";0,00392264405672855;647;"capacite_remboursement";"autonomie_financiere";"tresorerie_actif";2;0,00561272217025257
"E14173";2023;"Services";0,0170180927684661;605;"autonomie_financiere";"capacite_remboursement";"tresorerie_actif";4;0,0195503421309873
"E14177";2023;"Industrie";0,0275453188810531;591;"capacite_remboursement";"tresorerie_actif";"liquidite_generale";6;0,0261682242990654
"E14178";2023;"Services";0,00545497639248626;638;"capacite_remboursement";"autonomie_financiere";"tresorerie_actif";2;0,00561272217025257
"E14179";2023;"Services";0,0106282396113674;618;"capacite_remboursement";"autonomie_financiere";"tresorerie_actif";3;0,0101195952161914
"E14185";2023;"Hôtellerie-restauration";0,0101588366830681;618;"capacite_remboursement";"autonomie_financiere";"tresorerie_actif";3;0,0101195952161914
"E14186";2023;"Services";0,00653315043313593;633;"capacite_remboursement";"autonomie_financiere";"liquidite_generale";2;0,00561272217025257
"E14192";2023;"Commerce";0,0316130934280414;585;"autonomie_financiere";"capacite_remboursement";"tresorerie_actif";6;0,0261682242990654
"E14193";2023;"Services";0,00337845770593998;652;"autonomie_financiere";"incidents_paiement";"tresorerie_actif";2;0,00561272217025257
"E14197";2023;"BTP";0,381120539715481;501;"autonomie_financiere";"capacite_remboursement";"liquidite_generale";8;0,157088122605364
"E14202";2023;"Commerce";0,0837515790979366;556;"capacite_remboursement";"liquidite_generale";"autonomie_financiere";8;0,157088122605364
"E14204";2023;"Transport";0,258282566472927;518;"autonomie_financiere";"capacite_remboursement";"liquidite_generale";8;0,157088122605364
"E14218";2023;"Services";0,0177174707480417;603;"capacite_remboursement";"autonomie_financiere";"incidents_paiement";5;0,0206378986866792
"E14219";2023;"Services";0,0161241903498664;607;"capacite_remboursement";"autonomie_financiere";"liquidite_generale";4;0,0195503421309873
"E14222";2023;"BTP";0,0999514485914922;550;"capacite_remboursement";"autonomie_financiere";"incidents_paiement";8;0,157088122605364
"E14226";2023;"BTP";0,0156369259746723;606;"tresorerie_actif";"capacite_remboursement";"liquidite_generale";4;0,0195503421309873
"E14229";2023;"Commerce";0,0231320489531855;595;"capacite_remboursement";"autonomie_financiere";"liquidite_generale";5;0,0206378986866792
"E14231";2023;"Commerce";0,00445069636789202;643;"capacite_remboursement";"autonomie_financiere";"tresorerie_actif";2;0,00561272217025257
"E14235";2023;"Industrie";0,0177635382342562;603;"capacite_remboursement";"autonomie_financiere";"tresorerie_actif";5;0,0206378986866792
"E14237";2023;"Services";0,114279795579913;548;"autonomie_financiere";"capacite_remboursement";"tresorerie_actif";8;0,157088122605364
"E14238";2023;"Commerce";0,0057746571494526;636;"capacite_remboursement";"autonomie_financiere";"tresorerie_actif";2;0,00561272217025257
"E14243";2023;"Commerce";0,0223114092662411;597;"capacite_remboursement";"liquidite_generale";"autonomie_financiere";5;0,0206378986866792
"E14245";2023;"Services";0,0162132945773379;607;"capacite_remboursement";"tresorerie_actif";"autonomie_financiere";4;0,0195503421309873
"E14249";2023;"Transport";0,00179770635440544;670;"capacite_remboursement";"tresorerie_actif";"delai_clients_jours";1;0,00282752120640905
"E14252";2023;"Services";0,0587915371633448;566;"liquidite_generale";"capacite_remboursement";"autonomie_financiere";7;0,0622489959839357
"E14253";2023;"Hôtellerie-restauration";0,102121508696232;549;"capacite_remboursement";"autonomie_financiere";"tresorerie_actif";8;0,157088122605364
"E14256";2023;"Services";0,00704833736887614;631;"capacite_remboursement";"tresorerie_actif";"autonomie_financiere";3;0,0101195952161914
"E14258";2023;"Industrie";0,0108618731266191;618;"liquidite_generale";"autonomie_financiere";"tresorerie_actif";3;0,0101195952161914
"E14260";2023;"BTP";0,034493399883193;584;"capacite_remboursement";"autonomie_financiere";"tresorerie_actif";6;0,0261682242990654
"E14264";2023;"Hôtellerie-restauration";0,0189457065072268;601;"capacite_remboursement";"autonomie_financiere";"liquidite_generale";5;0,0206378986866792
"E14265";2023;"Transport";0,0105336081017326;619;"capacite_remboursement";"autonomie_financiere";"liquidite_generale";3;0,0101195952161914
"E14290";2023;"Commerce";0,0159447930040582;607;"capacite_remboursement";"autonomie_financiere";"tresorerie_actif";4;0,0195503421309873
"E14291";2023;"Commerce";0,0026411397084577;658;"log_effectif";"incidents_paiement";"tresorerie_actif";1;0,00282752120640905
"E14304";2023;"Commerce";0,0686117783833125;563;"capacite_remboursement";"tresorerie_actif";"autonomie_financiere";7;0,0622489959839357
"E14309";2023;"Services";0,120485137449493;544;"autonomie_financiere";"liquidite_generale";"capacite_remboursement";8;0,157088122605364
"E14315";2023;"Industrie";0,0077216277232282;628;"capacite_remboursement";"tresorerie_actif";"log_effectif";3;0,0101195952161914
"E14318";2023;"BTP";0,00979064818300782;620;"capacite_remboursement";"autonomie_financiere";"liquidite_generale";3;0,0101195952161914
"E14326";2023;"Services";0,0603211705064061;566;"capacite_remboursement";"liquidite_generale";"autonomie_financiere";7;0,0622489959839357
"E14328";2023;"Commerce";0,297137827184311;513;"autonomie_financiere";"capacite_remboursement";"liquidite_generale";8;0,157088122605364
"E14331";2023;"Commerce";0,00875150730823887;624;"tresorerie_actif";"capacite_remboursement";"log_effectif";3;0,0101195952161914
"E14332";2023;"Transport";0,0997233728317368;549;"capacite_remboursement";"autonomie_financiere";"liquidite_generale";8;0,157088122605364
"E14336";2023;"Hôtellerie-restauration";0,0149439774121765;608;"capacite_remboursement";"autonomie_financiere";"tresorerie_actif";4;0,0195503421309873
"E14338";2023;"BTP";0,119963668820214;545;"autonomie_financiere";"liquidite_generale";"capacite_remboursement";8;0,157088122605364
"E14340";2023;"Hôtellerie-restauration";0,0117042995794601;615;"capacite_remboursement";"autonomie_financiere";"tresorerie_actif";4;0,0195503421309873
"E14347";2023;"Hôtellerie-restauration";0,00224972896905667;663;"autonomie_financiere";"capacite_remboursement";"tresorerie_actif";1;0,00282752120640905
"E14350";2023;"Industrie";0,0402326436851442;579;"liquidite_generale";"autonomie_financiere";"capacite_remboursement";6;0,0261682242990654
"E14352";2023;"Hôtellerie-restauration";0,206774216488994;525;"capacite_remboursement";"liquidite_generale";"autonomie_financiere";8;0,157088122605364
"E14360";2023;"Transport";0,0174649913061817;603;"autonomie_financiere";"capacite_remboursement";"tresorerie_actif";5;0,0206378986866792
"E14375";2023;"BTP";0,00701189580715163;629;"capacite_remboursement";"tresorerie_actif";"liquidite_generale";3;0,0101195952161914
"E14376";2023;"Services";0,00740584145964477;629;"autonomie_financiere";"capacite_remboursement";"tresorerie_actif";3;0,0101195952161914
"E14384";2023;"Industrie";0,0586675865967688;567;"capacite_remboursement";"tresorerie_actif";"autonomie_financiere";7;0,0622489959839357
"E14388";2023;"Industrie";0,00345552020409342;651;"capacite_remboursement";"tresorerie_actif";"autonomie_financiere";2;0,00561272217025257
"E14390";2023;"BTP";0,0495104336832186;573;"capacite_remboursement";"autonomie_financiere";"tresorerie_actif";7;0,0622489959839357
"E14392";2023;"Services";0,00783393243080025;627;"capacite_remboursement";"tresorerie_actif";"autonomie_financiere";3;0,0101195952161914
"E14393";2023;"Services";0,0162178918914333;606;"autonomie_financiere";"capacite_remboursement";"liquidite_generale";4;0,0195503421309873
"E14394";2023;"Transport";0,0195474500853905;600;"autonomie_financiere";"capacite_remboursement";"tresorerie_actif";5;0,0206378986866792
"E14397";2023;"Industrie";0,0592489996635095;569;"autonomie_financiere";"capacite_remboursement";"log_effectif";7;0,0622489959839357
"E14403";2023;"Commerce";0,00489858339832088;641;"capacite_remboursement";"autonomie_financiere";"tresorerie_actif";2;0,00561272217025257
"E14406";2023;"BTP";0,00648458208025377;633;"capacite_remboursement";"autonomie_financiere";"log_effectif";2;0,00561272217025257
"E14408";2023;"Commerce";0,0167656479062264;605;"capacite_remboursement";"autonomie_financiere";"liquidite_generale";4;0,0195503421309873
"E14424";2023;"BTP";0,0140378826786704;611;"capacite_remboursement";"autonomie_financiere";"tresorerie_actif";4;0,0195503421309873
"E14433";2023;"Industrie";0,0106244062612025;619;"capacite_remboursement";"autonomie_financiere";"liquidite_generale";3;0,0101195952161914
"E14441";2023;"BTP";0,226882102475611;523;"capacite_remboursement";"autonomie_financiere";"liquidite_generale";8;0,157088122605364
"E14447";2023;"Hôtellerie-restauration";0,414799989967465;497;"autonomie_financiere";"capacite_remboursement";"liquidite_generale";8;0,157088122605364
"E14449";2023;"Industrie";0,00358382356584366;650;"log_effectif";"capacite_remboursement";"tresorerie_actif";2;0,00561272217025257
"E14452";2023;"Industrie";0,0396032540508258;580;"capacite_remboursement";"autonomie_financiere";"liquidite_generale";6;0,0261682242990654
"E14466";2023;"Commerce";0,00970886575114766;620;"tresorerie_actif";"autonomie_financiere";"capacite_remboursement";3;0,0101195952161914
"E14470";2023;"Services";0,0126788437647003;614;"capacite_remboursement";"liquidite_generale";"log_effectif";4;0,0195503421309873
"E14475";2023;"Commerce";0,0460481246361364;575;"capacite_remboursement";"autonomie_financiere";"liquidite_generale";7;0,0622489959839357
"E14476";2023;"Commerce";0,00788854084440319;627;"capacite_remboursement";"liquidite_generale";"tresorerie_actif";3;0,0101195952161914
"E14487";2023;"BTP";0,0320039871868746;586;"capacite_remboursement";"autonomie_financiere";"tresorerie_actif";6;0,0261682242990654
"E14489";2023;"Services";0,000842481945517402;693;"log_effectif";"tresorerie_actif";"delai_clients_jours";1;0,00282752120640905
"E14496";2023;"Commerce";0,00462374634751273;642;"autonomie_financiere";"liquidite_generale";"log_effectif";2;0,00561272217025257
"E14505";2023;"Commerce";0,0800273750703337;558;"capacite_remboursement";"liquidite_generale";"autonomie_financiere";7;0,0622489959839357
"E14512";2023;"Services";0,00422862278484595;646;"capacite_remboursement";"tresorerie_actif";"log_effectif";2;0,00561272217025257
"E14514";2023;"Services";0,00629688272549065;634;"autonomie_financiere";"capacite_remboursement";"tresorerie_actif";2;0,00561272217025257
"E14518";2023;"Services";0,0126058821018955;613;"autonomie_financiere";"capacite_remboursement";"tresorerie_actif";4;0,0195503421309873
"E14522";2023;"Commerce";0,00246689250516263;661;"capacite_remboursement";"tresorerie_actif";"log_effectif";1;0,00282752120640905
"E14527";2023;"Commerce";0,0093199435235278;621;"autonomie_financiere";"capacite_remboursement";"incidents_paiement";3;0,0101195952161914
"E14533";2023;"Services";0,0234153003944856;595;"capacite_remboursement";"autonomie_financiere";"tresorerie_actif";5;0,0206378986866792
"E14549";2023;"Services";0,0282392176507707;590;"capacite_remboursement";"autonomie_financiere";"tresorerie_actif";6;0,0261682242990654
"E14552";2023;"Services";0,0388846471358022;581;"capacite_remboursement";"autonomie_financiere";"tresorerie_actif";6;0,0261682242990654
"E14559";2023;"Transport";0,00904093837880033;624;"capacite_remboursement";"tresorerie_actif";"log_effectif";3;0,0101195952161914
"E14563";2023;"Industrie";0,0105537486621177;619;"capacite_remboursement";"autonomie_financiere";"liquidite_generale";3;0,0101195952161914
"E14575";2023;"Hôtellerie-restauration";0,0875841212209958;555;"capacite_remboursement";"liquidite_generale";"autonomie_financiere";8;0,157088122605364
"E14579";2023;"Industrie";0,0094925280096301;622;"capacite_remboursement";"autonomie_financiere";"tresorerie_actif";3;0,0101195952161914
"E14589";2023;"BTP";0,350912891140743;504;"capacite_remboursement";"autonomie_financiere";"liquidite_generale";8;0,157088122605364
"E14592";2023;"Hôtellerie-restauration";0,0615747250494372;566;"capacite_remboursement";"autonomie_financiere";"tresorerie_actif";7;0,0622489959839357
"E14599";2023;"Industrie";0,035058302867094;583;"log_effectif";"autonomie_financiere";"liquidite_generale";6;0,0261682242990654
"E14630";2023;"BTP";0,00560274679241467;637;"capacite_remboursement";"liquidite_generale";"tresorerie_actif";2;0,00561272217025257
"E14635";2023;"BTP";0,0113426341715128;616;"capacite_remboursement";"log_effectif";"tresorerie_actif";4;0,0195503421309873
"E14643";2023;"Services";0,000660018515307778;700;"tresorerie_actif";"log_effectif";"delai_clients_jours";1;0,00282752120640905
"E14658";2023;"BTP";0,0296616482156967;587;"autonomie_financiere";"capacite_remboursement";"tresorerie_actif";6;0,0261682242990654
"E14665";2023;"Commerce";0,00391941837494297;647;"capacite_remboursement";"autonomie_financiere";"log_effectif";2;0,00561272217025257
"E14670";2023;"Industrie";0,0494656101020146;572;"capacite_remboursement";"liquidite_generale";"tresorerie_actif";7;0,0622489959839357
"E14675";2023;"Services";0,00824554299356791;625;"capacite_remboursement";"tresorerie_actif";"autonomie_financiere";3;0,0101195952161914
"E14681";2023;"Services";0,00690594807180714;631;"capacite_remboursement";"autonomie_financiere";"tresorerie_actif";3;0,0101195952161914
"E14685";2023;"Transport";0,0947046563366803;552;"liquidite_generale";"capacite_remboursement";"tresorerie_actif";8;0,157088122605364
"E14689";2023;"Industrie";0,0222262558703737;596;"capacite_remboursement";"tresorerie_actif";"liquidite_generale";5;0,0206378986866792
"E14690";2023;"Services";0,00346683608878212;650;"capacite_remboursement";"tresorerie_actif";"autonomie_financiere";2;0,00561272217025257
"E14694";2023;"BTP";0,230891905505162;522;"autonomie_financiere";"capacite_remboursement";"liquidite_generale";8;0,157088122605364
"E14696";2023;"Services";0,0216982251269324;597;"capacite_remboursement";"tresorerie_actif";"incidents_paiement";5;0,0206378986866792
"E14698";2023;"Commerce";0,0134528985598897;610;"autonomie_financiere";"capacite_remboursement";"tresorerie_actif";4;0,0195503421309873
"E14699";2023;"BTP";0,00129242626933536;680;"log_effectif";"tresorerie_actif";"secteur";1;0,00282752120640905
"E14704";2023;"BTP";0,102805702401082;550;"capacite_remboursement";"liquidite_generale";"autonomie_financiere";8;0,157088122605364
"E14706";2023;"Hôtellerie-restauration";0,00167164340495045;671;"log_effectif";"capacite_remboursement";"secteur";1;0,00282752120640905
"E14713";2023;"Commerce";0,0393978464911022;580;"capacite_remboursement";"autonomie_financiere";"tresorerie_actif";6;0,0261682242990654
"E14719";2023;"Industrie";0,0343473045946157;582;"log_effectif";"capacite_remboursement";"tresorerie_actif";6;0,0261682242990654
"E14721";2023;"Commerce";0,0996785290687791;551;"capacite_remboursement";"liquidite_generale";"tresorerie_actif";8;0,157088122605364
"E14726";2023;"Commerce";0,203696235813167;526;"capacite_remboursement";"liquidite_generale";"autonomie_financiere";8;0,157088122605364
"E14729";2023;"Commerce";0,0386016795053571;581;"capacite_remboursement";"autonomie_financiere";"tresorerie_actif";6;0,0261682242990654
"E14731";2023;"Services";0,0262313278055854;592;"capacite_remboursement";"autonomie_financiere";"tresorerie_actif";5;0,0206378986866792
"E14733";2023;"Commerce";0,0063818060731145;633;"capacite_remboursement";"autonomie_financiere";"tresorerie_actif";2;0,00561272217025257
"E14749";2023;"BTP";0,00404533511125516;646;"capacite_remboursement";"autonomie_financiere";"tresorerie_actif";2;0,00561272217025257
"E14751";2023;"BTP";0,0172570618040767;604;"capacite_remboursement";"autonomie_financiere";"liquidite_generale";5;0,0206378986866792
"E14758";2023;"Services";0,0286989221293761;589;"liquidite_generale";"autonomie_financiere";"capacite_remboursement";6;0,0261682242990654
"E14764";2023;"Commerce";0,0645984528864781;564;"capacite_remboursement";"autonomie_financiere";"log_effectif";7;0,0622489959839357
"E14765";2023;"Commerce";0,0159661004995004;606;"capacite_remboursement";"autonomie_financiere";"liquidite_generale";4;0,0195503421309873
"E14766";2023;"BTP";0,014298493913779;609;"capacite_remboursement";"autonomie_financiere";"liquidite_generale";4;0,0195503421309873
"E14777";2023;"Industrie";0,00221827474381548;664;"capacite_remboursement";"tresorerie_actif";"log_effectif";1;0,00282752120640905
"E14779";2023;"Services";0,000770883721859168;695;"log_effectif";"tresorerie_actif";"delai_clients_jours";1;0,00282752120640905
"E14780";2023;"Services";0,000911370547327976;690;"capacite_remboursement";"tresorerie_actif";"delai_clients_jours";1;0,00282752120640905
"E14787";2023;"Hôtellerie-restauration";0,0492550606471485;572;"capacite_remboursement";"liquidite_generale";"autonomie_financiere";7;0,0622489959839357
"E14788";2023;"Services";0,0107442855090809;618;"autonomie_financiere";"capacite_remboursement";"tresorerie_actif";3;0,0101195952161914
"E14794";2023;"Commerce";0,0213358838024718;597;"capacite_remboursement";"liquidite_generale";"autonomie_financiere";5;0,0206378986866792
"E14810";2023;"Services";0,116532921563154;546;"capacite_remboursement";"liquidite_generale";"autonomie_financiere";8;0,157088122605364
"E14814";2023;"Services";0,00143349722914916;676;"autonomie_financiere";"capacite_remboursement";"log_effectif";1;0,00282752120640905
"E14816";2023;"Commerce";0,0174778208037011;604;"capacite_remboursement";"tresorerie_actif";"autonomie_financiere";5;0,0206378986866792
"E14829";2023;"Industrie";0,0136941201679603;610;"log_effectif";"capacite_remboursement";"tresorerie_actif";4;0,0195503421309873
"E14831";2023;"Services";0,0152677720420272;609;"capacite_remboursement";"liquidite_generale";"log_effectif";4;0,0195503421309873
"E14832";2023;"BTP";0,122636058758406;542;"liquidite_generale";"capacite_remboursement";"autonomie_financiere";8;0,157088122605364
"E14836";2023;"BTP";0,00287973889855545;656;"capacite_remboursement";"log_effectif";"tresorerie_actif";1;0,00282752120640905
"E14842";2023;"BTP";0,0798021977552547;558;"capacite_remboursement";"autonomie_financiere";"liquidite_generale";7;0,0622489959839357
"E14843";2023;"BTP";0,00485736810392445;640;"liquidite_generale";"autonomie_financiere";"tresorerie_actif";2;0,00561272217025257
"E14845";2023;"BTP";0,0138511827109211;611;"capacite_remboursement";"tresorerie_actif";"autonomie_financiere";4;0,0195503421309873
"E14856";2023;"Industrie";0,00725101044364158;629;"capacite_remboursement";"autonomie_financiere";"tresorerie_actif";3;0,0101195952161914
"E14860";2023;"Commerce";0,0024024225337636;661;"tresorerie_actif";"autonomie_financiere";"secteur";1;0,00282752120640905
"E14864";2023;"Industrie";0,0560744231992707;570;"capacite_remboursement";"tresorerie_actif";"liquidite_generale";7;0,0622489959839357
"E14865";2023;"Transport";0,0235787725855787;595;"capacite_remboursement";"autonomie_financiere";"tresorerie_actif";5;0,0206378986866792
"E14873";2023;"Services";0,0386931780566697;580;"capacite_remboursement";"autonomie_financiere";"incidents_paiement";6;0,0261682242990654
"E14875";2023;"Commerce";0,0974370872722788;552;"capacite_remboursement";"liquidite_generale";"autonomie_financiere";8;0,157088122605364
"E14877";2023;"Services";0,0111349599077827;617;"autonomie_financiere";"capacite_remboursement";"liquidite_generale";4;0,0195503421309873
"E14888";2023;"Industrie";0,0139314519702847;611;"autonomie_financiere";"capacite_remboursement";"tresorerie_actif";4;0,0195503421309873
"E14894";2023;"Commerce";0,122032219790073;543;"capacite_remboursement";"autonomie_financiere";"tresorerie_actif";8;0,157088122605364
"E14896";2023;"Services";0,117348751616648;546;"capacite_remboursement";"autonomie_financiere";"liquidite_generale";8;0,157088122605364
"E14905";2023;"Industrie";0,0948645721340534;553;"capacite_remboursement";"liquidite_generale";"autonomie_financiere";8;0,157088122605364
"E14915";2023;"Services";0,0144498502556406;609;"autonomie_financiere";"capacite_remboursement";"incidents_paiement";4;0,0195503421309873
"E14917";2023;"BTP";0,0267562777788726;590;"capacite_remboursement";"autonomie_financiere";"liquidite_generale";6;0,0261682242990654
"E14932";2023;"Transport";0,459242995595203;492;"autonomie_financiere";"capacite_remboursement";"liquidite_generale";8;0,157088122605364
"E14933";2023;"Hôtellerie-restauration";0,00990591131829263;619;"capacite_remboursement";"log_effectif";"tresorerie_actif";3;0,0101195952161914
"E14939";2023;"Commerce";0,00523239497209066;639;"capacite_remboursement";"tresorerie_actif";"log_effectif";2;0,00561272217025257
"E14946";2023;"BTP";0,0130645786826889;611;"capacite_remboursement";"tresorerie_actif";"incidents_paiement";4;0,0195503421309873
"E14947";2023;"Services";0,0330978272181803;584;"capacite_remboursement";"tresorerie_actif";"incidents_paiement";6;0,0261682242990654
"E14953";2023;"Transport";0,0071052032719803;630;"capacite_remboursement";"autonomie_financiere";"log_effectif";3;0,0101195952161914
"E14955";2023;"BTP";0,0645817075778483;564;"liquidite_generale";"autonomie_financiere";"capacite_remboursement";7;0,0622489959839357
"E14969";2023;"Industrie";0,00608274489867384;635;"capacite_remboursement";"tresorerie_actif";"autonomie_financiere";2;0,00561272217025257
